text_combined,label
hpl nom may 25 2001 see attached file hplno 525 xls hplno 525 xls,0
nom actual vols 24 th forwarded sabrae zajac hou ect 05 30 2001 12 07 pm enron capital trade resources corp eileen ponton 05 29 2001 08 37 davilal txu com cstonel txu com mjones 7 txu com hpl scheduling enron com liz bellamy enron com szajac enron com cc subject nom actual vols 24 th agree nomination 33 750 forwarded eileen ponton houston pefs pec 05 29 01 08 36 charlie stone eileen ponton melissa jones com hpl scheduling enron com liz bellamy enron com szajac enron com 05 25 01 subject nom actual vols 24 th 04 23 pm agree nominated volume records reflect following nom schedule 30 rate eff 0900 hrs hour beginning 1400 hrs 6 250 60 rate eff 1400 hrs hour beginning 1700 hrs 7 500 30 rate eff 1700 hrs hour beginning 0900 hrs 20 000 total nominated 33 750 please review source data let us know agree thanks ccs eileen ponton 05 25 2001 04 06 50 pm david avila lsp enserch us tu charlie stone energy txu tu melissa jones energy txu tu hpl scheduling enron com liz bellamy enron com szajac enron com cc subject nom actual vols 24 th nom mcf mmbtu 27 500 33 109 34 003,0
enron actuals march 30 april 1 201 estimated actuals march 30 2001 flow march 31 2001 flow april 1 2001 teco tap 35 000 receive actuals duke forward,0
hpl nom may 30 2001 see attached file hplno 530 xls hplno 530 xls,0
hpl nom june 1 2001 see attached file hplno 601 xls hplno 601 xls,0
hpl nom may 31 2001 see attached file hplno 531 xls hplno 531 xls,0
9760 tried get fancy address came back forwarded lauri allen hol aepin 10 25 2001 01 11 pm daren farmer enron com cc subject 9760 daren rate meter 9760 highlander central point 1 year starting 12 1 01 delivered equistar channelview 1373 07 mm price expires 1 week november 1 2001 let know need refresh time thanks,0
hpl noms february 15 2000 see attached file hplo 215 xls hplo 215 xls,0
fw pooling contract template original message christinehauk txu com mailto christinehauk txu com sent monday november 26 2001 9 45 buss jd subject pooling contract template see attached file line x pool contract doc,0
hpl nom march 28 2000 see attached file hplo 328 xls hplo 328 xls,0
fw txu lone star pipeline standard pooling agreement original message jeffsmirin txu com mailto jeffsmirin txu com sent monday november 26 2001 11 31 buss jd subject txu lone star pipeline standard pooling agreement standard pooling agreement noticed last two pages file actually cover sheet index actually front document see attached file standard pooling agreement doc,0
enron hpl nom december 1 2000 see attached file hplnl 201 xls hplnl 201 xls,0
hpl nom may 26 29 2001 see attached file hplno 526 xls hplno 526 xls,0
enron hpl actuals november 13 2000 teco tap 120 000 hpl gas daily ls hpl lsk ic 30 000 enron,0
txu noms 10 14 16 00 attached please find txu nominations weekend october 14 16 2000 scheduled flows see attached file hplnl 014 xls hplnl 014 xls,0
hpl nom april 2001 see attached file hplno 410 xls hplno 410 xls,0
spoke person confirms pg e side said brian agrees tufco ena numbers march also days 1 5 taken iferc 160 000 enron 110 625 gd 0 agree ami,0
noms actual vols 3 26 01 eileen gas control records indicate following rate changes march 26 2001 flow 20 000 rate 0900 1400 5 hrs 40 000 rate 1400 0100 11 hrs nom day 22 500 mmbtu please call see agree total nom reached 214 812 4404 eileen ponton 03 27 2001 09 39 00 david avila lsp enserch us tu charlie stone texas utilities tu melissa jones texas utilities tu hpl scheduling enron com liz bellamy enron com cc subject noms actual vols 3 26 01 nom mcf mmbtu 24 167 21 820 22 409 btu 1 027 note changes flow rates 3 23 thru 3 25,0
noms actual vols 3 26 01 eileen gas control records indicate following rate changes march 26 2001 flow 20 000 rate 0900 1400 5 hrs 40 000 rate 1400 0100 11 hrs nom day 22 500 mmbtu please call see agree total nom reached 214 812 4404 eileen ponton 03 27 2001 09 39 00 david avila lsp enserch us tu charlie stone texas utilities tu melissa jones texas utilities tu hpl scheduling enron com liz bellamy enron com cc subject noms actual vols 3 26 01 nom mcf mmbtu 24 167 21 820 22 409 btu 1 027 note changes flow rates 3 23 thru 3 25,0
hpl nom march 27 2001 see attached file hplno 327 xls hplno 327 xls,0
estimated actuals april 5 2001 estimated actuals teco tap 24 917 receive actuals duke forward,0
nom alloc june 6 th agree eileen ponton 06 07 2001 10 21 35 david avila lsp enserch us tu charlie stone energy txu tu melissa jones energy txu tu teacton aep com szajac aep com cc subject nom alloc june 6 th nom mcf mmbtu 0 0 0,0
enron hpl actuals march 28 2001 estimated actual march 28 2001 teco tap 20 000 receive numbers duke forward true actual numbers,0
enron hpl actuals march 28 2001 estimated actual march 28 2001 teco tap 20 000 receive numbers duke forward true actual numbers,0
hpl nom march 30 2001 see attached file hplno 330 xls hplno 330 xls,0
hpl nominations march 31 2001 april 1 2 2001 see attached file hplno 401 xls see attached file hplno 331 xls hplno 401 xls hplno 331 xls,0
txu contract search anthony daren farmer texas desk called today looking active contract ena txu gas distribution formerly txu lone star gas dated 11 1 97 queried global contracts cp find anything active please research txu entities see find physical contract ena date please call daren x 36905 questions thanks stacey barclay richardson enron net works llc global contracts stacey richardson enron com 713 853 0569 office 713 646 2495 fax 713 710 6084 pager,0
nom vols 3 24 thru 3 26 01 agree eileen ponton 03 26 2001 11 50 15 david avila lsp enserch us tu charlie stone texas utilities tu melissa jones texas utilities tu hpl scheduling enron com liz bellamy enron com cc subject nom vols 3 24 thru 3 26 01 problems loading tufco volumes pg e system following estimates actuals follow tomorrow date nom mcf mmbtu 3 23 0 0 0 3 24 0 0 0 3 25 5000 4094 4205,0
nom vols 3 24 thru 3 26 01 agree eileen ponton 03 26 2001 11 50 15 david avila lsp enserch us tu charlie stone texas utilities tu melissa jones texas utilities tu hpl scheduling enron com liz bellamy enron com cc subject nom vols 3 24 thru 3 26 01 problems loading tufco volumes pg e system following estimates actuals follow tomorrow date nom mcf mmbtu 3 23 0 0 0 3 24 0 0 0 3 25 5000 4094 4205,0
hpl nom march 28 2001 see attached file hplno 328 xls hplno 328 xls,0
noms actual vols 3 28 01 agree eileen ponton 03 29 2001 01 06 03 pm david avila lsp enserch us tu charlie stone texas utilities tu melissa jones texas utilities tu hpl scheduling enron com liz bellamy enron com cc subject noms actual vols 3 28 01 nom mcf mmbtu 20 000 19 907 20 444 btu 1 027,0
noms actual vols 3 28 01 agree eileen ponton 03 29 2001 01 06 03 pm david avila lsp enserch us tu charlie stone texas utilities tu melissa jones texas utilities tu hpl scheduling enron com liz bellamy enron com cc subject noms actual vols 3 28 01 nom mcf mmbtu 20 000 19 907 20 444 btu 1 027,0
tufco deal 108058 let look get back asap hakeem ogunbunmi volume management enron net works 713 853 1801 hakeem ogunbunmi enron com original message farmer daren j sent thursday august 16 2001 1 43 pm ogunbunmi hakeem subject fw tufco deal 108058 hakeem determined volume flow tufco 4 30 01 original message majorwitz buddy sent wednesday august 15 2001 1 43 pm farmer daren j cc ogunbunmi hakeem baxter bryce schumack sherlyn subject fw tufco deal 108058 darin since volume ena deal pgev epgt texas pipeline ena volume management contact hakeem ogunbunmi number x 31801 cc note fyi ena volume management assumed volume duties associated texas deals specifically houston pipe line houston pipe line still contact questions please let know buddy x 31933 original message baxter bryce sent tuesday august 14 2001 5 25 pm majorwitz buddy cc farmer daren j subject tufco deal 108058 buddy daren farmer called said 4 30 2001 hpl deal 108058 around 20 000 mmbtu scheduled actualized actualized 0 thinks incorrect check get back daren office tomorrow please get back directly thanks,0
hpl nom march 29 2001 see attached file hplno 329 xls hplno 329 xls,0
hpl nom april 3 2001 see attached file hplno 403 xls hplno 403 xls,0
noms actual flow 3 29 01 agree nomination eileen ponton 03 30 2001 10 05 40 david avila lsp enserch us tu charlie stone texas utilities tu melissa jones texas utilities tu hpl scheduling enron com liz bellamy enron com cc subject noms actual flow 3 29 01 nom mcf mmbtu 24 583 24 999 25 674 btu 1 027,0
noms actual flow 3 29 01 agree nomination eileen ponton 03 30 2001 10 05 40 david avila lsp enserch us tu charlie stone texas utilities tu melissa jones texas utilities tu hpl scheduling enron com liz bellamy enron com cc subject noms actual flow 3 29 01 nom mcf mmbtu 24 583 24 999 25 674 btu 1 027,0
fw txu fuel deals imbalances daren deals listed related tufco imbalances let know objections entering deals neal 3 9686 original message griffin rebecca sent thursday june 28 2001 9 58 winfree neal subject txu fuel deals voice mail said could add deals following date 1 31 1 31 location pgev tufco 4300101 volume 1 357 mmbtu price 3 94 entered purchase enron buyer date 4 30 4 30 location pgev tufco 4300101 volume 8 726 mmbtu price 3 94 entered sale enron seller date 5 31 5 31 location pgev tufco 4300101 volume 9 912 mmbtu price 3 94 entered purchase enron buyer related txu fuel wagner brown contract please let know questions thanks rebecca 713 571 3189,0
noms actual flow 3 22 01 agree nomination eileen ponton 03 23 2001 09 56 45 david avila lsp enserch us tu charlie stone texas utilities tu melissa jones texas utilities tu hpl scheduling enron com liz bellamy enron com cc subject noms actual flow 3 22 01 nom mcf mmbtu 38 334 36 871 37 867 btu 1 027,0
noms actual flow 3 22 01 agree nomination eileen ponton 03 23 2001 09 56 45 david avila lsp enserch us tu charlie stone texas utilities tu melissa jones texas utilities tu hpl scheduling enron com liz bellamy enron com cc subject noms actual flow 3 22 01 nom mcf mmbtu 38 334 36 871 37 867 btu 1 027,0
inter intra gisb enron north america forwarded contract forms may 25 review need resend keith ford txu fuel company contract administration supervisor forwarded keith ford bizsrv txu 06 19 2001 11 04 lynn handlin 06 18 2001 10 19 dfarmer enron com keith ford bizsrv txu tu cc subject inter intra gisb enron north america please forward inter intra gisb asap enron north america whatever name want use new contracts darren please note take changes gisb keith forwarding darren email dfarmer enron com thanks help let know number soon possibe update records,0
txu fuel company enter contract txu require ena warrant gas sold intrastate gas obvious reasons possible please give call wish discuss dp debra perlingiere enron north america legal 1400 smith street eb 3885 houston texas 77002 dperlin enron 713 853 7658 713 646 3490 fax,0
noms actual flow 3 21 01 agree nomination ccs eileen ponton 03 22 2001 03 30 54 pm david avila lsp enserch us tu charlie stone texas utilities tu melissa jones texas utilities tu hpl scheduling enron com liz bellamy enron com cc subject noms actual flow 3 21 01 nom mcf mmbtu 60 000 53 223 54 660 btu 1 027,0
noms actual flow 3 21 01 agree nomination ccs eileen ponton 03 22 2001 03 30 54 pm david avila lsp enserch us tu charlie stone texas utilities tu melissa jones texas utilities tu hpl scheduling enron com liz bellamy enron com cc subject noms actual flow 3 21 01 nom mcf mmbtu 60 000 53 223 54 660 btu 1 027,0
gisb contracts intrastate interstate gas mr farmer forwarded request comments debra perlingiere legal specialist x 3 7658 stacey dickson sr counsel x 3 5705 handle negotiations new master agreements please let know may assistance thank anthony campos enron corp _ global contracts 713 853 7911 office 713 646 2495 fax 713 709 0373 pager anthony campos enron com original message farmer daren j sent wednesday july 11 2001 12 41 pm campos anthony subject fw gisb contracts intrastate interstate gas anthony please contact keith ford txu fuel give info needs prepare contract ena tax id payment info etc need effective june 1 2001 correct person handle please forward appropriate person thanks original message keith ford enron mailto imceanotes 22 keith 20 ford 22 20 3 ckfordl 40 txu 2 ecom 3 e 40 enron enron com sent friday may 25 2001 2 01 pm dfarmer enron com subject gisb contracts intrastate interstate gas request lynn handlin please find attached copy following gisb contract form special provisions intrastate gas special provision interstate gas please review interested putting contracts place forward required information first page gisb contract form contracts prepared forwarded execution please keep mind txu fuel company intrastate pipeline purchase interstate gas certain limited conditions conditions covered item number 8 special provisions thanks keith ford txu fuel company contract administration supervisor see attached file gisb form final doc see attached file gisb spec prov intra final doc see attached file gisb spec prov inter final doc gisb form final doc gisb spec prov intra final doc gisb spec prov inter final doc,0
noms 6 20 thru 6 24 01 agree volumes thank eileen ponton 06 26 2001 09 10 12 david avila lsp enserch us tu charlie stone energy txu tu melissa jones energy txu tu teacton aep com slzajac aep com hplscheduling aep com gkbrazaitis aep com cc subject noms 6 20 thru 6 24 01 date nom 6 20 01 45 000 6 21 01 37 500 6 22 01 42 500 6 23 01 0 6 24 01 15 834 gas control supervisor working morning getting accurate volumes hopefully able e mail afternoon,0
noms actuals june 11 th 12 th agree eileen ponton 06 13 2001 02 54 04 pm david avila lsp enserch us tu charlie stone energy txu tu melissa jones energy txu tu teacton aep com slzajac aep com cc jerry k yager subject noms actuals june 11 th 12 th date nom mcf mmbtu 6 11 01 60 000 89 662 92 083 6 12 01 53 750 83 642 85 900 jerry please double check flow volumes 11 th 12 th due large difference nominations flow volumes,0
noms actual flow 03 20 01 agree nominations eileen ponton 03 21 2001 11 08 26 david avila lsp enserch us tu charlie stone texas utilities tu melissa jones texas utilities tu hpl scheduling enron com liz bellamy enron com cc subject noms actual flow 03 20 01 nom mcf mmbtu 50 000 46 771 48 034 btu 1 027,0
noms actual flow 03 20 01 agree nominations eileen ponton 03 21 2001 11 08 26 david avila lsp enserch us tu charlie stone texas utilities tu melissa jones texas utilities tu hpl scheduling enron com liz bellamy enron com cc subject noms actual flow 03 20 01 nom mcf mmbtu 50 000 46 771 48 034 btu 1 027,0
hpl nom march 24 26 2001 see attached file hplno 324 xls hplno 324 xls,0
hpl nom march 22 2001 see attached file hplno 322 xls hplno 322 xls,0
txu fuels sds nomination april 2001 attached april 2001 nomination takes gas sales purchase contract txu fuel company previously tufco sds please advise questions concerning attached thanks ccs see attached file sdsnom xls sdsnom xls,0
hpl nom march 22 2001 see attached file hplno 323 xls hplno 323 xls,0
txu fuel deal 789355 please verify price txu fuel deal 789355 5 17 sitara currently shows 4 40 txu called show 4 37 day please let know questions thanks rebecca,0
enron hpl actuals december 11 2000 teco tap 30 000 enron 120 000 hpl gas daily ls hpl lsk ic 30 000 enron,0
enron hpl actuals december 6 2000 teco tap 29 167 hpl iferc ls hpl lsk ic 40 000 enron,0
hpl nom march 21 2001 see attached file hplno 321 xls hplno 321 xls,0
hpl nom march 17 2001 see attached file hplno 317 xls hplno 317 xls,0
enron hpl actuals december 7 2000 teco tap 10 000 enron 15 208 hpl iferc 50 625 hpl gas daily ls hpl lsk ic 30 000 enron,0
hpl noms dec 8 2000 see attached file hplnl 208 xls hplnl 208 xls,0
enron hpl actuals december 12 2000 teco tap 103 125 hpl gas daily ls hpl lsk ic 30 000 enron,0
hpl nom december 12 2000 see attached file hplnl 212 xls hplnl 212 xls,0
hpl nom dec 14 2000 see attached file hplnl 214 xls hplnl 214 xls,0
enron hpl actuals december 8 10 2000 december 8 2000 teco tap 120 000 hpl gas daily 29 583 enron ls hpl lsk ic 20 000 enron december 9 2000 teco tap 120 000 hpl gas daily 30 000 enron december 10 2000 teco tap 30 000 enron 120 000 hpl gas daily,0
noms actual flow 3 19 01 agree eileen ponton 03 20 2001 10 05 59 david avila lsp enserch us tu charlie stone texas utilities tu melissa jones texas utilities tu hpl scheduling enron com liz bellamy enron com cc subject noms actual flow 3 19 01 date nom mcf mmbtu 3 19 01 60 000 59 944 61 562 btu 1 027,0
noms actual flow 3 19 01 agree eileen ponton 03 20 2001 10 05 59 david avila lsp enserch us tu charlie stone texas utilities tu melissa jones texas utilities tu hpl scheduling enron com liz bellamy enron com cc subject noms actual flow 3 19 01 date nom mcf mmbtu 3 19 01 60 000 59 944 61 562 btu 1 027,0
noms actual flow 03 15 agree eileen ponton 03 16 2001 10 11 53 david avila lsp enserch us tu charlie stone texas utilities tu melissa jones texas utilities tu hpl scheduling enron com liz bellamy enron com cc subject noms actual flow 03 15 date nom flow mcf flow mmbtu 3 15 60 000 59 386 60 989 btu 1 027,0
noms actual flow 03 15 agree eileen ponton 03 16 2001 10 11 53 david avila lsp enserch us tu charlie stone texas utilities tu melissa jones texas utilities tu hpl scheduling enron com liz bellamy enron com cc subject noms actual flow 03 15 date nom flow mcf flow mmbtu 3 15 60 000 59 386 60 989 btu 1 027,0
hpl nom december 9 2000 see attached file hplnl 209 xls hplnl 209 xls,0
hpl nom april 7 2001 see attached file hplno 407 xls hplno 407 xls,0
enron actuals december 5 2000 teco tap 110 000 hpl iferc 12 500 enron ls hpl lsk ic 40 000 enron,0
hpl nom december 13 2000 see attached file hplnl 213 xls hplnl 213 xls,0
hpl nom march 16 2001 see attached file hplno 316 xls hplno 316 xls,0
noms actual flow 3 19 01 agree nom 3 19 01 forwarded david avila lsp enserch us 03 20 2001 01 24 pm eileen ponton 03 20 2001 10 05 59 david avila lsp enserch us tu charlie stone texas utilities tu melissa jones texas utilities tu hpl scheduling enron com liz bellamy enron com cc subject noms actual flow 3 19 01 date nom mcf mmbtu 3 19 01 60 000 59 944 61 562 btu 1 027,0
noms actual flow 3 19 01 agree nom 3 19 01 forwarded david avila lsp enserch us 03 20 2001 01 24 pm eileen ponton 03 20 2001 10 05 59 david avila lsp enserch us tu charlie stone texas utilities tu melissa jones texas utilities tu hpl scheduling enron com liz bellamy enron com cc subject noms actual flow 3 19 01 date nom mcf mmbtu 3 19 01 60 000 59 944 61 562 btu 1 027,0
enron hpl actuals november 27 2000 teco tap 20 000 enron 100 000 hpl gas daily,0
noms actual flow 03 14 agree eileen ponton 03 15 2001 09 47 26 david avila lsp enserch us tu charlie stone texas utilities tu melissa jones texas utilities tu hpl scheduling enron com liz bellamy enron com cc subject noms actual flow 03 14 date nom flow mcf flow mmbtu 3 14 23 750 23 112 23 736 btu 1 027,0
noms actual flow 03 14 agree eileen ponton 03 15 2001 09 47 26 david avila lsp enserch us tu charlie stone texas utilities tu melissa jones texas utilities tu hpl scheduling enron com liz bellamy enron com cc subject noms actual flow 03 14 date nom flow mcf flow mmbtu 3 14 23 750 23 112 23 736 btu 1 027,0
enron hpl actuals november 22 26 2000 november 22 2000 teco tap 30 000 enron 76 250 hpl gas daily november 23 2000 teco tap 0 november 24 2000 teco tap 30 000 enron 63 750 hpl gas daily november 25 2000 teco tap 30 000 enron 76 250 hpl gas daily november 26 2000 teco tap 30 000 enron 95 000 hpl gas daily,0
enron hpl actuals november 30 2000 teco tap 115 833 hpl gas daily,0
hpl nom november 23 2000 see attached file hplnl 123 xls hplnl 123 xls,0
txu fuel nom 12 07 00 see attached file hplnl 207 xls hplnl 207 xls,0
txu nom 11 29 00 see attached file hplnl 129 xls hplnl 129 xls,0
noms actual flow 03 13 agree eileen ponton 03 14 2001 12 32 16 pm david avila lsp enserch us tu charlie stone texas utilities tu melissa jones texas utilities tu hpl scheduling enron com liz bellamy enron com cc subject noms actual flow 03 13 date nom flow mcf flow mmbtu 3 13 7 500 7 666 7 873 btu 1 027,0
noms actual flow 03 13 agree eileen ponton 03 14 2001 12 32 16 pm david avila lsp enserch us tu charlie stone texas utilities tu melissa jones texas utilities tu hpl scheduling enron com liz bellamy enron com cc subject noms actual flow 03 13 date nom flow mcf flow mmbtu 3 13 7 500 7 666 7 873 btu 1 027,0
enron hpl actuals nov 28 2000 teco tap 30 000 enron 120 000 hpl gas daily,0
enron hpl actuals december 1 3 2000 december 1 2000 teco tap 35 000 enron 105 625 hpl iferc december 2 2000 teco tap 30 000 enron 120 000 hpl iferc december 3 2000 teco tap 30 000 enron 120 000 hpl iferc,0
enron hpl actuals december 4 2000 teco tap 30 000 enron 120 000 hpl iferc,0
revision 1 hpl nominations nov 27 2000 nov 28 2000 see attached file hplnl 123 xls see attached file hplnl 128 xls hplnl 123 xls hplnl 128 xls,0
txu fuels sds nomination december 2000 attached december 2000 nomination takes gas sales purchase contract txu fuel previously tufco hpl resources co txu fuel contr 3949 well december 2000 nomination takes gas sales purchase contract txu fuel sds please advise questions concerning attached thanks ccs see attached file minhplno 0 xls see attached file sdsnom xls minhplno 0 xls sdsnom xls,0
hpl noms nov 30 2000 see attached file hplnl 130 xls hplnl 130 xls,0
enron hpl actuals november 29 2000 teco tap 18 208 enron 20 125 hpl gas daily,0
hpl nom december 5 2000 see attached file hplnl 205 xls hplnl 205 xls,0
hpl nom november 28 2000 see attached file hplnl 128 xls hplnl 128 xls,0
actuals december 1 3 2000 numbers late afternoon david office today charlie called emergency meeting sorry inconvenience,0
hpl nom december 2 2000 see attached file hplnl 202 xls hplnl 202 xls,0
txu fuels sds nomination december 2000 attached december 2000 nomination takes gas sales purchase contract txu fuel previously tufco sds please advise questions concerning attached thanks ccs see attached file sdsnom xls sdsnom xls,0
hpl nom december 6 2000 see attached file hplnl 206 xls hplnl 206 xls,0
enron hpl actuals november 21 2000 teco tap 30 000 enron 50 000 hpl gas daily,0
txu noms 3 14 01 see attached file hplno 314 xls hplno 314 xls,0
enron hpl actuals november 10 12 2000 november 10 2000 teco tap 40 000 enron 66 667 hpl iferc november 11 2000 teco tap 40 000 enron 104 583 hpl iferc november 12 2000 teco tap 40 000 enron 110 000 hpl iferc,0
enron hpl actuals november 20 2000 teco tap 30 000 enron 68 542 hpl gas daily,0
day change revision 2 txu fuel trans k 501 november 15 2000 see attached file hplnl 115 xls hplnl 115 xls,0
revison 1 enron hpl actuals november 10 12 2000 november 10 2000 teco tap 40 000 enron 26 042 hpl iferc 40 625 hpl gas daily november 11 2000 teco tap 40 000 enron 104 583 hpl gas daily november 12 2000 teco tap 40 000 enron 110 000 hpl gas daily forwarded melissa jones texas utilities 11 13 2000 10 44 melissa jones 11 13 2000 10 01 charlie stone texas utilities tu gary green texas utilities tu daren j farmer enron com gary hanks enron com carlos j rodriguez enron com earl tisdale enron com david avila lsp enserch us tu liz bellamy enron com cc subject enron hpl actuals november 10 12 2000 november 10 2000 teco tap 40 000 enron 66 667 hpl iferc november 11 2000 teco tap 40 000 enron 104 583 hpl iferc november 12 2000 teco tap 40 000 enron 110 000 hpl iferc,0
day change revision 1 txu fuel trans k 501 november 17 2000 see attached file hplnl 117 xls hplnl 117 xls,0
enron hpl nom november 18 2000 see attached file hplnl 118 xls hplnl 118 xls,0
enron hpl actuals november 16 2000 teco tap 40 000 enron 30 833 hpl gas daily,0
enron hpl actuals november 17 19 2000 november 17 20000 teco tap 30 000 enron 33 750 hpl gas daily november 18 2000 teco tap 30 000 enron 120 000 hpl gas daily november 19 2000 teco tap 23 125 enron,0
enron hpl actuals november 15 2000 teco tap 30 000 enron 44 167 hpl gas daily,0
enron hpl noms november 16 2000 see attached file hplnl 116 xls hplnl 116 xls,0
hpl nom march 15 2001 see attached file hplno 315 xls hplno 315 xls,0
hpl nom november 21 2000 see attached file hplnl 121 xls hplnl 121 xls,0
enron hpl actuals november 14 2000 teco tap 87 500 hpl gas daily ls hpl lsk ic 7 500 enron,0
enron hpl nom november 22 2000 see attached file hplnl 122 xls hplnl 122 xls,0
enron hpl actuals november 10 12 2000 sending revisions weekend melissa jones 11 13 2000 10 01 32 charlie stone gary green daren j farmer enron com gary hanks enron com carlos j rodriguez enron com earl tisdale enron com david avila liz bellamy enron com cc subject enron hpl actuals november 10 12 2000 november 10 2000 teco tap 40 000 enron 66 667 hpl iferc november 11 2000 teco tap 40 000 enron 104 583 hpl iferc november 12 2000 teco tap 40 000 enron 110 000 hpl iferc,0
hpl nom november 14 2000 see attached file hplnl 114 xls hplnl 114 xls,0
txu noms 11 18 20 00 sure whether melissa lotus notes sending data properly already received copy attached nomination please disregard copy thanks ccs see attached file hplnl 118 xls hplnl 118 xls,0
hpl nom november 10 2000 see attached file hplnl 110 xls hplnl 110 xls,0
revisions enron hpl actuals nov 1 5 2000 volumes hpl gas daily time nov 1 2000 teco tap 30 000 enron 70 000 hpl iferc nov 2 2000 teco tap 30 000 enron 45 000 hpl iferc nov 3 2000 teco tap 30 000 enron 114 583 hpl iferc nov 4 2000 teco tap 19 167 enron 120 000 hpl iferc ls hpl lsk c 30 000 enron nov 5 2000 teco tap 85 000 hpl iferc ls hpl lsk c 30 000 enron,0
revison 1 hpl noms november 4 6 2000 see attached file hplnl 104 xls hplnl 104 xls,0
enron hpl actuals october 31 2000 teco tap 20 000 enron 80 000 hpl gas daily,0
day change hpl nom november 11 2000 see attached file hplnl 111 xls hplnl 111 xls,0
enron hpl actuals november 2 2000 teco tap 30 000 enron 45 000 hpl gas daily,0
enron hpl actuals november 1 2000 teco tap 30 000 enron 70 000 hpl gas daily,0
enron hpl actuals november 3 5 2000 november 3 2000 teco tap 30 000 enron 114 583 hpl gas daily november 4 200 teco tap 139 167 hpl gas daily ls hpl lsk ic 30 000 enron november 5 2000 teco tap 85 000 hpl gas daily ls hpl lsk ic 30 000 enron,0
enron hpl actuals nov 7 2000 november 7 2000 teco tap 30 000 enron 71 250 hpl iferc,0
enron hpl actuals november 9 2000 teco tap 40 000 enron 45 000 hpl iferc,0
enron nominations november 8 2000 see attached file hplnl 108 xls hplnl 108 xls,0
enron nom november 7 2000 see attached file hplnl 107 xls hplnl 107 xls,0
enron hpl actuals nov 6 2000 november 6 2000 teco tap 30 000 enron 120 000 hpl iferc,0
hpl nom march 13 2001 see attached file hplno 313 xls hplno 313 xls,0
enron hpl actuals november 8 2000 teco tap 40 000 enron 53 125 hpl iferc,0
revision 1 hpl noms november 3 2000 see attached file hplnl 103 xls hplnl 103 xls,0
enron hpl nom november 9 2000 see attached file hplnl 109 xls hplnl 109 xls,0
revision 1 hpl nom october 31 2000 see attached file hplnl 031 xls hplnl 031 xls,0
txu deal 108672 could add meter pge ls 491 754 txu fuel deal 108672 may 12 2000 sitara txu received 2 000 mmbtu day part gas daily contract however volume pathed wagner brown contract due meter please let know questions thanks rebecca,0
enron hpl actuals october 30 2000 october 30 2000 teco tap 50 000 enron 50 000 hpl gas daily,0
meter 0071 volume deal 138550 north central oil corporation revised 14 500 15 000 effective 11 1 00 bob,0
hpl nom october 27 2000 see attached file hplnl 027 xls hplnl 027 xls,0
txu noms 11 02 00 see attached file hplnl 102 xls hplnl 102 xls,0
enron hpl actuals october 25 2000 teco tap 20 000 enron 46 667 hpl gas daily,0
hpl enron nom 11 01 00 see attached file hplnl 101 xls hplnl 101 xls,0
enron hpl actuals october 26 2000 teco tap 100 000 hpl gas daily,0
enron hpl actuals october 27 29 2000 october 27 2000 teco tap 100 000 hpl gas daily october 28 2000 teco tap 104 133 hpl gas daily october 29 2000 teco tap 100 000 hpl gas daily,0
hpl nom march 10 12 2001 see attached file hplno 310 xls hplno 310 xls,0
txu fuels sds nomination november 2000 attached november 2000 nomination takes gas sales purchase contract txu fuels previously tufco sds please advise questions concerning attached thanks ccs see attached file sdsnom xls sdsnom xls,0
noms actual flow 03 09 thru 3 11 01 agree nominated totals eileen ponton 03 12 2001 09 22 50 david avila lsp enserch us tu charlie stone texas utilities tu melissa jones texas utilities tu hpl scheduling enron com liz bellamy enron com cc subject noms actual flow 03 09 thru 3 11 01 date nom flow mcf flow mmbtu 3 09 30 000 29 998 30 798 3 10 30 000 29 995 30 805 3 11 0 0 0 btu 1 027,0
noms actual flow 03 09 thru 3 11 01 agree nominated totals eileen ponton 03 12 2001 09 22 50 david avila lsp enserch us tu charlie stone texas utilities tu melissa jones texas utilities tu hpl scheduling enron com liz bellamy enron com cc subject noms actual flow 03 09 thru 3 11 01 date nom flow mcf flow mmbtu 3 09 30 000 29 998 30 798 3 10 30 000 29 995 30 805 3 11 0 0 0 btu 1 027,0
nom actual flow april 4 th agree eileen ponton 04 05 2001 11 00 46 david avila lsp enserch us tu charlie stone texas utilities tu melissa jones texas utilities tu hpl scheduling enron com liz bellamy enron com cc subject nom actual flow april 4 th nom mcf mmbtu 20 000 19 909 20 447 btu 1 027,0
nom actual flow april 4 th agree eileen ponton 04 05 2001 11 00 46 david avila lsp enserch us tu charlie stone texas utilities tu melissa jones texas utilities tu hpl scheduling enron com liz bellamy enron com cc subject nom actual flow april 4 th nom mcf mmbtu 20 000 19 909 20 447 btu 1 027,0
enron hpl nom october 28 2000 see attached file hplnl 028 xls hplnl 028 xls,0
txu fuels sds nomination november 2000 revised attached november 2000 nomination takes gas sales purchase contract txu fuels previously tufco hpl resources co txu fuels contr 3949 well november 2000 nomination takes gas sales purchase contract txu fuels sds please advise questions concerning attached thanks ccs see attached file minhplno 0 xls see attached file sdsnom xls minhplno 0 xls sdsnom xls,0
tufco hey rebecca spoke tufco 20 000 discrepancy march 28 th agreed confirm volumes spoke charlie stone ami rebecca griffin 10 02 2000 10 59 ami chokshi corp enron enron cc subject tufco completed spreadsheet please let know questions thanks rebecca,0
enron hpl actuals 10 18 00 october 18 2000 teco tap 30 000 enron 120 000 hpl gas daily,0
enron hpl actuals 10 17 00 october 17 2000 teco tap 30 000 enron 103 333 hpl gas daily,0
enron hpl actuals october 20 22 2000 october 20 2000 teco tap 0 enron 75 000 hpl gas daily october 21 2000 teco tap 0 enron 84 375 hpl gas daily october 22 2000 teco tap 0 enron 115 625 hpl gas daily,0
enron hpl actuals october 23 2000 teco tap 150 000 hpl gas daily,0
nominations oct 21 23 2000 see attached file hplnl 021 xls hplnl 021 xls,0
enron hpl actuals october 24 2000 teco tap 72 922 hpl gas daily,0
hpl nom october 17 2000 see attached file hplnl 017 xls hplnl 017 xls,0
txu fuels sds nomination november 2000 attached october 2000 nomination takes gas sales purchase contract txu fuels previously tufco hpl resources co txu fuels contr 3949 well september 2000 nomination takes gas sales purchase contract txu fuels sds please advise questions concerning attached thanks ccs see attached file minhplno 0 xls see attached file sdsnom xls minhplno 0 xls sdsnom xls,0
 spoke tufco planning confirm 20000 flowed march 28 revise obligations pass forward ami forwarded ami chokshi corp enron 10 18 2000 10 56 charlie stone 10 17 2000 05 13 43 pm ami chokshi enron com cc subject ami think referring 28 th 15 th reported 30 hpl ls katy c copy note originally sent back 10 05 00 called gary gafford got voice mail requested call tomorrow clear unless hear otherwise proceed correction march 28 th march 15 th thanks ccs charlie breakout volumes paid approximately 20000 according billed vs paid could peruse worksheet discrepancies 20 000 march 28 th logs show 20000 flowed day ls meter 67 attached email showing revision day based paid amounts remaining obligations follows iferc 2 680 000 iferc gas daily 6 895 252 please advise regards ami see attached file tufco xls revision 1 ls hpl katy 20 000 hpl gas daily forwarded melissa jones texas utilities 03 29 2000 02 35 pm melissa jones 03 29 2000 11 09 charlie stone texas utilities tu gary green texas utilities tu tim powell lsp enserch us tu daren j farmer enron com gary hanks enron com carlos j rodriguez enron com earl tisdale enron com ami chokshi enron com cc subject enron hpl actuals march 28 2000 teco tap 50 750 hpl gas daily ami chokshi enron com 10 17 2000 04 25 29 pm charlie stone texas utilities tu cc subject hey charlie resolution ls discrepancy 20 000 march 15 gary would confirm us work magic ami,0
hpl nom october 25 2000 see attached file hplnl 025 xls hplnl 025 xls,0
enron hpl actuals 10 19 00 october 19 2000 teco tap 30 000 enron 120 000 hpl gas daily,0
hpl nom october 26 2000 see attached file hplnl 026 xls hplnl 026 xls,0
revision 1 hpl nom october 24 2000 see attached file hplnl 024 xls hplnl 024 xls,0
enron hpl actuals 10 16 00 october 16 2000 teco tap 30 000 enron 120 000 hpl gas daily,0
hpl nom april 11 2001 see attached file hplno 411 xls hplno 411 xls,0
noms actual flow 4 09 01 agree eileen ponton 04 10 2001 11 50 01 david avila lsp enserch us tu charlie stone texas utilities tu melissa jones texas utilities tu hpl scheduling enron com liz bellamy enron com cc subject noms actual flow 4 09 01 60 000 rate 14 hours 9 00 23 00 40 000 rate 10 hours 23 00 9 00 nom mcf mmbtu 51 667 47 673 48 960 btu 1 027,0
nominations october 20 2000 see attached file hplnl 020 xls hplnl 020 xls,0
hpl nom october 5 2000 see attached file hpll 005 xls hpll 005 xls,0
enron hpl actuals october 13 15 2000 october 13 2000 teco tap 30 000 enron 120 000 hpl gas daily october 14 2000 teco tap 30 000 enron 120 000 hpl gas daily october 15 2000 teco tap 30 000 enron 120 000 hpl gas daily,0
txu nom 10 10 00 attached txu fuel nominations tuesday october 10 2000 see attached file hpll 010 xls hpll 010 xls,0
enron hpl actuals october 12 2000 revision gas nominated iferc pricing month taken remaining purchases k 3949 gas daily pricing teco tap 40 000 enron 110 000 hpl gas daily forwarded charlie stone texas utilities 10 13 2000 02 58 pm gary green 10 13 2000 10 04 charlie stone texas utilities tu gary green texas utilities tu daren j farmer enron com gary hanks enron com carlos j rodriguez enron com earl tisdale enron com ami chokshi enron com david avila lsp enserch us tu cc subject enron hpl actuals october 12 2000 teco tap 40 000 enron 110 000 hpl iferc,0
enron hpl acutals october 3 2000 teco tap 60 000 enron 68 333 hpl iferc ls hpl lsk ic 15 000 hpl iferc,0
hpl nom october 7 2000 see attached file hpll 007 xls hpll 007 xls,0
enron hpl actuals october 10 2000 teco tap 40 000 enron 110 000 hpl iferc,0
contract obligations charlie breakout volumes paid approximately 20000 according billed vs paid could peruse worksheet discrepancies 20 000 march 28 th logs show 20000 flowed day ls meter 67 attached email showing revision day based paid amounts remaining obligations follows iferc 2 680 000 iferc gas daily 6 895 252 please advise regards ami revision 1 ls hpl katy 20 000 hpl gas daily forwarded melissa jones texas utilities 03 29 2000 02 35 pm melissa jones 03 29 2000 11 09 charlie stone texas utilities tu gary green texas utilities tu tim powell lsp enserch us tu daren j farmer enron com gary hanks enron com carlos j rodriguez enron com earl tisdale enron com ami chokshi enron com cc subject enron hpl actuals march 28 2000 teco tap 50 750 hpl gas daily,0
enron hpl actuals 10 6 9 00 enron hpl actuals friday oct 6 2000 teco tap 60 000 enron 15 625 hpl iferc hpl ls katy c 15 000 hpl iferc saturday oct 7 2000 teco tap 60 000 enron 85 000 hpl iferc hpl ls katy c 3 750 hpl iferc sunday oct 8 2000 teco tap 60 000 enron 90 000 hpl iferc hpl ls katy c 0 000,0
enron hpl actuals october 11 2000 revision please note pricing allocation volumes october 11 2000 changed follows teco tap 40 000 enron 25 209 hpl iferc 84 791 hpl gas daily total nomination 775 000 subject iferc pricing completed october 11 2000 remaining gas purchases hpl contract k 3949 gas daily pricing thanks ccs charlie stone 10 13 2000 03 04 pm gary green texas utilities tu daren j farmer enron com gary hanks enron com carlos j rodriguez enron com earl tisdale enron com ami chokshi enron com david avila lsp enserch us tu cc subject enron hpl actuals october 12 2000 revision gas nominated iferc pricing month taken remaining purchases k 3949 gas daily pricing teco tap 40 000 enron 110 000 hpl gas daily forwarded charlie stone texas utilities 10 13 2000 02 58 pm gary green 10 13 2000 10 04 charlie stone texas utilities tu gary green texas utilities tu daren j farmer enron com gary hanks enron com carlos j rodriguez enron com earl tisdale enron com ami chokshi enron com david avila lsp enserch us tu cc subject enron hpl actuals october 12 2000 teco tap 40 000 enron 110 000 hpl iferc,0
hpl nom october 12 2000 see attached file hplnl 012 xls hplnl 012 xls,0
txu nom 10 11 00 attached please find txu fuel nominations wednesday oct 11 2000 see attached file hpll 011 xls hpll 011 xls,0
enron hpl actuals october 5 2000 teco tap 60 000 enron 65 000 hpl iferc ls hpl lsk ic 15 000 hpl iferc,0
hpl nom april 12 2001 see attached file hplno 412 xls hplno 412 xls,0
enron hpl actuals october 4 2000 teco tap 60 000 enron 70 000 hpl iferc ls hpl lsk ic 15 000 hpl iferc,0
enron hpl actuals october 2 2000 teco tap 60 000 enron 40 000 hpl iferc ls hpl lsk ic 15 000 hpl iferc,0
hpl nom october 6 2000 see attached file hpll 006 xls hpll 006 xls,0
txu fuels sds nomination october 2000 attached october 2000 nomination takes gas sales purchase contract txu fuels previously tufco hpl resources co txu fuels contr 3949 well september 2000 nomination takes gas sales purchase contract txu fuels sds please advise questions concerning attached thanks ccs see attached file sdsnom xls see attached file minhplno 0 xls sdsnom xls minhplno 0 xls,0
enron hpl noms 9 26 00 attached please find nom tues 9 26 00 see attached file hplo 926 xls hplo 926 xls,0
noms actual flow april 10 th agree eileen ponton 04 11 2001 10 35 23 david avila lsp enserch us tu charlie stone texas utilities tu melissa jones texas utilities tu hpl scheduling enron com liz bellamy enron com cc subject noms actual flow april 10 th nom mcf mmbtu 40 000 41 447 42 566 btu 1 027,0
enron hpl actuals sept 28 2000 teco tap 60 000 enron 90 000 hpl gas daily,0
txu nom 9 27 00 ls katy ic remain zero try pull firm gas teco system conditions allow see attached file hplo 927 xls hplo 927 xls,0
enron hpl actuals september 21 2000 teco tap 60 000 enron 71 250 hpl gas daily,0
enron hpl actuals september 20 2000 teco tap 45 000 enron 42 500 hpl iferc ls hpl lsk ic 15 000 enron,0
enron hpl actuals september 25 2000 monday september 25 2000 teco tap flow hpl ls katy 15 000 enron,0
enron hpl actuals september 29 october 1 2000 friday september 29 2000 teco tap 16 187 enron 94 230 hpl gas daily hpl ls katy flow saturday september 30 2000 teco tap 50 000 hpl gas daily hpl ls katy flow sunday october 1 2000 teco tap 45 000 enron 7 083 hpl iferc hpl ls katy 15 000 enron,0
noms actual flow 4 11 01 agree may typo memo show 30 rate 23 00 03 00 4 hours showing eileen ponton 04 12 2001 10 31 07 david avila lsp enserch us tu charlie stone texas utilities tu melissa jones texas utilities tu hpl scheduling enron com liz bellamy enron com cc subject noms actual flow 4 11 01 9 00 15 00 30 000 6 hrs 15 00 23 00 0 23 00 9 00 30 000 4 hrs nom mcf mmbtu 12 500 12 982 13 333,0
enron hpl actuals september 22 24 2000 friday september 22 2000 teco tap 45 000 enron 105 000 hpl gas daily hpl ls katy 15 000 enron saturday september 23 2000 teco tap 45 000 enron 105 000 hpl gas daily hpl ls katy 15 000 enron sunday september 24 2000 teco tap 57 500 enron 1 875 hpl gas daily hpl ls katy 2 500 enron,0
enron hpl actuals september 29 october 1 2000 revision 1 friday september 29 2000 teco tap 16 187 enron 94 230 hpl gas daily hpl ls katy flow saturday september 30 2000 teco tap 47 917 hpl gas daily hpl ls katy flow sunday october 1 2000 teco tap 45 000 enron 7 083 hpl iferc hpl ls katy 15 000 enron,0
txu noms 10 3 2000 attached txu nomination tuesday oct 3 2000 see attached file hpll 003 xls hpll 003 xls,0
enron hpl actuals sept 27 2000 teco tap 67 500 hpl gas daily 60 000 enron,0
enron hpl actuals september 26 2000 tuesday september 26 2000 teco tap 60 000 enron 10 000 hpl gas daily hpl ls katy flow,0
hpl nom sept 30 2000 see attached file hplo 930 xls hplo 930 xls,0
hpl nom october 4 2000 see attached file hpll 004 xls hpll 004 xls,0
txu nom 9 28 00 ls katy ic remain zero try pull firm gas teco system conditions allow see attached file hplo 928 xls hplo 928 xls,0
hpl nom september 23 2000 see attached file hplo 923 xls hplo 923 xls,0
hpl nom sept 29 2000 see attached file hplo 929 xls hplo 929 xls,0
enron hpl actuals sept 18 2000 ls hpl lsk ic 2 500 enron,0
revision 1 enron hpl actuals sept 19 2000 teco tap 45 000 enron 61 250 hpl gas daily ls hpl lsk ic 15 000 enron forwarded melissa jones texas utilities 09 20 2000 10 49 melissa jones 09 20 2000 10 27 charlie stone texas utilities tu gary green texas utilities tu daren j farmer enron com gary hanks enron com carlos j rodriguez enron com earl tisdale enron com ami chokshi enron com cc subject enron hpl actuals sept 19 2000 teco tap 35 000 enron 71 250 hpl gas daily ls hpl lsk ic 15 000 enron,0
hpl nom sept 19 2000 see attached file hplo 919 xls hplo 919 xls,0
enron hpl actuals sept 15 17 2000 sept 17 2000 teco tap 61 667 hpl gas daily 25 000 enron ls hpl lsk ic 15 000 enron sept 18 2000 teco tap 31 625 enron sept 19 2000 flow,0
calpine daily gas nomination ricky archer fuel supply 700 louisiana suite 2700 houston texas 77002 713 830 8659 direct 713 830 8722 fax calpine daily gas nomination 1 doc,0
duplicates sorry duplicate problems lotus notes gary green,0
hpl nom sept 14 2000 see attached file hplo 914 xls hplo 914 xls,0
hpl nom sept 21 2000 see attached file hplo 921 xls hplo 921 xls,0
enron hpl actuals sept 14 2000 txu electric teco tap 25 000 enron 112 500 hpl gas daily hpl katy 15 000 enron,0
hpl noms april 17 2001 see attached file hplno 417 xls hplno 417 xls,0
hpl nom sept 15 2000 see attached file hplo 915 xls hplo 915 xls,0
hpl nom sept 20 2000 see attached file hplo 920 xls hplo 920 xls,0
enron hpl actuals sept 12 2000 teco tap 10 000 enron 20 000 hpl gas daily ls hpl lsk ic 30 000 enron,0
enron hpl actuals sept 13 2000 teco tap 10 938 enron,0
hpl nom sept 22 2000 see attached file hplo 922 xls hplo 922 xls,0
revision 1 enron hpl actuals sept 15 17 2000 sept 17 2000 teco tap 51 667 hpl gas daily 25 000 enron ls hpl lsk ic 15 000 enron sept 18 2000 teco tap 31 625 enron sept 19 2000 flow forwarded melissa jones texas utilities 09 18 2000 02 21 pm melissa jones 09 18 2000 02 03 pm charlie stone texas utilities tu gary green texas utilities tu daren j farmer enron com gary hanks enron com carlos j rodriguez enron com earl tisdale enron com ami chokshi enron com cc subject enron hpl actuals sept 15 17 2000 sept 17 2000 teco tap 61 667 hpl gas daily 25 000 enron ls hpl lsk ic 15 000 enron sept 18 2000 teco tap 31 625 enron sept 19 2000 flow,0
see attached file hplo 916 xls hplo 916 xls,0
enron hpl actuals sept 19 2000 teco tap 35 000 enron 71 250 hpl gas daily ls hpl lsk ic 15 000 enron,0
hpl nom april 13 16 2001 see attached file hplno 413 xls hplno 413 xls,0
enron hpl actuals sept 14 2000 teco tap 25 000 enron 112 500 hpl gas daily hpl ls katy 15 000 enron,0
enron hpl actuals sept 11 2000 please see revisions listed teco tap 30 000 enron 120 00 hpl gas daily ls hpl lsk ic 15 000 enron melissa jones 09 12 2000 10 57 charlie stone texas utilities tu gary green texas utilities tu daren j farmer enron com gary hanks enron com carlos j rodriguez enron com earl tisdale enron com ami chokshi enron com cc subject enron hpl actuals sept 11 2000 teco tap 25 000 enron 125 000 hpl gas daily ls hpl lsk ic 15 000 enron,0
revision 1 hpl nom sept 12 2000 see attached file hplo 912 xls hplo 912 xls,0
hpl nom sept 9 2000 see attached file hplo 909 xls hplo 909 xls,0
hpl nom april 6 2001 see attached file hplno 406 xls hplno 406 xls,0
enron hpl noms wed 9 6 00 changed cell formula correctly sum column spot sales see attached file hplo 906 xls hplo 906 xls,0
hpl nom sept 7 2000 see attached file hplo 907 xls hplo 907 xls,0
enron hpl actuals sept 7 2000 teco tap 88 750 hpl iferc 36 250 enron ls hpl lsk ic 3 750 enron,0
revision 1 hpl nom sept 8 2000 see attached file hplo 908 xls hplo 908 xls,0
enron hpl actuals sept 6 2000 ls hpl lsk ic 8 750 enron,0
hpl nom sept 12 2000 see attached file hplo 912 xls hplo 912 xls,0
hpl nom sept 13 2000 see attached file hplo 913 xls hplo 913 xls,0
revision enron hpl actuals sept 8 10 2000 september 8 2000 teco tap 50 000 hpl iferc 25 000 enron ls hpl lsk ic 15 000 enron september 9 2000 teco tap 15 417 hpl iferc 69 583 hpl gas daily 40 000 enron september 10 2000 teco tap 112 500 hpl gas daily 25 000 enron ls hpl lsk c 15 000 enron forwarded melissa jones texas utilities 09 11 2000 03 58 pm melissa jones 09 11 2000 01 31 pm charlie stone texas utilities tu gary green texas utilities tu daren j farmer enron com gary hanks enron com carlos j rodriguez enron com earl tisdale enron com ami chokshi enron com cc subject enron hpl actuals sept 8 10 2000 september 8 2000 teco tap 50 000 hpl iferc 25 000 enron ls hpl lsk ic 15 000 enron september 9 2000 teco tap 85 000 hpl iferc 40 000 enron september 10 2000 teco tap 112 500 hpl iferc 25 000 enron ls hpl lsk ic 15 000 enron,0
enron hpl actuals sept 8 10 2000 september 8 2000 teco tap 50 000 hpl iferc 25 000 enron ls hpl lsk ic 15 000 enron september 9 2000 teco tap 85 000 hpl iferc 40 000 enron september 10 2000 teco tap 112 500 hpl iferc 25 000 enron ls hpl lsk ic 15 000 enron,0
enron hpl actuals sept 11 2000 teco tap 25 000 enron 125 000 hpl gas daily ls hpl lsk ic 15 000 enron,0
nom actual volume april 16 th agree eileen ponton 04 17 2001 11 00 35 david avila lsp enserch us tu charlie stone texas utilities tu melissa jones texas utilities tu hpl scheduling enron com liz bellamy enron com cc subject nom actual volume april 16 th nom mcf mmbtu 30 000 29 974 30 784 btu 1 027,0
hpl nom april 18 2001 see attached file hplno 418 xls hplno 418 xls,0
enron hpl actuals sept 5 2000 teco tap 25 000 enron 88 750 hpl hpl iferc ls hpl lsk ic 25 000 enron,0
hpl nom august 31 2000 see attached file hplo 831 xls hplo 831 xls,0
enron hpl actuals august 25 27 2000 august 25 2000 teco tap 20 000 enron 96 667 hpl gas daily ls hpl lsk ic 20 000 enron august 26 2000 teco tap 20 000 enron 96 667 hpl gas daily ls hpl lsk ic 20 000 enron august 27 2000 teco tap 20 000 enron 102 500 hpl gas daily ls hpl lsk ic 20 000 enron,0
hpl nom august 30 2000 see attached file hplo 830 xls hplo 830 xls,0
revision 1 enron hpl actuals august 29 2000 teco tap 20 000 enron 82 083 hpl gas daily ls hpl lsk ic 20 000 enron,0
hpl nom april 19 2001 see attached file hplno 419 xls hplno 419 xls,0
txu nom wed 9 6 00 ok guess noms attach answer see attached file hplo 906 xls hplo 906 xls,0
enron hpl actuals august 30 2000 teco tap 20 000 enron 79 167 hpl gas daily ls hpl lsk ic 20 000 enron,0
enron hpl actuals august 24 2000 teco tap 30 000 enron 92 500 hpl gas daily ls hpl lsk ic 20 000 enron,0
enron hpl actuals august 29 2000 hey charlie day 29 show total volume 102 083 140 0 9 la 70 0 2 1 hour 0 0 3 8 also total volume day 28 show hplr 2015 0 enron 1 152 0 gd 666 877 please advise ami melissa jones 08 30 2000 10 10 27 charlie stone gary green timpowell txu com daren j farmer enron com gary hanks enron com carlos j rodriguez enron com earl tisdale enron com ami chokshi enron com cc subject enron hpl actuals august 29 2000 teco tap 20 000 enron 79 167 hpl gas daily ls hpl lsk ic 20 000 enron,0
enron hpl actuals august 31 2000 teco tap 18 000 enron 52 000 hpl gas daily ls hpl lsk ic 20 000 enron,0
enron hpl actuals august 29 2000 regards 29 th gary tufco spoke lee hpl requesting tap volume decrease 2 mike valero unable accomodate request 2 30 lee confirmed gary volumes decreased 140 0 2 30 please let know like proceed still working lonestar volumes sept let know soon possible regards ami forwarded ami chokshi corp enron 08 30 2000 12 38 pm enron north america corp ami chokshi 08 30 2000 10 37 charlie stone daren j farmer hou ect ect cc gary hanks hou ect ect subject enron hpl actuals august 29 2000 hey charlie day 29 show total volume 102 083 140 0 9 la 70 0 2 1 hour 0 0 3 8 also total volume day 28 show hplr 2015 0 enron 1 152 0 gd 666 877 please advise ami melissa jones 08 30 2000 10 10 27 charlie stone gary green timpowell txu com daren j farmer enron com gary hanks enron com carlos j rodriguez enron com earl tisdale enron com ami chokshi enron com cc subject enron hpl actuals august 29 2000 teco tap 20 000 enron 79 167 hpl gas daily ls hpl lsk ic 20 000 enron,0
september 2000 iferc sds noms attached september 2000 nomination takes gas sales purchase contract txu fuels previously tufco hpl resources co txu fuels contr 3949 well september 2000 nomination takes gas sales purchase contract txu fuels sds please advise questions concerning attached thanks tim see attached file minhplno 0 xls see attached file sdsnom xls minhplno 0 xls sdsnom xls,0
enron hpl nom wednesday aug 6 2000 see attached file hplo 906 xls hplo 906 xls,0
hpl nom september 1 2000 see attached file hplo 901 xls hplo 901 xls,0
revision 1 enron hpl actuals august 31 2000 teco tap 70 000 hpl gas daily ls hpl lsk ic 8 000 enron 12 000 hpl gas daily forwarded melissa jones texas utilities 09 01 2000 10 54 melissa jones 09 01 2000 10 25 charlie stone texas utilities tu gary green texas utilities tu tim powell lsp enserch us tu daren j farmer enron com gary hanks enron com carlos j rodriguez enron com earl tisdale enron com ami chokshi enron com cc subject enron hpl actuals august 31 2000 teco tap 18 000 enron 52 000 hpl gas daily ls hpl lsk ic 20 000 enron,0
hpl nom august 26 2000 see attached file hplo 826 xls hplo 826 xls,0
nom actual volume april 17 th agree eileen ponton 04 18 2001 10 48 19 david avila lsp enserch us tu charlie stone texas utilities tu melissa jones texas utilities tu hpl scheduling enron com liz bellamy enron com cc subject nom actual volume april 17 th nom mcf mmbtu 50 000 48 264 49 568 btu 1 027,0
revision 1 hpl nom sept 2 2000 see attached file hplo 902 xls hplo 902 xls,0
enron hpl actuals september 1 4 2000 september 1 2000 teco tap 35 000 enron 96 250 hpl iferc ls hpl lsk ic 15 000 enron september 2 2000 teco tap 25 000 enron 88 750 hpl iferc ls hpl lsk ic 25 000 enron september 3 2000 teco tap 25 000 enron 88 750 hpl iferc ls hpl lsk ic 25 000 enron september 4 2000 teco tap 25 000 enron 83 333 hpl iferc ls hpl lsk ic 25 000 enron,0
enron hpl actuals august 28 2000 teco tap 20 000 enron 120 000 hpl gas daily ls hpl lsk ic 20 000 enron,0
enron hpl actuals august 10 2000 teco tap 20 000 enron 64 583 hpl iferc ls hpl lsk ic 20 000 enron,0
enron hpl actuals august 14 2000 august 14 2000 teco tap 67 500 hpl iferc 20 000 enron ls hpl lsk ic 20 000 enron,0
enron hpl actuals august 23 2000 teco tap 34 167 hpl gas daily 30 000 enron ls hpl lsk ic 20 000 enron,0
enron hpl actuals august 21 2000 teco tap 76 250 hpl iferc 20 000 enron ls hpl lsk ic 20 000 enron,0
hpl nom august 22 2000 see attached file hplo 822 xls hplo 822 xls,0
revision 1 enron hpl actuals august 21 2000 correct numbers teco tap 31 876 hpl gas daily 44 374 hpl iferc ls hpl lsk ic 20 000 enron previous numbers teco tap 76 250 hpl iferc 20 000 enron ls hpl lsk ic 20 000 enron,0
revisions hpl nom 4 18 01 4 19 01 see attached file hplno 418 xls see attached file hplno 419 xls hplno 418 xls hplno 419 xls,0
enron actuals august 17 2000 teco tap 120 000 iferc 20 000 enron lsp hpl katy 20 000 enron,0
enron hpl actuals august 15 2000 teco tap 120 000 hpl iferc 20 000 enron ls hpl lsk ic 20 000 enron,0
revision 2 enron hpl actuals august 21 2000 correct numbers teco tap 31 876 hpl gas daily 44 374 hpl iferc 20 000 enron teco tap ls hpl lsk ic 20 000 enron previous numbers teco tap 76 250 hpl iferc 20 000 enron ls hpl lsk ic 20 000 enron,0
hpl nom august 18 2000 see attached file hplo 818 xls hplo 818 xls,0
hpl noms august 19 thru 21 2000 see attached file hplo 819 xls hplo 819 xls,0
hpl nom august 23 2000 see attached file hplo 823 xls hplo 823 xls,0
hpl nom august 24 2000 see attached file hplo 824 xls hplo 824 xls,0
hpl nom august 12 2000 see attached file hplo 812 xls hplo 812 xls,0
hpl nom august 15 2000 see attached file hplo 815 xls hplo 815 xls,0
hpl nom august 17 2000 see attached file hplo 817 xls hplo 817 xls,0
enron hpl actuals august 11 13 2000 oops right sorry,0
revision 1 hpl nom august 11 2000 see attached file hplo 811 xls hplo 811 xls,0
enron hpl actuals august 11 13 2000 august 11 2000 teco tap 108 333 hpl iferc 20 000 enron ls hpl lsk ic 20 000 enron august 12 2000 teco tap 85 000 hpl iferc 20 000 enron ls hpl lsk ic 20 000 enron august 13 2000 teco tap 32 500 hpl iferc 20 000 enron,0
hpl nom august 25 2000 see attached file hplo 825 xls hplo 825 xls,0
enron hpl actuals august 11 13 2000 revision august 13 2000 august 11 2000 teco tap 108 333 hpl iferc 20 000 enron ls hpl lsk ic 20 000 enron august 12 2000 teco tap 85 000 hpl iferc 20 000 enron ls hpl lsk ic 20 000 enron august 13 2000 teco tap 32 500 hpl iferc 20 000 enron ls hpl lsk ic 20 000 enron,0
hpl nom april 20 2001 see attached file hplno 420 xls hplno 420 xls,0
tux fuel nominations 8 16 00 please advise questions concerning attached see attached file hplo 816 xls hplo 816 xls,0
enron hpl actuals august 18 20 2000 august 18 2000 teco tap 20 000 enron 114 167 hpl iferc ls hpl lsk ic 20 000 enron august 19 2000 teco tap 20 000 enron 96 667 hpl iferc ls hpl lsk ic 20 000 enron august 20 2000 teco tap 20 000 enron 102 500 hpl iferc ls hpl lsk ic 20 000 enron,0
revision 1 enron hpl actuals august 3 2000 issue day resolved ami forwarded ami chokshi corp enron 08 09 2000 05 49 pm melissa jones 08 09 2000 03 52 29 pm charlie stone gary green timpowell txu com daren j farmer enron com gary hanks enron com carlos j rodriguez enron com earl tisdale enron com ami chokshi enron com cc subject revision 1 enron hpl actuals august 3 2000 teco tap 88 542 hpl iferc 20 000 enron,0
enron hpl actuals august 3 2000 teco tap 20 000 enron 91 667 hpl iferc ls hpl lsk ic 20 000 enron,0
nom actual flow april 19 th forwarded melissa jones texas utilities 04 20 2001 01 23 pm eileen ponton 04 20 2001 01 00 55 pm david avila lsp enserch us tu cc charlie stone texas utilities tu melissa jones texas utilities tu hpl scheduling enron com subject nom actual flow april 19 th sorry missed line report agree w nom 8 333 david avila com cc charlie stone melissa jones hpl scheduling enron com liz bellamy enron com 04 20 01 bcc 12 54 pm subject nom actual flow april 19 th records show following changes 4 19 01 25 000 0900 11000 2 hours 25 000 0300 0900 6 hours total nom day 8 333 mmbtu eileen ponton 04 20 2001 11 49 48 david avila lsp enserch us tu charlie stone texas utilities tu melissa jones texas utilities tu hpl scheduling enron com liz bellamy enron com cc subject nom actual flow april 19 th gas control shows flowing 2 hours 9 00 11 00 rate 25 000 nom mcf mmbtu 2 084 5 819 5 977 btu 1 027,0
hpl nom august 9 2000 see attached file hplo 809 xls hplo 809 xls,0
revision 1 enron hpl actuals july 23 2000 10 000 enron ls hpl lsk ic 30 000 enron corrected numbers teco tap 45 000 hpl iferc 10 000 enron ls hpl lsk ic 30 000 enron july 28 2000 previous numbers teco tap 10 000 enron 61 250 hpl iferc 8 750 hpl gas daily ls hpl lsk ic 30 000 enron corrected numbers teco tap 10 000 enron 66 250 hpl iferc 3 750 hpl gas daily ls hpl lsk ic 30 000 enron,0
hpl nom august 4 2000 see attached file hplo 804 xls hplo 804 xls,0
revision 1 enron actuals july 31 2000 teco tap 115 000 hpl gas daily ls hpl lsk ic 27 500 enron 2 500 hpl gas daily,0
hpl nom august 11 2000 oops sent wrong nom correct hpl nom august 11 2000 sorry see attached file hplo 811 xls hplo 811 xls,0
enron hpl actuals july 31 2000 hey charlie 31 st show enron contract would fulfilled 30 0 hpl katy please correct incorrect iferc totals 2 015 0 7 28 00 volume 28 th 61 250 tap enron totals 1 240 0 31 st volume 31 st 30 0 hpl gas daily totals 331 250 tap 7 28 6 250 assuming 77 5 tap 7 29 100 0 7 30 110 0 7 31 115 0 assuming 30 0 enron contract th 31 st please advise regards ami melissa jones 08 01 2000 10 44 08 charlie stone gary green timpowell txu com daren j farmer enron com gary hanks enron com carlos j rodriguez enron com earl tisdale enron com ami chokshi enron com cc subject enron hpl actuals july 31 2000 teco tap 105 000 hpl iferc 10 000 enron ls hpl lsk ic 30 000 enron,0
hpl nom august 3 2000 see attached file hplo 803 xls hplo 803 xls,0
hpl nom august 5 2000 see attached file hplo 805 xls hplo 805 xls,0
hpl nom april 21 23 2001 see attached file hplno 421 xls hplno 421 xls,0
hpl noms august 8 2000 see attached file hplo 808 xls hplo 808 xls,0
revision 1 enron hpl actuals august 3 2000 teco tap 88 542 hpl iferc 20 000 enron,0
hpl nom august 11 2000 see attached file wtxo 811 xls wtxo 811 xls,0
hpl nom august 2 2000 see attached file hplo 802 xls hplo 802 xls,0
enron actuals august 4 thru 6 2000 aug 4 teco tap 120 000 hpl iferc 20 000 enron ls hpl katy 20 000 enron aug 5 teco tap 96 667 hpl iferc 20 000 enron ls hpl katy 20 000 enron aug 6 teco tap 120 000 hpl iferc 20 000 enron ls hpl katy 20 000 enron,0
enron hpl actuals august 2 2000 teco tap 15 000 enron 110 000 hpl iferc ls hpl lsk ic 27 000 enron,0
enron hpl actuals august 9 2000 teco tap 20 000 enron 44 167 hpl iferc ls hpl lsk ic 20 000 enron,0
hpl nom august 10 2000 see attached file hplo 810 xls hplo 810 xls,0
enron hpl actuals july 28 30 2000 tim day 28 show total 77 5 tap broken follows 9 lp 0 2 p 4 120 0 5 60 0 6 8 0 please advise regards ami melissa jones 07 31 2000 10 24 09 charlie stone gary green timpowell txu com daren j farmer enron com gary hanks enron com carlos j rodriguez enron com earl tisdale enron com ami chokshi enron com cc subject enron hpl actuals july 28 30 2000 july 28 2000 teco tap 10 000 enron 61 250 hpl iferc 8 750 hpl gas daily ls hpl lsk ic 30 000 enron july 29 2000 teco tap 10 000 enron 100 000 hpl gas daily ls hpl lsk ic 30 000 enron july 30 2000 teco tap 10 000 enron 110 000 hpl gas daily ls hpl lsk ic 30 000 enron,0
enron hpl actuals july 27 2000 teco tap 25 000 enron 48 750 hpl iferc ls hpl lsk ic 15 000 enron,0
hpl nom july 27 2000 see attached file hplo 727 xls hplo 727 xls,0
enron hpl actuals july 24 2000 teco tap 40 000 enron 50 000 hpl iferc ls hpl lsk ic 2 500 enron,0
hpl nom july 26 2000 see attached file hplo 726 xls hplo 726 xls,0
noms actual vol april 20 th 21 st agree eileen ponton 04 23 2001 10 40 21 david avila lsp enserch us tu charlie stone texas utilities tu melissa jones texas utilities tu hpl scheduling enron com liz bellamy enron com cc subject noms actual vol april 20 th 21 st date nom mcf mmbtu 4 20 25 000 24 402 25 061 flowed 13 00 9 00 20 hours 4 21 15 625 15 829 16 256 flowed 9 00 24 00 15 hours btu 1 027,0
enron actual totals thru july 26 th ami 26 th reflect 1 052 500 enron 1 905 000 iferc please advise agree thanks tim,0
august 2000 iferc sds noms attached august 2000 nomination takes gas sales purchase contract txu fuels previously tufco hpl resources co txu fuels contr 3949 well august 2000 nomination takes gas sales purchase contract txu fuels sds please advise questions concerning attached thanks charlie see attached file minhplno 0 xls see attached file sdsnom xls minhplno 0 xls sdsnom xls,0
hpl nom july 28 2000 see attached file hplo 728 xls hplo 728 xls,0
enron hpl actuals july 26 2000 teco tap 30 000 enron 90 000 iferc ls hpl lsk ic 30 000 enron,0
hpl nom july 29 2000 see attached file hplo 729 xls hplo 729 xls,0
revision 1 hpl nom august 1 2000 see attached file hplo 801 xls hplo 801 xls,0
enron hpl actuals july 31 2000 teco tap 105 000 hpl iferc 10 000 enron ls hpl lsk ic 30 000 enron,0
enron hpl actuals july 21 23 2000 july 21 2000 teco tap 40 000 hpl iferc ls hpl lsk ic 30 000 enron july 22 2000 teco tap 40 000 hpl iferc ls hpl lsk ic 30 000 enron july 23 2000 teco tap 50 000 hpl iferc 10 000 enron ls hpl lsk ic 30 000 enron,0
revision 1 hpl nom july 25 2000 see attached file hplo 725 xls hplo 725 xls,0
hpl nom july 22 2000 see attached file hplo 722 xls hplo 722 xls,0
enron hpl actuals july 28 30 2000 july 28 2000 teco tap 10 000 enron 61 250 hpl iferc 8 750 hpl gas daily ls hpl lsk ic 30 000 enron july 29 2000 teco tap 10 000 enron 100 000 hpl gas daily ls hpl lsk ic 30 000 enron july 30 2000 teco tap 10 000 enron 110 000 hpl gas daily ls hpl lsk ic 30 000 enron,0
enron hpl actuals july 25 2000 teco tap 30 000 enron 90 000 hpl iferc ls hpl lsk ic 30 000 enron,0
noms actual vol april 22 nd agree eileen ponton 04 23 2001 10 57 34 david avila lsp enserch us tu charlie stone texas utilities tu melissa jones texas utilities tu hpl scheduling enron com liz bellamy enron com cc subject noms actual vol april 22 nd date nom mcf mmbtu 4 20 25 000 24 402 25 061 flowed 13 00 9 00 20 hours 4 21 15 625 15 829 16 256 flowed 9 00 24 00 15 hours 4 22 25 500 25 148 25 827 flowed 16 00 9 00 17 hours btu 1 027,0
hpl nom july 14 2000 see attached file hplo 714 xls hplo 714 xls,0
enron actuals july 14 thru 16 2000 july 14 teco tap 10 000 enron 60 000 hpl iferc ls hpl katy 30 000 enron july 15 teco tap 10 000 enron 95 000 hpl iferc ls hpl katy 30 000 enron july 16 teco tap 10 000 enron 55 000 hpl iferc ls hpl katy 30 000 enron,0
hpl nom july 15 thru 17 2000 see attached file hplo 715 xls hplo 715 xls,0
enron hpl actuals july 17 2000 ami agree 17 th thanks forwarded tim powell lsp enserch us 07 18 2000 12 57 pm ami chokshi enron com 07 18 2000 11 09 40 tim powell lsp enserch us tu cc subject enron hpl actuals july 17 2000 17 th actual volumes total hplr 1 320 000 enron 660 000 gas daily please advise ami forwarded ami chokshi corp enron 07 18 2000 11 07 melissa jones 07 18 2000 10 13 29 charlie stone gary green timpowell txu com daren j farmer enron com gary hanks enron com carlos j rodriguez enron com earl tisdale enron com ami chokshi enron com cc subject enron hpl actuals july 17 2000 teco tap 10 000 enron 80 000 hpl iferc ls hpl lsk ic 30 000 enron,0
enron hpl actuals july 20 2000 teco tap 10 000 enron 60 000 hpl iferc ls hpl lsk ic 30 000 enron,0
hpl nom july 19 2000 see attached file hplo 719 xls hplo 719 xls,0
thank ami daren wanted say thanks great time st pete beach fla company food fishing yes coarse drink many drinks great daren relate drinks enjoyed meeting everyone appreciate business look forward continue business relation enron future sincerely tim,0
hpl nom april 24 2001 see attached file hplno 424 xls hplno 424 xls,0
enron actuals july 14 thru 16 2000 revised ami correct july 16 teco tap 10 000 enron 60 000 hpl iferc ls hpl katy 30 000 enron forwarded tim powell lsp enserch us 07 17 2000 02 52 pm embedded tim powell image moved 07 17 2000 12 55 pm file embedded image moved file pico 3757 pcx pic 26392 pcx daren j farmer enron com crodrig ect enron com melissa jones texas utilities tu charlie stone texas utilities tu gary green texas utilities tu ken english lsp enserch us tu ami _ chokshi enron com gary _ hanks ect enron com earl tisdale enron com cc subject enron actuals july 14 thru 16 2000 july 14 teco tap 10 000 enron 60 000 hpl iferc ls hpl katy 30 000 enron july 15 teco tap 10 000 enron 95 000 hpl iferc ls hpl katy 30 000 enron july 16 teco tap 10 000 enron 55 000 hpl iferc ls hpl katy 30 000 enron pic 26392 pcx pico 3757 pcx,0
hpl nom april 25 2001 see attached file hplno 425 xls hplno 425 xls,0
enron hpl actuals july 18 2000 teco tap 10 000 enron 65 000 iferc ls hpl lsk ic 30 000 enron,0
hpl noms july 18 2000 see attached file hplo 718 xls hplo 718 xls,0
actual flow april 3 rd agree eileen ponton 04 04 2001 10 41 53 david avila lsp enserch us tu charlie stone texas utilities tu melissa jones texas utilities tu hpl scheduling enron com liz bellamy enron com cc subject actual flow april 3 rd measurement report received shows 0 flow 3 rd,0
actual flow april 3 rd agree eileen ponton 04 04 2001 10 41 53 david avila lsp enserch us tu charlie stone texas utilities tu melissa jones texas utilities tu hpl scheduling enron com liz bellamy enron com cc subject actual flow april 3 rd measurement report received shows 0 flow 3 rd,0
enron hpl actuals july 21 2000 see attached file hplo 721 xls hplo 721 xls,0
enron hpl actuals july 12 2000 teco tap 10 000 enron 65 000 hpl iferc ls hpl lsk ic 30 000 enron,0
enron hpl actuals july 19 2000 teco tap 20 000 enron 100 000 iferc ls hpl lsk ic 30 000 enron,0
hpl nom july 20 2000 revision 1 see attached file hplo 720 xls hplo 720 xls,0
enron hpl actuals july 17 2000 teco tap 10 000 enron 80 000 hpl iferc ls hpl lsk ic 30 000 enron,0
enron actuals july 13 2000 teco tap 10 000 enron 60 000 hpl iferc ls hpl katy 30 000 enron,0
hpl nom july 14 2000 revision 1 revised nom ls hpl katy see attached file hplo 714 xls hplo 714 xls,0
enron actuals june 30 2000 june 30 2000 teco tap 8 750 enron 61 250 gas daily,0
hpl noms july 6 2000 see attached file hplo 706 xls hplo 706 xls,0
nom actual volume april 23 rd agree eileen ponton 04 24 2001 12 18 39 pm david avila lsp enserch us tu charlie stone texas utilities tu melissa jones texas utilities tu hpl scheduling enron com liz bellamy enron com cc subject nom actual volume april 23 rd nom mcf mmbtu 30 208 30 046 30 858 btu 1 027,0
hpl nom july 7 2000 see attached file hplo 707 xls hplo 707 xls,0
hpl nom july 12 2000 see attached file hplo 712 xls hplo 712 xls,0
hpl nom july 1 2000 see attached file hplo 701 xls hplo 701 xls,0
enron hpl actuals july 10 2000 teco tap 10 000 enron 110 000 hpl iferc ls hpl lsk ic 30 000 enron,0
enron actuals july 7 thru 9 2000 july 7 teco tap 120 000 hpl iferc ls hpl katy 30 000 enron july 8 teco tap 40 000 enron 80 000 hpl iferc july 9 teco tap 40 000 enron 80 000 hpl iferc,0
enron hpl actuals july 11 2000 teco tap 10 000 enron 75 000 hpl iferc ls hpl lsk ic 30 000 enron,0
txu fuels sds nomination may 2001 attached may 2001 nomination takes gas sales purchase contract txu fuel company previously tufco sds please advise questions concerning attached thanks ccs see attached file sdsnom xls sdsnom xls,0
hpl nom july 13 2000 see attached file hplo 713 xls hplo 713 xls,0
revision 1 enron hpl actuals july 5 2000 teco tap 10 000 enron 85 000 hpl iferc,0
hpl noms june 30 2000 see attached file hplo 630 xls hplo 630 xls,0
hpl noms july 8 2000 see attached file hplo 708 xls hplo 708 xls,0
enron hpl actuals june 30 thru july 2 200 june 30 2000 teco tap 8 750 enron 51 250 gas daily ls hpl lsk ic 30 000 hpl gas daily july 1 2000 teco tap 40 000 enron 80 000 hpl iferc july 2 2000 teco tap 40 000 enron 80 000 hpl iferc,0
enron actuals july 3 thru 4 2000 july 3 teco tap 10 000 enron 65 000 hpl iferc ls hpl katy 30 000 enron july 4 teco tap 35 000 hpl iferc ls hpl katy 30 000 enron,0
hpl nom july 11 2000 revision 1 see attached file hplo 711 xls hplo 711 xls,0
enron actuals june 28 2000 teco tap 120 000 hpl gas daily ls hpl katy 30 000 enron,0
enron hpl actuals july 6 2000 teco tap 10 000 enron 90 000 hpl iferc ls hpl lsk ic 30 000 enron,0
revision enron hpl actuals june 25 2000 june 25 2000 teco tap 50 000 enron 59 917 hpl iferc teco tap 50 000 enron 60 417 hpl iferc,0
hpl noms june 24 thru 26 2000 see attached file hplo 624 xls hplo 624 xls,0
enron hpl actuals june 23 25 2000 june 23 2000 teco tap 20 000 enron 70 000 hpl iferc ls hpl lsk ic 30 000 enron june 24 2000 teco tap 50 000 enron 50 000 hpl iferc june 25 2000 teco tap 50 000 enron 59 917 hpl iferc,0
hpl nom april 26 2001 see attached file hplno 426 xls hplno 426 xls,0
ami per conversation would perfer 2 000 difference placed oba lsp teco requested cut flow thanks forwarded tim powell lsp enserch us 06 27 2000 10 58 ami chokshi enron com 06 27 2000 08 42 09 tim powell lsp enserch us tu cc charlie stone texas utilities tu daren j farmer enron com subject hey tim may 12 supply shows 8 000 flow even though cut flow 6 0 let know want handle situation sorry inconvenience ami,0
enron actuals june 22 2000 teco tap 100 000 hpl iferc 20 000 enron ls hpl katy 30 000 enron,0
hpl nom june 29 2000 see attached file hplo 629 xls hplo 629 xls,0
hpl nom june 23 2000 see attached file hplo 623 xls hplo 623 xls,0
enron actuals june 26 2000 teco tap 20 000 enron 5 833 hpl iferc 94 167 hpl gas daily ls hpl lsk ic 30 000 enron,0
txu lonestar katy hey spoke ronnie skerrik charlie stone morning agreed lonestar bring gas back hpl nomed gas continue sold txu elevate higher vol deliveries make hpl please call questions janet,0
hpl nom june 27 2000 see attached file hplo 627 xls hplo 627 xls,0
hpl nom june 28 2000 see attached file hplo 628 xls hplo 628 xls,0
hey tim may 12 supply shows 8 000 flow even though cut flow 6 0 let know want handle situation sorry inconvenience ami,0
tufco prebid hplr est 65000 wb est 40000,0
july 2000 iferc nom attached july 2000 nomination takes gas sales purchase contract txu fuels previously tufco hpl resources co txu fuels contr 3949 well july 2000 nomination takes gas sales purchase contract txu fuels sds please advise questions concerning attached thanks charlie see attached file minhplno 0 xls see attached file sdsnom xls minhplno 0 xls sdsnom xls,0
enron actuals june 27 2000 teco tap 20 000 enron 50 000 gas daily ls hpl lsk ic 30 000 enron,0
hpl noms june 23 2000 revision 1 revision texoma thanks see attached file hplo 623 xls hplo 623 xls,0
enron actuals june 16 thru 18 2000 june 16 teco tap 97 500 hpl iferc hpl katy dbnd 5 000 enron ls hpl katy 25 000 enron junel 7 teco tap 40 000 enron 75 000 hpl iferc june 18 teco tap 40 000 enron 50 000 hpl iferc,0
hpl noms april 28 30 2001 see attached file hplno 428 xls hplno 428 xls,0
hpl nom june 14 2000 see attached file hplo 614 xls hplo 614 xls,0
hpl noms june 21 2000 see attached file hplo 621 xls hplo 621 xls,0
enron actuals june 21 2000 teco tap 120 000 hpl iferc ls hpl haty 30 000 enron,0
enron actuals june 19 2000 teco tap 40 000 enron 98 750 hpl iferc,0
hpl nom june 17 2000 see attached file hplo 617 xls hplo 617 xls,0
enron actuals junel 3 2000 teco tap 100 000 hpl iferc texoma 20 000 hpl iferc ls hpl katy 40 000 enron,0
enron hpl actuals june 15 2000 teco tap 115 000 hpl iferc 10 000 enron texoma 0 ls hpl lsk 30 000 enron,0
hpl nom june 16 2000 revision revision empire nom thanks tim see attached file hplo 616 xls hplo 616 xls,0
hpl noms june 20 2000 see attached file hplo 620 xls hplo 620 xls,0
enron actuals june 12 2000 teco tap 117 500 hpl iferc texoma 20 000 enron ls hpl katy 40 000 enron,0
enron hpl actuals june 20 2000 teco tap 120 000 hpl iferc 30 000 enron ls hpl lsk ic 30 000 enron,0
hpl nom june 22 2000 see attached file hplo 622 xls hplo 622 xls,0
hpl noms april 27 2001 see attached file hplno 427 xls hplno 427 xls,0
hpl noms june 15 2000 see attached file hplo 615 xls hplo 615 xls,0
hpl nom june 16 2000 see attached file hplo 616 xls hplo 616 xls,0
enron hpl actuals june 14 2000 teco tap 55 000 hpl iferc texoma 20 000 hpl iferc ls hpl lsk ic 40 000 enron,0
hpl noms june 06 2000 see attached file hplo 606 xls hplo 606 xls,0
hpl noms june 10 thru 12 2000 see attached file hplo 610 xls hplo 610 xls,0
enron hpl actuals june 9 12 2000 june 9 2000 teco tap 22 500 enron 38 750 hpl iferc texoma 5 833 enron ls hpl lsk ic 11 667 enron june 10 2000 teco tap 41 250 enron june 11 2000 teco tap 40 000 enron 50 000 hpl iferc,0
hpl enron actuals june 8 2000 oops sorry 7 th,0
enron totals thru june 7 2000 ami reflecting 250 000 enron 533 750 hpl iferc agree thanks tim,0
enron hpl actuals june 6 2000 teco tap 90 000 hpl iferc texoma 20 000 hpl iferc ls hpl lsk ic 40 000 enron,0
revision 3 day change hpl nom june 2 2000 see attached file hplo 602 xls hplo 602 xls,0
ami agree thanks forwarded tim powell lsp enserch us 06 01 2000 11 29 ami chokshi enron com 06 01 2000 11 13 13 tim powell lsp enserch us tu charlie stone texas utilities tu daren j farmer enron com cc subject final numbers may iferc 1 240 000 last volume 72084 day 18 enron 930 000 last volume 21667 day 26 gas daily 1 033 416 last volume 80000 day 31 please advise ami,0
hpl nom june 13 2000 see attached file hplo 613 xls hplo 613 xls,0
hpl noms june 08 2000 see attached file lsno 608 xls lsno 608 xls,0
hpl nom june 8 2000 see attached file hplo 608 xls hplo 608 xls,0
nom actual vol april 26 th agree eileen ponton 04 27 2001 11 11 15 david avila lsp enserch us tu charlie stone texas utilities tu melissa jones texas utilities tu hpl scheduling enron com liz bellamy enron com cc subject nom actual vol april 26 th nom mcf mmbtu 60 000 60 034 61 655 btu 1 027,0
hpl nom change june 9 2000 revision 1 taking texoma ls hpl katy zero effective 4 00 pm today thanks tim see attached file hplo 609 xls hplo 609 xls,0
enron hpl actuals june 1 2000 teco tap 52 500 hpl iferc texoma 20 000 enron ls hpl lsk ic 40 000 enron,0
enron actuals june 08 2000 teco tap 32 500 hpl iferc texoma 20 000 hpl iferc ls hpl katy 40 000 enron,0
hpl nom june 7 2000 see attached file hplo 607 xls hplo 607 xls,0
enron actuals june 02 thru 04 2000 june 2 teco tap 56 250 hpl iferc texoma 20 000 hpl iferc ls hpl katy 40 000 enron june 3 teco tap 30 000 enron 60 000 hpl iferc june 4 teco tap 75 000 hpl iferc,0
hpl nom june 3 2000 see attached file hplo 603 xls hplo 603 xls,0
hpl noms june 08 2000 revision disregard first one sent see attached file hplo 608 xls hplo 608 xls,0
hpl enron actuals june 8 2000 teco tap 30 000 hpl iferc texoma 20 000 hpl iferc ls hpl lsk ic 40 000 enron,0
hpl nom june 9 2000 see attached file hplo 609 xls hplo 609 xls,0
hpl noms june 01 2000 see attached file hplo 601 xls hplo 601 xls,0
enron actuals may 31 2000 teco tap 80 000 hpl gas daily,0
estimated actuals april 27 29 2001 following estimated actuals april 27 29 2001 soon receive numbers duke forwarded april 27 2001 teco tap 20 000 april 28 29 2001 flow,0
hpl nom may 1 2001 see attached file hplno 501 xls hplno 501 xls,0
hpl nom april 5 2001 see attached file hplno 405 xls hplno 405 xls,0
revision 1 enron actuals may 11 2000 correct numbers teco tap 100 833 hpl iferc daren j farmer enron com crodrig ect enron com melissa jones texas utilities tu charlie stone texas utilities tu gary green texas utilities tu ken english lsp enserch us tu ami _ chokshi enron com gary _ hanks ect enron com earl tisdale enron com cc subject enron actuals may 11 2000 teco tap 103 750 hpl iferc texoma 30 000 enron ls hpl katy 12 000 enron ls teco katy 8 000 enron,0
hpl nom april 4 2001 see attached file hplno 404 xls hplno 404 xls,0
noms actual flow 4 01 01 agree 35 000 april 1 2001 eileen ponton 04 04 2001 09 37 36 david avila lsp enserch us tu charlie stone texas utilities tu melissa jones texas utilities tu hpl scheduling enron com liz bellamy enron com cc subject noms actual flow 4 01 01 agree nom 35 000 lst experiencing difficulties downloading actual flow volumes el paso thus gas control advised use flow rate 35 000 lst point time receive accurate measurement volume forward,0
noms actual flow 4 01 01 agree 35 000 april 1 2001 eileen ponton 04 04 2001 09 37 36 david avila lsp enserch us tu charlie stone texas utilities tu melissa jones texas utilities tu hpl scheduling enron com liz bellamy enron com cc subject noms actual flow 4 01 01 agree nom 35 000 lst experiencing difficulties downloading actual flow volumes el paso thus gas control advised use flow rate 35 000 lst point time receive accurate measurement volume forward,0
revision 1 enron actuals may 18 2000 teco tap 72 084 hpl iferc 416 hpl gas daily charlie stone 05 19 2000 11 39 daren j farmer enron com crodrig ect enron com melissa jones texas utilities tu gary green texas utilities tu ken english lsp enserch us tu ami _ chokshi enron com gary _ hanks ect enron com earl tisdale enron com tim powell lsp enserch us tu cc subject enron actuals may 18 2000 may 18 2000 teco tap 69 167 hpl iferc 3 333 hpl gas daily texoma 30 000 hpl gas daily ls hpl katy 20 000 enron,0
final numbers may iferc 1 240 000 last volume 72084 day 18 enron 930 000 last volume 21667 day 26 gas daily 1 033 416 last volume 80000 day 31 please advise ami,0
hpl nom may 2 2001 see attached file hplno 502 xls hplno 502 xls,0
noms actuals 4 27 01 thru 4 29 01 agree eileen ponton 05 01 2001 08 37 13 david avila lsp enserch us tu charlie stone texas utilities tu melissa jones texas utilities tu hpl scheduling enron com liz bellamy enron com cc subject noms actuals 4 27 01 thru 4 29 01 date nom mcf mmbtu 4 27 01 20 000 20 041 20 583 4 28 01 0 1 1 4 29 01 0 0 0 btu 1 027,0
correction nom 4 30 01 agree eileen ponton 05 01 2001 11 53 45 david avila lsp enserch us tu charlie stone texas utilities tu melissa jones texas utilities tu hpl scheduling enron com liz bellamy enron com cc subject correction nom 4 30 01 nom 19 477 went 31 163 0 midnight,0
noms actual flow 03 01 agree eileen ponton 03 02 2001 10 18 14 david avila lsp enserch us tu charlie stone texas utilities tu melissa jones texas utilities tu hpl scheduling enron com liz bellamy enron com cc subject noms actual flow 03 01 date nom flow mcf flow mmbtu 3 01 60 000 53 768 55 220 btu 1 027,0
enron nom march 7 2001 see attached file hplno 307 xls hplno 307 xls,0
hpl nom march 3 5 2001 see attached file hplno 303 xls hplno 303 xls,0
hpl nom march 9 2001 see attached file hplno 309 xls hplno 309 xls,0
noms actual flow 2 27 agree forwarded melissa jones texas utilities 02 28 2001 10 19 eileen ponton 02 28 2001 10 10 39 david avila lsp enserch us tu charlie stone texas utilities tu melissa jones texas utilities tu hpl scheduling enron com liz bellamy enron com cc subject noms actual flow 2 27 date nom flow mcf flow mmbtu 2 27 01 0 0 0 btu 1 027,0
noms actual flow 2 28 agree forwarded melissa jones texas utilities 03 01 2001 11 12 eileen ponton 03 01 2001 10 08 37 david avila lsp enserch us tu charlie stone texas utilities tu melissa jones texas utilities tu hpl scheduling enron com liz bellamy enron com cc subject noms actual flow 2 28 date nom flow mcf flow mmbtu 2 28 01 0 0 0 btu 1 027,0
noms actual flow 03 05 agree eileen ponton 03 06 2001 01 18 53 pm david avila lsp enserch us tu charlie stone texas utilities tu melissa jones texas utilities tu hpl scheduling enron com liz bellamy enron com cc subject noms actual flow 03 05 date nom flow mcf flow mmbtu 3 05 12 500 10 357 10 637 btu 1 027,0
hpl nom march 1 2001 see attached file hplno 301 xls hplno 301 xls,0
hpl nom february 28 2001 see attached file hplno 228 xls hplno 228 xls,0
hpl nom march 8 2001 see attached file hplno 308 xls hplno 308 xls,0
noms actual vols may lst agree eileen ponton 05 02 2001 10 56 36 david avila lsp enserch us tu charlie stone texas utilities tu melissa jones texas utilities tu hpl scheduling enron com liz bellamy enron com cc subject noms actual vols may lst nom mcf mmbtu 47 500 43 506 44 681 nom 9 00 14 00 30 000 5 hours 14 00 4 00 60 000 10 hours 4 00 9 00 40 000 5 hours,0
noms actual flow 03 07 01 fyi agree 17 500 eileen ponton 03 08 2001 11 51 38 melissa jones texas utilities tu cc subject noms actual flow 03 07 01 spoken w gas controls hpl defs agree 17 500 melissa jones eileen ponton charlie stone com bcc 03 08 01 subject noms actual flow 03 07 01 09 27 disagree show 17 500 0200 0900 60 rate equals 17 500 eileen ponton 03 08 2001 10 56 39 david avila lsp enserch us tu charlie stone texas utilities tu melissa jones texas utilities tu hpl scheduling enron com liz bellamy enron com cc subject noms actual flow 03 07 01 per gas control tufco went 60 000 midnight reduced 45 000 3 00 due pg e compressor nom rate calculated 3 hrs 60 000 6 hrs 45 000 please let know heard differently date nom flow mcf flow mmbtu 3 07 18 750 14 140 14 522 btu 1 027,0
enron hpl nom march 6 2001 see attached file hplno 306 xls hplno 306 xls,0
noms actual flow 03 02 thru 3 04 01 agree eileen ponton 03 05 2001 09 58 38 david avila lsp enserch us tu charlie stone texas utilities tu melissa jones texas utilities tu hpl scheduling enron com liz bellamy enron com cc subject noms actual flow 03 02 thru 3 04 01 date nom flow mcf flow mmbtu 3 02 0 0 0 3 03 50 000 47 743 49 032 3 04 37 500 35 844 36 812 btu 1 027,0
hpl nom may 3 2001 see attached file hplno 503 xls hplno 503 xls,0
noms actual flow 03 06 01 agree eileen ponton 03 07 2001 10 55 26 david avila lsp enserch us tu charlie stone texas utilities tu melissa jones texas utilities tu hpl scheduling enron com liz bellamy enron com cc subject noms actual flow 03 06 01 date nom flow mcf flow mmbtu 3 06 35 000 34 730 35 668 btu 1 027,0
hpl nom march 2 2001 see attached file hplno 302 xls hplno 302 xls,0
enron hpl nom february 24 26 2001 revision 2 2 23 01 see attached file hplno 224 xls see attached file hplno 223 xls hplno 224 xls hplno 223 xls,0
hpl nom february 27 2001 see attached file hplno 227 xls hplno 227 xls,0
btu change please note formatted attachment excel spreadsheet try attachment let know problems also discussion duke txu fuel co transportation agreement duke redelivery gas agreement enron duke according brian kerns duke basically took assignment existing transportation agreement enron pg e el paso case using nominated amount driver towards meeting monthly minimum purchase obligation imbalance enron duke duke system receipts would transparent txu worked enron duke imbalance nominated volumed actual volumes received teco tap would need worked enron txu fuel co couple different ways work need review contract first please look side lets come agreement soon possible since end month quickly approaching thanks ccs see attached file duketecotap xls forwarded charlie stone texas utilities 02 22 2001 02 03 pm eileen ponton 02 22 2001 10 36 27 david avila lsp enserch us tu charlie stone texas utilities tu melissa jones texas utilities tu cc subject btu change gas control notified btu factor using point 1 027 1 035 used far volumes appear system please hesitate contact questions embedded image moved file picl 7578 pcx picl 7578 pcx duketecotap xls,0
enron hpl actuals february 21 2001 estimated actual teco tap 25 000,0
nom actual flow 2 22 01 agree forwarded david avila lsp enserch us 02 23 2001 10 15 eileen ponton 02 23 2001 10 14 42 david avila lsp enserch us tu charlie stone texas utilities tu melissa jones texas utilities tu cc subject nom actual flow 2 22 01 nom 60 000 actual flow 58 094 56 567 mcf 1 027 btu,0
enron hpl nom february 17 2001 see attached file hplno 217 xls hplno 217 xls,0
txu fuels sds nomination march 2001 attached march 2001 nomination takes gas sales purchase contract txu fuel company previously tufco sds please advise questions concerning attached thanks ccs see attached file sdsnom xls sdsnom xls,0
txu fuel co nom 2 20 01 see attached file hplno 220 xls hplno 220 xls,0
txu fuel co nom 2 21 01 see attached file hplno 221 xls hplno 221 xls,0
hpl nom may 4 2001 see attached file hplno 504 xls hplno 504 xls,0
noms actual flow 2 26 agree forwarded melissa jones texas utilities 02 27 2001 10 33 eileen ponton 02 27 2001 09 46 26 david avila lsp enserch us tu charlie stone texas utilities tu melissa jones texas utilities tu hpl scheduling enron com liz bellamy enron com cc subject noms actual flow 2 26 date nom flow mcf flow mmbtu 2 26 01 0 456 469 btu 1 027,0
txu fuel co nom 2 21 01 revised revised show day purchase 20 000 mmbtu oasis sealy gas day 2 20 01 see attached file hplno 221 xls hplno 221 xls,0
enron hpl noms february 23 25 2001 february 23 2001 teco tap 30 000 february 24 2001 teco tap 17 500 february 25 2001 teco tap 38 750,0
revision 1 hpl nom february 23 2001 see attached file hplno 223 xls hplno 223 xls,0
noms actual flow 14 th 15 th liz sorry actuals 14 th late received today agree forwarded melissa jones texas utilities 02 16 2001 10 37 kponton duke energy com 02 16 2001 10 20 39 david avila lsp enserch us tu charlie stone texas utilities tu melissa jones texas utilities tu cc dcspencer duke energy com subject noms actual flow 14 th 15 th day nom actual flow 2 14 25 000 25 959 2 15 60 000 64 837 volumes mmbtu,0
day change revision 1 enron nom february 22 2001 see attached file hplno 222 xls hplno 222 xls,0
nom actual flow 2 20 01 agree forwarded melissa jones texas utilities 02 21 2001 04 03 pm eileen ponton 02 21 2001 10 39 05 david avila lsp enserch us tu charlie stone texas utilities tu melissa jones texas utilities tu cc subject nom actual flow 2 20 01 nom 16 667 teco tap actual flow 15 652 volumes mmbtu,0
weekend noms actual flow agree forwarded melissa jones texas utilities 02 12 2001 11 29 kponton duke energy com 02 12 2001 11 02 00 david avila lsp enserch us tu charlie stone texas utilities tu melissa jones texas utilities tu cc subject weekend noms actual flow date nom actual flow 2 09 01 46 667 48 029 2 10 01 40 000 41 315 2 11 01 55 833 56 895 volumes mmbtu,0
enron nom february 16 2001 see attached file hplno 216 xls hplno 216 xls,0
2 07 01 gas flow hpl gas control shows terry tufco gas control requested increase 0 0 zero 60 0 effective 1 00 pm tufco gas control requested cut 60 0 0 0 zero effective 1 00 nom 30 0 according hpl gas control records questions please call 713 853 6449 gary forwarded gary hanks hou ect 02 08 2001 10 46 melissa jones 02 08 2001 10 39 05 charlie stone gary green daren j farmer enron com gary hanks enron com carlos j rodriguez enron com earl tisdale enron com david avila liz bellamy enron com ronnie skerik kponton duke energy com cc subject 2 07 01 gas flow show nom teco tap 30 000 actual teco tap 21 814 forwarded melissa jones texas utilities 02 08 2001 10 52 kponton duke energy com 02 08 2001 09 06 50 david avila lsp enserch us tu charlie stone texas utilities tu melissa jones texas utilities tu cc subject 2 07 01 gas flow nom 17 500 6 00 pm started 60 000 rate shut 1 00 actual flow 21 076 mcf 21 814 mmbtu,0
revision 2 hpl nom february 10 2001 see attached file hplno 210 xls see attached file hplno 213 xls hplno 210 xls hplno 213 xls,0
hpl nom february 9 2001 see attached file hplno 209 xls hplno 209 xls,0
hpl nom february 8 2001 see attached file hplno 208 xls hplno 208 xls,0
2 07 01 gas flow show nom teco tap 30 000 actual teco tap 21 814 forwarded melissa jones texas utilities 02 08 2001 10 52 kponton duke energy com 02 08 2001 09 06 50 david avila lsp enserch us tu charlie stone texas utilities tu melissa jones texas utilities tu cc subject 2 07 01 gas flow nom 17 500 6 00 pm started 60 000 rate shut 1 00 actual flow 21 076 mcf 21 814 mmbtu,0
hpl nom february 14 2001 see attached file hplno 214 xls hplno 214 xls,0
hpl nom february 15 2001 see attached file hplno 215 xls hplno 215 xls,0
day change revision 1 hpl nom february 10 2001 see attached file hplno 210 xls hplno 210 xls,0
hpl nom may 5 7 2001 see attached file hplno 505 xls hplno 505 xls,0
gas day 2 08 01 agree teco tap nom 40 000 actual 41 358 forwarded melissa jones texas utilities 02 09 2001 10 15 kponton duke energy com 02 09 2001 09 15 35 david avila lsp enserch us tu charlie stone texas utilities tu melissa jones texas utilities tu cc subject gas day 2 08 01 nom 40 000 mmbtu actual flow 39 959 mcf 41 358 mmbtu,0
nom actual flow 2 12 01 agree forwarded melissa jones texas utilities 02 13 2001 01 46 pm kponton duke energy com 02 13 2001 10 06 17 david avila lsp enserch us tu charlie stone texas utilities tu melissa jones texas utilities tu cc subject nom actual flow 2 12 01 nom 37 500 actual flow 39 123,0
hpl nom february 13 2001 see attached file hplno 213 xls hplno 213 xls,0
nom teco tap actual 57 300 forwarded melissa jones texas utilities 02 07 2001 01 28 pm kponton duke energy com 02 07 2001 11 23 38 david avila lsp enserch us tu charlie stone texas utilities tu melissa jones texas utilities tu cc subject nom actual flow 2 6 01 nom 61 250 mmbtu actual flow 57 300 mmbtu also discussions w hpl enron yesterday lst showing actual flow rate 30 000 mmbtu whereas showing 30 869 mmbtu 30 869 actually flowed please verify volume hpl enron thanks eileen,0
nom actual may 2 nd agree eileen ponton 05 03 2001 03 12 15 pm david avila lsp enserch us tu charlie stone texas utilities tu melissa jones texas utilities tu hpl scheduling enron com liz bellamy enron com cc subject nom actual may 2 nd nom mcf mmbtu 32 500 31 829 32 689 btu 1 027,0
nom actual flow vols agree forwarded melissa jones texas utilities 02 14 2001 11 09 kponton duke energy com 02 14 2001 10 53 44 david avila lsp enserch us tu charlie stone texas utilities tu melissa jones texas utilities tu cc subject nom actual flow vols teco tap nom 20 000 actual flow 20 059,0
hpl nom february 1 2001 see attached file hplno 201 xls hplno 201 xls,0
hpl nom february 6 2001 see attached file hplno 206 xls hplno 206 xls,0
enron hpl actuals january 31 2001 teco tap 20 000 enron,0
enron hpl actuals january 29 2001 teco tap 28 333 enron,0
hpl nom february 2 2001 see attached file hplno 202 xls hplno 202 xls,0
hpl nom january 31 2001 see attached file hplnol 31 xls hplnol 31 xls,0
enron hpl actuals january 26 28 2001 january 26 28 2001 flow,0
enron hpl actuals january 30 2001 teco tap 18 750 enron,0
enron hpl actuals february 2 4 2001 february 2 2001 teco tap nom 30 000 actual 30 518 enron february 3 2001 flow february 4 2001 teco tap nom 41 250 actual 37 142 enron,0
hpl nom may 8 2001 see attached file hplno 508 xls hplno 508 xls,0
hpl nom february 3 2001 see attached file hplno 203 xls hplno 203 xls,0
hpl nom january 30 2001 see attached file hplnol 30 xls hplnol 30 xls,0
2 5 01 gas flow day agree numbers forwarded melissa jones texas utilities 02 06 2001 11 51 kponton duke energy com 02 06 2001 11 24 08 david avila lsp enserch us tu charlie stone texas utilities tu melissa jones texas utilities tu cc subject 2 5 01 gas flow day teco tap noms 32 500 actual flow 34 426 mcf 35 631 mmbtu,0
enron hpl actuals february 1 2001 teco tap 30 000 enron,0
noms actual may 8 th agree eileen ponton 05 08 2001 10 49 40 david avila lsp enserch us tu charlie stone texas utilities tu melissa jones texas utilities tu hpl scheduling enron com liz bellamy enron com cc subject noms actual may 8 th nom mcf mmbtu 30 000 29 939 30 748,0
enron hpl actuals january 22 2001 teco tap 60 000 enron,0
enron hpl actuals january 17 2001 teco tap 35 000 enron,0
hpl noms jan 19 2001 see attached file hplnol 19 xls hplnol 19 xls,0
enron hpl actuals january 19 21 2001 jan 19 2001 teco tap 31 667 enron jan 20 2001 teco tap 37 500 enron jan 21 2001 teco tap 40 000 enron,0
hpl nom january 27 2001 see attached file hplnol 27 xls hplnol 27 xls,0
hpl nom january 25 2001 see attached file hplnol 25 xls hplnol 25 xls,0
hpl noms jan 20 22 2001 see attached file hplnol 20 xls hplnol 20 xls,0
hpl noms jan 23 2001 see attached file hplnol 23 xls hplnol 23 xls,0
enron hpl actuals january 24 2001 flow,0
hpl nom january 24 2001 see attached file hplnol 24 xls hplnol 24 xls,0
txu fuels sds nomination february 2001 attached february 2001 nomination takes gas sales purchase contract txu fuel company previously tufco sds please advise questions concerning attached thanks ccs see attached file sdsnom xls sdsnom xls,0
hpl nom january 25 2001 see attached file hplnol 26 xls hplnol 26 xls,0
hpl nom may 9 2001 see attached file hplno 509 xls hplno 509 xls,0
hpl nom january 9 2001 see attached file hplnol 09 xls hplnol 09 xls,0
enron hpl actuals january 10 2001 teco tap 47 500 enron,0
enron hpl actuals january 11 2001 teco tap 51 250 enron,0
hpl nom january 10 2001 see attached file hplnol 10 xls hplnol 10 xls,0
hpl nom revisions see attached file hplnol 12 xls see attached file hplnol 13 xls hplnol 12 xls hplnol 13 xls,0
enron hpl actuals january 15 2001 january 15 2001 teco tap 30 000 enron,0
hpl noms january 6 2001 see attached file hplnol 06 xls hplnol 06 xls,0
enron hpl actuals january 9 2001 teco tap 27 500 enron,0
enron hpl actuals january 16 2001 teco tap 45 000 enron,0
hpl nom may 10 2001 see attached file hplno 510 xls hplno 510 xls,0
hpl noms jan 17 2001 see attached file hplnol 17 xls hplnol 17 xls,0
hpl nom january 13 2001 see attached file hplnol 13 xls hplnol 13 xls,0
enron hpl actuals january 5 7 2001 january 5 2001 teco tap 60 000 enron january 6 2001 flow january 7 2001 teco tap 60 000 enron,0
enron hpl actuals january 12 14 2001 january 12 2001 teco tap 30 000 enron january 13 2001 teco tap 30 000 enron january 14 2001 teco tap 30 000 enron,0
hpl nom january 16 2001 see attached file hplnol 16 xls hplnol 16 xls,0
hpl nom january 18 2001 see attached file hplnol 18 xls hplnol 18 xls,0
hpl nom january 11 2001 see attached file hplnol 11 xls hplnol 11 xls,0
hpl nom january 12 2001 see attached file hplnol 12 xls hplnol 12 xls,0
enron hpl actuals december 20 2000 teco tap 30 000 enron 61 667 hpl gas daily,0
hpl nom may 12 14 2001 see attached file hplno 512 xls hplno 512 xls,0
hpl nom december 21 2000 see attached file hplnl 221 xls hplnl 221 xls,0
hpl nom january 5 2001 see attached file hplnol 05 xls hplnol 05 xls,0
hpl noms dec 30 31 2000 jan 1 2 2001 see attached file hplnl 230 xls see attached file hplnol 01 xls hplnl 230 xls hplnol 01 xls,0
enron actuals dec 28 2000 dec 28 2000 teco tap 30 000 enron 120 000 hpl gas daily lsp hpl katy c 30 000 enron,0
hpl noms revisons dec 27 28 2000 note exxon katy plant operates 7 7 day nomination 22 850 ls exxon katy g started 3 pm 16 hours flow 22 850 rate average 15 233 flow day dec 27 2000 see attached file hplnl 227 xls see attached file hplnl 228 xls hplnl 227 xls hplnl 228 xls,0
enron hpl actuals january 3 2001 teco tap 7 500 enron ls hpl lsk ic 30 000 enron,0
hpl noms dec 29 2000 see attached file hplnl 229 xls hplnl 229 xls,0
txu fuels sds nomination january 2001 attached january 2001 nomination takes gas sales purchase contract txu fuel previously tufco sds please advise questions concerning attached thanks ccs see attached file sdsnom xls sdsnom xls,0
enron actuals dec 21 2000 teco tap 0 000 enron 18 750 hpl gas daily dec 22 2000 teco tap 30 000 enron 80 417 hpl gas daily dec 23 2000 teco tap 0 000 enron 6 250 hpl gas daily dec 24 2000 teco tap 40 000 enron 110 000 hpl gas daily dec 25 2000 teco tap 40 000 enron 110 000 hpl gas daily,0
hpl nom december 22 2000 see attached file hplnl 222 xls hplnl 222 xls,0
enron hpl actuals january 2 2001 teco tap 30 000 enron ls hpl lsk ic 30 000 enron,0
enron actuals dec 26 2000 dec 26 2000 teco tap 30 000 enron 120 000 hpl gas daily lsp hpl katy c 30 000 enron,0
hpl noms january 3 2001 see attached file hplnol 03 xls hplnol 03 xls,0
enron actuals dec 27 2000 dec 27 2000 teco tap 30 000 enron 120 000 hpl gas daily lsp hpl katy c 30 000 enron,0
hpl nom may 11 2001 see attached file hplno 511 xls hplno 511 xls,0
hpl nom december 27 2000 see attached file hplnl 227 xls hplnl 227 xls,0
hpl nom december 27 2000 revision 1 30 ls hpl katy c gas left original version call questions ronnie see attached file hplnl 227 xls hplnl 227 xls,0
enron hpl actuals december 29 2000 january 1 2001 december 29 2000 teco tap 30 000 enron 120 000 hpl gas daily ls hpl lsk ic 30 000 enron december 30 2000 teco tap 120 000 hpl gas daily december 31 2000 teco tap 120 000 hpl gas daily january 1 2001 teco tap 30 000 enron ls hpl lsk ic 30 000 enron,0
hpl nom dec 28 2000 see attached file hplnl 228 xls hplnl 228 xls,0
hpl nom dec 15 2000 see attached file hplnl 216 xls hplnl 216 xls,0
hpl nom dec 16 18 2000 previous nomination dec 15 2000 subject line attached file correct effective dates see attached file hplnl 216 xls hplnl 216 xls,0
hpl nom may 15 2001 see attached file hplno 515 xls hplno 515 xls,0
intra inter gisb keith would please forward intra inter gisb enron dfarmer enron com interested please forward pertinent information thanks lynn,0
enron hpl actuals december 18 2000 teco tap 87 500 hpl gas daily,0
enron hpl actuals december 19 2000 teco tap 25 000 enron 100 000 hpl gas daily,0
hpl nom dec 16 18 2000 sorry one time attached file correct see attached file hplnl 216 xls hplnl 216 xls,0
enron hpl actuals december 14 2000 teco tap 78 125 hpl gas daily,0
hpl nom may 17 2001 see attached file hplno 517 xls hplno 517 xls,0
noms actuals may 14 th agree eileen ponton 05 16 2001 10 40 11 david avila lsp enserch us tu charlie stone energy txu tu melissa jones texas utilities tu hpl scheduling enron com liz bellamy enron com szajac enron com cc subject noms actuals may 14 th nom mcf mmbtu 40 000 40 119 41 202,0
enron hpl actuals december 13 2000 teco tap 37 500 hpl gas daily ls hpl lsk ic 30 000 enron,0
enron hpl nom december 19 2000 see attached file hplnl 219 xls hplnl 219 xls,0
hpl nom dec 15 2000 see attached file hplnl 215 xls hplnl 215 xls,0
enron hpl actuals december 15 17 2000 december 15 2000 teco tap 106 250 hpl gas daily ls hpl lsk ic 30 000 enron december 16 2000 teco tap 5 000 enron 120 000 hpl gas daily december 17 2000 teco tap 2 917 enron 120 000 hpl gas daily,0
hpl nom may 16 2001 see attached file hplno 516 xls hplno 516 xls,0
hpl nom may 18 2001 see attached file hplno 518 xls hplno 518 xls,0
enron hpl nom december 20 2000 see attached file hplnl 220 xls hplnl 220 xls,0
txu fuels sds nomination june 2001 attached june 2001 nomination takes gas sales purchase contract txu fuel company previously tufco sds please advise questions concerning attached thanks ccs see attached file sdsnom xls sdsnom xls,0
hpl nom may 24 2001 see attached file hplno 524 xls hplno 524 xls,0
hpl nom may 19 21 2001 see attached file hplno 519 xls hplno 519 xls,0
unify unix team working unix server unify production runs proton went morning unix team working let know soon unify available n,0
unify gas month end close november 2001 please see attached includes richard pinion changes logistics thanks anwar original message melethil anwar sent wednesday november 14 2001 5 19 pm baxter bryce bussell kathryn dawes cheryl dhont margaret ed terry farmer daren j greif donna hall bob harwell melanie heal kevin howard camp jacobs charles jaquet tammy john lopez kinsey lisa lakho shahnaz lamadrid victor machleit shirley mcclure mark mcfatridge thomas olinger kimberly palmer b scott pinion richard reeves leslie smith george f staab theresa sullivan patti superty robert valderrama lisa wynne rita cc cuccia michael kaspereit michael laurel robert mallak mutaz martinez danny neal steve pena matt roberts steve smith regan sql _ mail stokes darren ward bob warner john zwiers jeff subject unify gas month end close november 2001 attached month end close document gas settlements first mass draft run tomorrow nov 15 ena sales supply 7 00 pm michael cuccia monitoring mass drafts month end thanks anwar original message melethil anwar sent tuesday november 13 2001 3 01 pm baxter bryce hiatt wendy jaquet tammy lakho shahnaz mcclure mark pinion richard wynne rita cc cuccia michael laurel robert mallak mutaz martinez danny neal steve pena matt roberts steve smith regan sql _ mail stokes darren ward bob warner john zwiers jeff subject unify gas month end close november 2001 please review attached month end close document let us know would like make changes sending document tomorrow business leads list thanks much cheers anwar,0
noms actual vols 15 th 16 th agree eileen ponton 05 17 2001 05 43 09 pm david avila lsp enserch us tu charlie stone energy txu tu melissa jones texas utilities tu hpl scheduling enron com liz bellamy enron com szajac enron com cc subject noms actual vols 15 th 16 th date nom mcf mmbtu 5 15 0 417 428 5 16 38 750 38 232 39 264,0
escalation procedures gas logistics desk managers issuing small laminated version attached list contacts escalation unify edi issues small laminated version objective putting richard first list address issues business related education related prior getting folks involved thereby freeing folks work programming fixes enhancements implementation feel escalation procedures providing level support desk requires please let know regards tammy,0
hpl nom may 23 2001 see attached file hplno 523 xls hplno 523 xls,0
noms actual vols 5 18 thru 5 20 agree eileen ponton 05 21 2001 04 01 51 pm david avila lsp enserch us tu charlie stone energy txu tu melissa jones texas utilities tu hpl scheduling enron com liz bellamy enron com szajac enron com cc subject noms actual vols 5 18 thru 5 20 date nom mcf mmbtu 5 18 17 500 17 718 18 197 5 19 30 000 29 053 29 838 5 20 30 000 29 976 30 786,0
unify gas month end close november 2001 attached month end close document gas settlements first mass draft run tomorrow nov 15 ena sales supply 7 00 pm michael cuccia monitoring mass drafts month end thanks anwar original message melethil anwar sent tuesday november 13 2001 3 01 pm baxter bryce hiatt wendy jaquet tammy lakho shahnaz mcclure mark pinion richard wynne rita cc cuccia michael laurel robert mallak mutaz martinez danny neal steve pena matt roberts steve smith regan sql _ mail stokes darren ward bob warner john zwiers jeff subject unify gas month end close november 2001 please review attached month end close document let us know would like make changes sending document tomorrow business leads list thanks much cheers anwar,0
nom actual vols may 17 th agree eileen ponton 05 18 2001 01 44 19 pm david avila lsp enserch us tu charlie stone energy txu tu melissa jones texas utilities tu hpl scheduling enron com liz bellamy enron com szajac enron com cc subject nom actual vols may 17 th nom mcf mmbtu 26 250 28 151 28 911,0
unify production back eol deals highlighted proton machine unify production available patient path manager highlight eol deals yellow thanks n,0
hpl nom may 22 2001 see attached file hplno 522 xls hplno 522 xls,0
nominations agree eileen ponton 05 22 2001 10 56 54 melissa jones texas utilities tu cc subject nominations measurement check flow 12 th 22 176 melissa jones eileen ponton bcc subject nominations 05 22 01 08 48 according records tufco requested volume 22 500 please let know need information eileen ponton 05 21 2001 02 45 04 pm melissa jones texas utilities tu cc subject nominations could please check records see volume tufco requested may 12 th show volume requested 22 500 55 246 flowed something right requested flowed volume normally closer working weekend volumes e mail shortly,0
actual vols 5 22 01 agree eileen ponton 05 23 2001 02 23 15 pm david avila lsp enserch us tu charlie stone energy txu tu melissa jones texas utilities tu hpl scheduling enron com liz bellamy enron com szajac enron com cc subject actual vols 5 22 01 nom mcf mmbtu 27 500 26 406 27 119,0
real time deal updates path manager test group beginning week actively testing changes path manager receive real time deal updates sitara prepare would like limited group schedulers desk go thru quick walkthru training new features sometime early next week take 30 minutes comfortable features performance testing complete would like migrate unify production either next week week give us adequate adjustment period prior next bid week migrated production either roll schedulers selected schedulers via security heather could please schedule time designated schedulers scotty early next week room projector would work best thanks n,0
sitara release changes global due consent assignment volume management fine change name changes still attached original path buy sell deal settlement group make sure new name added deal appropriate statement group attached change flow smoothly thanks donna greif 04 05 2000 01 18 pm kathryn bussell hou ect ect robert cotten hou ect ect mark mcclure hou ect ect gary l payne hou ect richard pinion hou ect ect robert superty hou ect ect george smith hou ect ect katherine l kelly hou ect ect randall l gay hou ect ect daren j farmer hou ect ect edward terry hou ect ect cc dave nommensen hou ect ect diane e niestrath hou ect ect carrie hollomon hou ect ect bryce baxter hou ect ect kathryn cordes hou ect ect dana daigle corp enron enron elizabeth l hernandez hou ect ect julie meyers hou ect ect b scott palmer hou ect ect stephanie sever hou ect ect dianne j swiber hou ect ect peggy hedstrom cal ect ect dianne seib cal ect ect sylvia campos hou ect ect linda bryan hou ect ect faye ellis hou ect ect donna consemiu hou ect ect scott mills hou ect ect russ severson hou ect ect martha stevens hou ect ect karie hastings hou ect ect regina perkins hou ect ect imelda frayre hou ect ect william e kasemervisz hou ect ect hunaid engineer hou ect ect steven gullion hou ect ect larrissa sharma hou ect ect thomas engel hou ect ect subject sitara release changes global due consent assignment fyi change went deal validation group gives ability change counterparties names bridge back impact logistics unify counterparty name change takes place deals bridge backed could cause problems edi pipes new counterparty name flow unify repathing eventually take place one problem may imbalance data sets production yet edi imbalance qtys would match paths may also cause issue scheduled quantities especially nominations sent entire month remember rules one think unify safe guards idiot proofs force pathing unify ability ride duns numbers yet would still cause additional step edi scheduler would need think order get clean quick response impacts vol mgt counterparty name changes take place prior periods pathing call diane dave speaking w hopefully get clear understanding true impact sure need put processes procedures together deal validation follow type changes needed keep posted thanks dg thomas engel 04 05 2000 09 44 kathryn cordes hou ect ect dana daigle corp enron enron elizabeth l hernandez hou ect ect julie meyers hou ect ect b scott palmer hou ect ect stephanie sever hou ect ect dianne j swiber hou ect ect peggy hedstrom cal ect ect dianne seib cal ect ect cc sylvia campos hou ect ect linda bryan hou ect ect faye ellis hou ect ect donna consemiu hou ect ect scott mills hou ect ect russ severson hou ect ect martha stevens hou ect ect karie hastings hou ect ect regina perkins hou ect ect imelda frayre hou ect ect william e kasemervisz hou ect ect hunaid engineer hou ect ect steven gullion hou ect ect larrissa sharma hou ect ect donna greif hou ect ect subject sitara release changes global due consent assignment regarding ability change counterparties deals sitara confirmed volumes tom words caution someone calls wants change counterparty created ability invalidate deal change counterparty however add warning message warning changing counterparty deal confirmed volumes make sure pipeline allows change pipelines allow us change counterparties feedback assume reasons rule used blow old scheduling systems pre unify pipelines require new deal zero old deal make change make sure logistics person aware case causes problems pipeline sorry know pipes ask unify team one rule still place change ena im east ena im market east ena im texas hplc im hplc changing business units must legal entity warning legal entity also beware making contract counterparty changes service deals transport capacity storage cash deal invalidated rules forget items locked reason invalidate service deal change previously locked data validated someone used deals unify highly likely unify deals paths created using deals get corrupted always check someone unify make sure one used deals anything unify forwarded thomas engel hou ect 04 05 2000 09 47 scott mills 04 04 2000 07 38 pm kathryn cordes hou ect ect dana daigle corp enron enron elizabeth l hernandez hou ect ect julie meyers hou ect ect b scott palmer hou ect ect stephanie sever hou ect ect dianne j swiber hou ect ect cc steve jackson hou ect ect thomas engel hou ect ect sylvia campos hou ect ect linda bryan hou ect ect faye ellis hou ect ect donna consemiu hou ect ect subject sitara release changes global due consent assignment release put tuesday evening deal validation able change counterparty deals volume something expected e g confirmed nominated scheduled etc addition release also capture near time contract changes made global means need server bounces necessary new changes contracts show without get deal manager new counterparties new changes facilities require getting active sitara apps except launch pad apps start new app respective information looking appear mention near time constrained amount time takes change global data trigger alert sitara updates information srm x 33548 cyndie balfour flanagan enron 04 04 2000 03 41 pm connie sutton hou ect ect linda bryan hou ect ect kathryn cordes hou ect ect scott mills hou ect ect richard elwood hou ect ect dave nommensen hou ect ect kenneth harmon hou ect ect dana daigle corp enron enron kathryn cordes hou ect ect elizabeth l hernandez hou ect ect julie meyers hou ect ect b scott palmer hou ect ect stephanie sever hou ect ect dianne j swiber hou ect ect gayle horn corp enron enron brant reves hou ect ect russell diamond hou ect ect debbie r brackett hou ect ect steve jackson hou ect ect cc subject changes global due consent assignment following changes made global contracts database due receipt executed consent assignment following contracts current counterparty name contract type contract new counterparty name ces commonwealth energy services gisb 96029892 commonwealth energy services ces samuel gary jr associates inc gisb 96029302 samuel gary jr associates ces south jersey gas company gisb 96029143 south jersey gas company cp name change contract type correction contract type different provided ces per ces ces southwest gas corporation 1 1 98 gisb 96029146 per contract file ces southwest gas corporation 04 14 93 master purchase sale interruptible edit global 96029146 ces southwest gas corporation 12 01 94 master sale firm created new global record accommodate k 96037402 please note southwest gas corporation consented assignment contracts,0
buyer vs seller intercompany deals clarify memo sent yesterday concerning buyer vs seller intercompany deals want make sure everyone understands seller side post sitara deal volume feedback reconciliation report reflect error associated buy side well longer show error generated sales side currently change coincide way sap reports intercompany transactions please let know questions concerns note volume feedback reconciliation report report distribute daily basis thanks rhp forwarded regina perkins hou ect 02 04 2000 10 20 regina perkins 02 03 2000 05 32 pm edward terry hou ect ect katherine l kelly hou ect ect george smith hou ect ect mary smith hou ect ect daren j farmer hou ect ect jim homco hou ect ect randall l gay hou ect ect pat clynes corp enron enron bryce baxter hou ect ect rita wynne hou ect ect gary nelson hou ect ect cc regina perkins hou ect ect scott mills hou ect ect francis lim hou ect ect subject buyer vs seller intercompany deals brought attention sap use buyer governing value associated intercompany deals seller currently sitara captures volume bridged back buy side sales side wanted make sure would impacted change aware sitara would reflected volumes associated intercompany deals concerns please let know soon possible need adjustment made volume feedback reconciliation report reflect change finalized may month two implemented wanted make sure everyone advance notice questions please hesitate contact x 39222 thanks rhp,0
procedure adding new capacity tickets multi desk service utilization order provide ability track transport expense desk sitara modified allow multiple transport capacity tickets service contract provided different desks one tagged primary procedure setting new capacity tickets reflect desks probably first notice via warning error message path manager building new path message read something like source destination 123456 desk imct match service contract 3434 removed b make note deal number service list service contract using new path c open transport capacity deal sitara hit copy new deal change buyer old desk new desk matches supply market deal pathing contract agent change buyer instead change agent new desk primary deal carry actual agent changing buyer causes contract field get blanked select contract various exchange line items primary deal check box un check exchange line item change mdq zero negotiated rates uncheck well primary deal carry mdq negotiated demand commodity fuel hit release e may need retrieve path manager see deal number service list read multiple right click service deals list specific deals f build path originally desired warning error message appear could occur combination desk service contract please file call dave find folder thanks n,0
rollout schedule unify real time deal path updates walk thru demo new functionality held today logistics managers representative schedulers region except texas calgary changes well received revisions requested would like changes migrated production evening tuesday january 18 use morning wednesday january 19 paul could please insure network folks tibco install complete monday including terminal server scotty paul may need one folks insure tibco install works ok terminal server none us access scotty follow calgary texas since missed demo also level security desired rollout selected schedulers logistics dave plan last related items stage monday insure clean tuesday night print filter closed path list app close error msg feel like schedule met please let know become aware thanks n,0
monthly clean bridge back non edi pipes help avoid unify problems bid week must keeping business non edi pipes throughout month rather wait end month clean bridge back staff identified one things logistics could help maintain reasonable performance please make sure know status pipes speak schedulers see keeping data clean bridged expect keep top throughout month asking everyone else work around schedule lets make sure part thanks bob,0
procedure adding new capacity tickets multi desk service utilization revised revision bold pass may need order provide ability track transport expense desk sitara modified allow multiple transport capacity tickets service contract provided different desks one tagged primary procedure setting new capacity tickets reflect desks probably first notice via warning error message path manager building new path message read something like source destination 123456 desk imct match service contract 3434 removed b make note deal number service list service contract using new path c open transport capacity deal sitara hit copy new deal change buyer old desk new desk matches supply market deal pathing deal agent change buyer instead change agent new desk primary deal carry actual agent agent contract get cleared select agent contract changing buyer causes contract field get blanked select pipeline contract various exchange line items primary deal check box un check exchange line item change mdq zero negotiated rates uncheck well primary deal carry mdq negotiated demand commodity fuel hit release e may need retrieve path manager see deal number service list read multiple right click service deals list specific deals f build path originally desired warning error message appear could occur combination desk service contract please file call dave find folder thanks n,0
missing txu lonestar oasis paths stacey looks like missing paths revealed quirk suppression zero paths 4 paths initially entered zero changed non zero later date system correctly determine zero path longer suppressed fixed 4 paths affected corrected code happen screen print nov 22 problem fixed thanks n,0
zero path termination path manager matt ben responding request comments revising path manager expanding parameters path termination process include zero volume paths last day month way speed unify response retrieve times based interviews various desks including aep calgary recent discussions find legitimate business need allow zero volume paths roll month month requirements contracts wellhead gas following recap proposed done regarding zero path termination 1 paths zero last day month exception noted 2 terminate day longer roll following month path termination function run every night paths changed zero retroactively zero future month paths unless volume path future month 2 zero paths marked always send nominations continue roll month month changed nomination option appears hpl 736 paths nigas 1136 paths might paths rolling longer need special one time handling paths coordinated scheduler ready 3 zero paths roll month month using volume management send function cease agree patti regards paths oba tracking please respond via e mail comments richard x 37339,0
pops team temporarily moving allen center please note pops team temporarily moving 3 allen center starting monday 5 15 located 3 ac 3708 till move back enron bldg pops oncall pager 713 796 4149 pops cellular 713 562 2458 also note attending class thru whole next week 5 15 5 19 pops issues please people contact following christine pham x 34202 shawn macphail x 31837 thanks romeo,0
new su bridge new sitara unify bridge monitor production monitor shows deals error state failed queue bridge pending deals going unify sitara find start programs trading sitara su bridge monitor may need load borland bde v 5 0 software use already loaded enhanced monitor make useful tool deal error state sitara side sent unify deal error state unify side sitara sent unify however unify failed deal group sort columns best sort business unit date column shows last time someone edited deal start date stop date begin end date deal sitara deal id well eol deal id indicates deal business unit agent deal contract validation support please edit status p deals deals pending status desk desk transactions awaiting desk approve deal changes deal release deals approver deal access multiple desks hit refresh button query data set auto refresh tool bar build filter business unit multiple reasons expense build filter easier support everyone looking thing new business unit see normally screen full deals error state petro suncor sunoco set reasonable number look sort business unit column want filter may using send excel feature tool bar option file dump excel questions problems please call sitara hotline,0
unify close schedule following close schedule coming month please keep mind following key times unify sitara bridge back 1 45 p friday april 28 th errors must clear time mass draft 6 p friday evening accrual process begins monday may lst 6 changes timeline please ensure contacted soon possible thank melissa x 35615,0
unify close schedule following close schedule coming month please keep mind following key times unify sitara bridge back 1 45 p wednesday may 31 st errors must clear time mass draft 6 p wednesday evening accrual process begins thursday june lst 6 changes timeline please ensure contacted soon possible thanks mechelle x 37278,0
unify performance problem wednesday fyi forwarded brenda f herod hou ect 05 05 2000 09 01 rita wynne 05 05 2000 08 11 brenda f herod hou ect ect cc subject unify performance problem wednesday fyi forwarded rita wynne hou ect 05 05 2000 08 10 dave nommensen 05 04 2000 06 56 pm george smith hou ect ect edward terry hou ect ect tricia bowen hou ect ect randall l gay hou ect ect patti sullivan hou ect ect pat clynes corp enron enron carlos j rodriguez hou ect ect robert superty hou ect ect bryce baxter hou ect ect rita wynne hou ect ect donna greif hou ect ect cc jeff johnson corp enron enron tommy j yanowski hou ect ect beth perlman hou ect ect scott williamson hou ect ect jim ogg hou ect ect regan smith hou ect ect kenneth harmon hou ect ect subject unify performance problem wednesday aware unify system experienced significant performance problems wednesday approx 9 30 11 20 duration problem due type system behavior experienced problem exacerbated multitude additional user logins thinking fresh login might work better additional logins never improve performance generally degrade another story actually single user 21 sessions bounce server twice bring system back normal level performance good news found caused problem particular user particular report process actually intentional change specific table done numerous times past particular change drastic side effects contacted sybase problem see help determine behavior feature bug meanwhile types changes night scheduled outages apologize frustration anxiety extra work brought problem take every precaution see happen questions comments please feel free give call dave n,0
sitara release changes global due consent assignment changing counterparty names sitara deal tickets absolutely impact downstream processes hope following give clarification let know questions need detail thanks dg 3 9517 sitara unify process scenario counterparty name changes sitara deal ticket deal pathed scheduled bridged back unify impact zero impact logistics volume management absolutely harmless settlements process place eliminate issues process counterparty sitara changes counterparty b ctprty original path sent pipeline new name ctprty b bridge unify ctprty remains path level unify gui display change ctprty b displayed deal level unify field highlighted indicate change occurred gui display changes high level path scheduler choice repath necessary path pathing occurs new counterparty name displaced new path unify pushes back deal number meter sitara ctprty info balancing works deal number meter ctprty info confirmation desk utilizes information sitara information correct volume management utilizes information unify pipeline tie information sent pipeline correct path level match perfectly settlements utilizes information unify settlements recognizes changed ctprty names changes contracts would create two notification entries invoice happen go wrong ctprty draft would occur note issues discovered reports correcting autonoms tom words warning previously issue counterparty name changes took place deals pathed nominated basically would change key edi path duns number affecting information already nominated pipeline scheduler nominated data pipeline would get doubled scheduler would way correct problem cases schedulers would get pipeline manually cut original nominated volume issue unify explained dave feel free chime left anything donna greif 04 05 2000 01 18 pm kathryn bussell hou ect ect robert cotten hou ect ect mark mcclure hou ect ect gary l payne hou ect richard pinion hou ect ect robert superty hou ect ect george smith hou ect ect katherine l kelly hou ect ect randall l gay hou ect ect daren j farmer hou ect ect edward terry hou ect ect cc dave nommensen hou ect ect diane e niestrath hou ect ect carrie hollomon hou ect ect bryce baxter hou ect ect kathryn cordes hou ect ect dana daigle corp enron enron elizabeth l hernandez hou ect ect julie meyers hou ect ect b scott palmer hou ect ect stephanie sever hou ect ect dianne j swiber hou ect ect peggy hedstrom cal ect ect dianne seib cal ect ect sylvia campos hou ect ect linda bryan hou ect ect faye ellis hou ect ect donna consemiu hou ect ect scott mills hou ect ect russ severson hou ect ect martha stevens hou ect ect karie hastings hou ect ect regina perkins hou ect ect imelda frayre hou ect ect william e kasemervisz hou ect ect hunaid engineer hou ect ect steven gullion hou ect ect larrissa sharma hou ect ect thomas engel hou ect ect subject sitara release changes global due consent assignment fyi change went deal validation group gives ability change counterparties names bridge back impact logistics unify counterparty name change takes place deals bridge backed could cause problems edi pipes new counterparty name flow unify repathing eventually take place one problem may imbalance data sets production yet edi imbalance qtys would match paths may also cause issue scheduled quantities especially nominations sent entire month remember rules one think unify safe guards idiot proofs force pathing unify ability ride duns numbers yet would still cause additional step edi scheduler would need think order get clean quick response impacts vol mgt counterparty name changes take place prior periods pathing call diane dave speaking w hopefully get clear understanding true impact sure need put processes procedures together deal validation follow type changes needed keep posted thanks dg thomas engel 04 05 2000 09 44 kathryn cordes hou ect ect dana daigle corp enron enron elizabeth l hernandez hou ect ect julie meyers hou ect ect b scott palmer hou ect ect stephanie sever hou ect ect dianne j swiber hou ect ect peggy hedstrom cal ect ect dianne seib cal ect ect cc sylvia campos hou ect ect linda bryan hou ect ect faye ellis hou ect ect donna consemiu hou ect ect scott mills hou ect ect russ severson hou ect ect martha stevens hou ect ect karie hastings hou ect ect regina perkins hou ect ect imelda frayre hou ect ect william e kasemervisz hou ect ect hunaid engineer hou ect ect steven gullion hou ect ect larrissa sharma hou ect ect donna greif hou ect ect subject sitara release changes global due consent assignment regarding ability change counterparties deals sitara confirmed volumes tom words caution someone calls wants change counterparty created ability invalidate deal change counterparty however add warning message warning changing counterparty deal confirmed volumes make sure pipeline allows change pipelines allow us change counterparties feedback assume reasons rule used blow old scheduling systems pre unify pipelines require new deal zero old deal make change make sure logistics person aware case causes problems pipeline sorry know pipes ask unify team one rule still place change ena im east ena im market east ena im texas hplc im hplc changing business units must legal entity warning legal entity also beware making contract counterparty changes service deals transport capacity storage cash deal invalidated rules forget items locked reason invalidate service deal change previously locked data validated someone used deals unify highly likely unify deals paths created using deals get corrupted always check someone unify make sure one used deals anything unify forwarded thomas engel hou ect 04 05 2000 09 47 scott mills 04 04 2000 07 38 pm kathryn cordes hou ect ect dana daigle corp enron enron elizabeth l hernandez hou ect ect julie meyers hou ect ect b scott palmer hou ect ect stephanie sever hou ect ect dianne j swiber hou ect ect cc steve jackson hou ect ect thomas engel hou ect ect sylvia campos hou ect ect linda bryan hou ect ect faye ellis hou ect ect donna consemiu hou ect ect subject sitara release changes global due consent assignment release put tuesday evening deal validation able change counterparty deals volume something expected e g confirmed nominated scheduled etc addition release also capture near time contract changes made global means need server bounces necessary new changes contracts show without get deal manager new counterparties new changes facilities require getting active sitara apps except launch pad apps start new app respective information looking appear mention near time constrained amount time takes change global data trigger alert sitara updates information srm x 33548 cyndie balfour flanagan enron 04 04 2000 03 41 pm connie sutton hou ect ect linda bryan hou ect ect kathryn cordes hou ect ect scott mills hou ect ect richard elwood hou ect ect dave nommensen hou ect ect kenneth harmon hou ect ect dana daigle corp enron enron kathryn cordes hou ect ect elizabeth l hernandez hou ect ect julie meyers hou ect ect b scott palmer hou ect ect stephanie sever hou ect ect dianne j swiber hou ect ect gayle horn corp enron enron brant reves hou ect ect russell diamond hou ect ect debbie r brackett hou ect ect steve jackson hou ect ect cc subject changes global due consent assignment following changes made global contracts database due receipt executed consent assignment following contracts current counterparty name contract type contract new counterparty name ces commonwealth energy services gisb 96029892 commonwealth energy services ces samuel gary jr associates inc gisb 96029302 samuel gary jr associates ces south jersey gas company gisb 96029143 south jersey gas company cp name change contract type correction contract type different provided ces per ces ces southwest gas corporation 1 1 98 gisb 96029146 per contract file ces southwest gas corporation 04 14 93 master purchase sale interruptible edit global 96029146 ces southwest gas corporation 12 01 94 master sale firm created new global record accommodate k 96037402 please note southwest gas corporation consented assignment contracts,0
new unify transaction volume count reports forwarded donna greif hou ect 05 09 2000 04 49 pm dave nommensen 05 09 2000 12 13 pm donna greif hou ect ect cc subject new unify transaction volume count reports fyi forwarded dave nommensen hou ect 05 09 2000 12 12 pm dave nommensen 05 09 2000 08 24 lisa b cousino hou ect ect diane h cook hou ect ect shari mao hou ect ect cc benedicta tung hou ect ect subject new unify transaction volume count reports 2 new reports available start programs trading unify gas reporting password unify gas password go path manager report general report selection path manager two new reports monthly transaction counts monthly volume counts enjoy n,0
desk desk deals mid july sitara change logic desk desk deals post volume associated sales seller side sitara deal currently volume receipt buyer side posted change implemented order coincide logic currently used sap change help avoid intercompany imbalances please aware change effect desk desk deals logic transport usage deals remain currently delivery point posts sitara deal questions please give call x 39222 chao,0
unify please provide bob superty list pipelines late nomiation issues result mornings unify problems,0
dave n pocket next week beyond class next week hyatt unify performance issues need immediate attention please call jim ogg 5 7225 kishore b 3 0347 russ whitton 3 3874 already pager number also next 2 months office space gutted built located 3 allen center 37 th floor convenient phone number feel free send postcard n,0
fw unify exception list matt response sounds like might want specify exception personnel 8 12 12 thru 4 00 4 thru 6 normal business hours end month holidays long weekends rp original message pena matt sent friday october 12 2001 1 03 pm pinion richard subject unify exception list yes correct watchdog likely vm settlements pm afternoon need payments door pm get goes ways send needs system matter would help correct 8 12 logistics critical anyones guess original message pinion richard sent friday october 12 2001 11 38 pena matt subject fw unify exception list based victor response think confusion actually several critical time periods depending group time day perhaps eliminate confusion could specify time period going watchdog interpreted mean 8 12 period victor thinking afternoon depending time might different people kicked rp original message lamadrid victor sent friday october 12 2001 11 00 sullivan patti pena matt cc warner john hall bob rao ramesh sengupta jayanta nguyen ben melethil anwar baxter bryce bussell l kathryn dawes cheryl greif donna hall bob heal kevin jaquet tammy kinsey lisa lakho shahnaz machleit shirley mcclure mark olinger kimberly pinion richard reeves leslie smith george f staab theresa superty robert wynne rita subject unify exception list critical users east desk using path manager meredith homco clarissa garcia christina sanchez victor lamadrid could alert us invoking watchdog kick logistics would great thanks original message sullivan patti sent friday october 12 2001 9 42 pena matt cc warner john hall bob rao ramesh sengupta jayanta nguyen ben melethil anwar baxter bryce bussell l kathryn dawes cheryl greif donna hall bob heal kevin jaquet tammy kinsey lisa lakho shahnaz lamadrid victor machleit shirley mcclure mark olinger kimberly pinion richard reeves leslie smith george f staab theresa superty robert wynne rita subject unify exception list west desk critical users use path manager users shannon groenewold daniel lisk suzanne christiansen corey wilkes jackie adams shelly mendel stacey brewer walt spiegelhauer starting next week joshua blair original message pena matt sent thursday october 11 2001 8 37 pm baxter bryce bussell l kathryn dawes cheryl greif donna hall bob heal kevin jaquet tammy kinsey lisa lakho shahnaz lamadrid victor machleit shirley mcclure mark olinger kimberly pinion richard reeves leslie smith george f staab theresa sullivan patti superty robert wynne rita cc warner john hall bob rao ramesh sengupta jayanta nguyen ben melethil anwar subject unify exception list going forward precautionary measure begin locking users system need arises use watchdog application order initiate process last resort notify reasons mainly ensure critical system resources provided users need old list sybase longer exists need help putting together new list please provide list people absolutely critical users system obviously situation remedied everyone exception user please provide user name application need e volume management settlements path manager sooner get sooner get implemented thanks,0
dave n july 5 th taking sabbatical beginning moment control exact time may already happened plan visit mountains ocean miss miss unfortunately enron requires employees use vacation time instead inner self time return someday looks like july 5 th kind bummed maybe transcended new plateau understanding absence contact milind patil x 39247 unify performance issues thanks understanding persona formerly known dave keyboard longer used spell new name,0
sitara positions end month feedback unify robert superty ect 11 16 2000 09 02 randall l gay hou ect ect edward terry hou ect ect victor lamadrid hou ect ect tricia spence hou ect ect george smith hou ect ect beverly beaty hou ect ect pat clynes corp enron enron patti sullivan hou ect ect donna greif hou ect ect richard pinion hou ect ect cc dave nommensen hou ect ect matt pena na enron enron bob hall na enron enron subject sitara positions end month feedback unify please take note dave important message regarding sitara positions absolutely afford go need everything possible help limit exposure prices winter weather upon us likely challenging bid week said want make sure adhere daily clean process pull necessary reports day keep schedulers make sure date wish donna richard make available day distribute group much time needs happen immediately donna please provide daily summary desks remainder month let know questions concerns thanks bob dave nommensen 11 16 2000 08 31 robert superty hou ect ect randall l gay hou ect ect george smith hou ect ect edward terry hou ect ect victor lamadrid hou ect ect tricia spence hou ect ect beverly beaty hou ect ect pat clynes corp enron enron patti sullivan hou ect ect carlos j rodriguez hou ect ect kevin heal cal ect ect anita k patton hou ect ect cc matt pena na enron enron donna greif hou ect ect richard pinion hou ect ect kathryn bussell hou ect ect jeff johnson corp enron enron bob hall na enron enron jayant krishnaswamy hou ect ect scott mills hou ect ect tommy j yanowski hou ect ect richard burchfield hou ect ect subject sitara positions end month feedback unify bob et al sure recall problem sitara positions earlier month cease trading early revert cpr positions although gotten far transition unify onto sitara tds see potential happening towards end month beginning next month problem managing positions combination sheer deal counts along updates deals large portion updates come sitara via unify bridge back process would ideal could continue unify data cleaned scrubbed week week try avoid bulk month updated bridged final week days month know goal logistics want help reinforce goal due performance impact gas trading systems perhaps extra pair eyes pipeline exception summary bridge back pipeline summary unify month would help another area causes transaction counts increase need 2 months active time words november first week two december sitara continues maintain positions november november data degrades ability update december positions timely manner may find remove november deals sitara positions sooner past trying work sitara team coming days weeks implement combination quick fixes well look long term changes necessary support increased trading business please let know questions comments area thanks n,0
fw sitara eol bridge problem today fyi also monitoring eol sitara bridge time inform traders desks situation status deals bridged 10 30 ish thanks original message truong dat sent thursday october 25 2001 11 11 moorer torrey lamadrid victor severson russ grant george cc husain karima lim francis saluja gurdip sweitzer tara subject sitara eol bridge problem today problem faced today due 2 eol deal packets 2098073 2099764 startdate enddate missing 2 tibco message fields caused bridge bounce resulted queue build bridge starting bridge takes 2 minute startup time deals sent resent continuously cause sitarar eolbridge restart thus magnifying buildup queue corrective action taking end build rejection logic eol packets start enddate dat truong,0
possibly adding deal prices path manager donna greif ect 09 05 2000 02 28 pm patti sullivan hou ect ect victor lamadrid hou ect ect george smith hou ect ect pat clynes corp enron enron kevin heal cal ect ect cc diane h cook hou ect ect robert superty hou ect ect dave nommensen hou ect ect subject possibly adding deal prices path manager please see note nommensen let know thoughts note additional functionality screen view may cause impact system performance thanks dg forwarded donna greif hou ect 09 05 2000 02 23 pm dave nommensen 08 31 2000 11 37 donna greif hou ect ect cc matt pena na enron enron dave mcmullan hou ect ect subject possibly adding deal prices path manager donna request brought week would like run managers input add deal price sales supply list windows path manager seems significant based transactions eol mentioned past related baggage impact performance may run slower could make option pay price need ability show tier info maybe use work tiered try represent actual pricing agreed format deals index pricing percentage fixed price offset ie 98 transco znl 02 column would customizable resizing relocating user preference let know hear n,0
unify stress test next week sybase 12 0 yvette pat daren please send gas schedulers hi probably already heard test new sybase data base release today testing resume tomorrow wed 6 21 noon people least verify security access today access please contact diane niestrath 3 9931 dave mcmullan 3 9127 diane niestrath dave nommensen 06 16 2000 05 25 pm susan harrison hou ect ect brenda f herod hou ect ect bryce baxter hou ect ect rita wynne hou ect ect pat clynes corp enron enron randall l gay hou ect ect george smith hou ect ect edward terry hou ect ect beverly beaty hou ect ect carrie hollomon hou ect ect cc jeff johnson corp enron enron scott williamson hou ect ect john pyle corp enron enron jim ogg hou ect ect jaikishore bharathi hou ect ect regan smith hou ect ect kenneth harmon hou ect ect paul f poellinger hou ect ect subject unify stress test next week sybase 12 0 done preliminary testing latest version sybase version 12 seen positive results initial tests would like proceed stress test confused showing day work would like 2 tests next week due hardware business restrictions test would similar late 1998 ah days ask users well folks run many usual processing scripted time frame approx noon 1 30 pm tuesday wednesday sure order yummy pizza sandwiches staff sybase 12 0 environment accessed via start programs test applications unify applications unify gas power stage login window select server ase 12 test usual production password work try houston work try neighbor audit says fine test user plan run several sessions permissible simulate heavy load system make able participate time please staff try login time monday insure access test script time period 12 00 1 30 logistics pathing nominating running reports 12 20 1 30 volume management thing 12 40 1 30 settlements accounting pile please let know area would able assist important test results 2 tests dictate whether pursue migration new release mid july less bid weeks poor system performance better thanks advance help n,0
prelminary findings deals bridging matt pena 11 15 2000 12 09 pm robert superty hou ect ect cc edward terry hou ect ect victor lamadrid hou ect ect pat clynes corp enron enron donna greif hou ect ect richard pinion hou ect ect patti sullivan hou ect ect george smith hou ect ect randall l gay hou ect ect tricia spence hou ect ect carlos j rodriguez hou ect ect tom acton corp enron enron subject prelminary findings deals bridging attached spreadsheet showing deals bridged unify november please let alarm bridge always worked questions would like discuss please let know every instance found looks okay following transport ut ticket pipe deal deal killed deal entered mistake buy sell hence inactive state unify deal demand based deal price volumes deal point assigned zone thanks,0
automate load scheduled quantity sirpo 0067 updated draft enhancement document automate load scheduled quantities would appreciate feedback please comments cob 10 19 01 thanks tammy original message jaquet tammy sent thursday october 04 2001 6 19 pm pena matt nguyen ben greif donna pinion richard lakho shahnaz farmer daren j heal kevin kinsey lisa lamadrid victor smith george f sullivan patti dinari sabra l driscoll ernest marde l greif donna muzzy charles cc superty robert subject automate load scheduled quantity sirpo 0067 attached draft enhancement automate load scheduled quantities please review provide input cob 10 10 01 need discuss document let know make arrangements meet get input issue updated document meet prioritize thanks tammy,0
volume feedback unify sitara fyi following unify sitara bridge back schedule sitara team unify still send files sitara sitara process bridge back times listed list response several inquiries regarding slow bridge back times sitara hours listed 24 hr format central time 1 monday friday 14 00 19 49 hrs single thread 2 monday friday 19 50 24 00 hrs multi thread 3 monday friday 00 01 13 59 hrs bridge back 4 sat sunday 12 50 24 00 hrs multithread 5 sat sunday 00 01 12 49 hrs bridge back,0
wed unify mtg 2 00 2 allen center 12 th floor conf room attached presentation jeff reviewed last week meeting forwarded brenda f herod hou ect 06 27 2000 08 39 pm jeff johnson enron 06 19 2000 05 34 pm beth perlman hou ect ect bryce baxter hou ect ect brent price hou ect ect leslie reeves hou ect ect laura e scott cal ect ect sheila glover hou ect ect jefferson sorenson hou ect ect robert superty hou ect ect brenda f herod hou ect ect kenneth harmon hou ect ect dave nommensen hou ect ect regan smith hou ect ect laray odum luminant com nadeem abbasi luminant com scott williamson hou ect ect paul f poellinger hou ect ect john simmons na enron enron chris hanz corp enron enron sally beck hou ect ect rebecca ford hou ect ect cc angelina v lorio hou ect ect john paskin lon ect ect subject wed unify mtg 2 00 2 allen center 12 th floor conf room please note wed meeting held planned 2 00 4 00 pm 2 allen center 12 th floor forum conference room room entrance elevator bank foyer draft presentation discuss wednesday interested input feedback meeting wednesday thanks forwarded jeff johnson corp enron 06 19 2000 05 20 pm alarm enabled alarm occur 06 21 2000 01 55 pm calendar entry brief description date time unify system problems proposed immediate projects two allen center 12 th floor forum 06 21 2000 02 00 pm 04 00 pm detailed description meeting held two allen center 12 th floor large conference room called forum room entrance elevator bank foyer believe approach immediately begin address key performance issues unify system successful proposed projects need input sponsorship participation angie lorio find location publish soon possible proposed agenda follows unify current state strengths issues ii conceptual overview proposed solutions organization building performance monitoring team sybase 12 upgrade sql server testing middle tier rearchitecture project scoping write effort iii solutions proposals plans immediate review kickoff proposed scope assumptions high timelines cost estimates staffing iv facilitated discussion unify future growth changes required unify new project prioritization invitations sent beth perlman hou ect ect bryce baxter hou ect ect brent price hou ect ect leslie reeves hou ect ect laura e scott cal ect ect sheila glover hou ect ect jefferson sorenson hou ect ect robert superty hou ect ect brenda f herod hou ect ect kenneth harmon hou ect ect dave nommensen hou ect ect regan smith hou ect ect laray odum luminant com nadeem abbasi luminant com scott williamson hou ect ect paul f poellinger hou ect ect optional invitees chris hanz corp enron enron john simmons na enron enron angie lorio meeting repeats starting date occurs weekend meeting,0
path manager rewrite optimization project comments fuschia lisa original message pinion richard sent wednesday october 10 2001 2 35 pm pena matt cc warner john ripley brian souza romeo rao ramesh kinsey lisa lamadrid victor sullivan mary sullivan patti heal kevin staab theresa farmer daren j jaquet tammy superty robert bussell l kathryn subject path manager rewrite optimization project following comments managers cc might additional thoughts original message pena matt sent monday october 08 2001 4 26 pm pinion richard jaquet tammy superty robert pena matt cc warner john ripley brian souza romeo rao ramesh subject path manager rewrite optimization project importance high currently identifying processes inefficient could possibly benefit rewritten even performed going foward would like bob appoint lead business person could ask questions suggest ideas could turn validate information desk managers schedulers approach nomlogic clarissa work issues worked quite nicely ever choose would need 15 time later coordination efforts testing may go 75 see happening though sooner get someone devote better expect changes looking improve performance quite bit said identified three items would speed processing retrieval path manager 1 currently path manager attempts reuse path ids think reason need perform extra step runs processing application generally find match know patti mentioned several times think valid reason performing work talked dave nommensen according used happen sometimes schedulers would get duplicate paths put code place scheduling perspective understanding main concern maintain position able change overpathed see path manager either way pinion richard restate question clarity path manager scheduler pulls supply market service adds downstream contract information duns drn override saves unify looks old path exact variables finds uses find exact match creates new path path id told away function would create unacceptably high amount paths since path nominated could deleted changed one time schedulers looked path activity number match nominations texas eastern pipeline needed old activity numbers matter long since used spoke chris ordway new link system longer needs occur transco uses activity numbers uses activity number cross reference table function therefore affected therefore create space memory problem unify think constant old path look needed kinsey lisa get rid 2 scheduling position window anyone use remove code logic populates window never seen scheduler use please verify pinion richard originally window use everyone legacy system autonoms duplicated unify request used unify sophisticated tools unify provides obviate use value would notification bridge errors contract imbalances ways determine problems voted previous meeting managers lose kinsey lisa still 3 inventory pool list anyone need see contarct references list code called every retrieval time appear used observations need information could provide prefer remove functionality pinion richard function still much use point based pipelines must use imbalance pool facilitate balancing nomination volumes multiple pipeline external pools exist pathed contract imbalance pool keep kinsey lisa yes use functionality lot pathing pools 4 pathing one many many one set paths average number paths create one time updates know anr nigas big users feature since small packages gas limited size system seem faster update one record time chunks records real question often number paths updates inserts update mean going path list changing upstream downstream contract psna turn forces new path created pinion richard one many many one pathing goes every day every pipeline average typically update path downstream meters duns dnb numbers one time however hope answers question see change process time kinsey lisa pipes function used others used try many paths possible time see need change process 5 brokered paths want utilize logic service words updating brokered arrangements incorporate logic zeroing path recreating new arrangment link hence sending renominated service renominate assume since send brokered paths pipe anyway nomlogic implmentation two way interface planning behave way service need verified pinion richard perform logic brokered paths nominated pipeline hence need zero path resent pipeline significant change made already nominated path see need change way brokered paths behaving time kinsey lisa agree richard,0
unify passwords reset sybase 12 0 convert unify sybase 12 0 passwords get reset houston login unify change password unavoidable side affect migrating sybase 12 0 thanks chris,0
f hpl nom eff april 1 2001 daren tried get kcs give nom earlier coming nom vance spreadsheet 7 129 kcs reducing gathering piece 5 500 bob forwarded robert cotten hou ect 03 28 2001 12 26 pm bob withers 03 28 2001 11 16 01 bob cotten e mail cc knox westmoreland stretch brennan tom acton e mail subject f hpl nom eff april 1 2001 estimated josey ranch nomination month april 2001 hpl nomination volume effective 4 1 2001 5 500 mmbtu day kcs resources 1 500 mmbtu day texaco 7 000 mmbtu day total assumed btu factor 1 083 14 65 dry need additional information kcs field contact stretch brennan victoria 512 576 1005 bob withers kcs energy inc 5555 san felipe suite 1200 houston tx 77056 voice 713 964 9434 fax 713 877 1394,0
trv notification waha 06 21 2001 report named waha published 06 21 2001 available viewing website,0
automate load scheduled quantity sirpo 0067 attached draft enhancement automate load scheduled quantities please review provide input cob 10 10 01 need discuss document let know make arrangements meet get input issue updated document meet prioritize thanks tammy,0
deal 125822 expected volume subject deal changed effective 3 28 01 meter trade zone counterparty 9658 16 kcs resources 6 500 5 700 bob,0
waha hubco waha hubco linda going working primary interface producer let know dave lets get together discuss following action plan actions linda r 1 get confidentiality agreement place 2 get analytical support create economic model waha hubco define value enron 3 scope roles responsibilities parties dave tom h 1 lead discussions sid r tw physical interconnection options brian 1 work daren f define physical interconnection supply objectives enron hubco 2 work tom define trading info objectives enron hubco 3 work jim define storage objectives enron hubco regards brian get confidentiality agreement established original message roper mitchell mailto mrroper sidrichgas com sent friday september 28 2001 10 22 redmond brian cc puckett kerry moncrief richard wade jim farley wayne subject waha hubco brian forwarded e mail people shop working directly project tom hodges talked kerry puckett bd group set meeting tues 10 02 01 setup confidentiality agreement want would probably allow us discuss storage options area freely since today see get rick moncrief send form agreement used look pretty similar far deal structure pretty open setup definitely interested equity partnership jv core area assets wish continue actively involved deals believe add value believe significant potential create trading platform utilizing combined assets well liquidity sres system supply could create expanded waha hub rick group taking point project coordinate others involvement necessary within company look forward working team project thanks mitch original message redmond brian mailto brian redmond enron com sent thursday september 27 2001 12 01 pm mroper sidrichgas com cc roberts linda subject waha hubco mitch lot happened since last met wanted get back waha hubco project attached initial presentation topic asked engineers dave owen tom hodge get touch brad look physical interconnection options tw would good understand system objectives would also like understand thoughts commercial structure terms would would like work enron suggest confidentiality agreement would appropriate starting point like forward one review regards brian e mail property enron corp relevant affiliate may contain confidential privileged material sole use intended recipient review use distribution disclosure others strictly prohibited intended recipient authorized receive recipient please contact sender reply enron corp enron messaging administration enron com delete copies message e mail attachments hereto intended offer acceptance create evidence binding enforceable contract enron corp affiliates intended recipient party may relied anyone basis contract estoppel otherwise thank,0
gathering meters adjustments please refer attached spreadsheet gathering meters nominations adjusted volumes avg column effective 4 9 01 bob,0
gathering meters adjustments please refer attached spreadsheet gathering meters nominations adjusted volumes avg column effective 4 9 01 bob,0
fw waha hubco fyi original message redmond brian sent thursday september 27 2001 12 01 pm mroper sidrichgas com cc roberts linda subject waha hubco mitch lot happened since last met wanted get back waha hubco project attached initial presentation topic asked engineers dave owen tom hodge get touch brad look physical interconnection options tw would good understand system objectives would also like understand thoughts commercial structure terms would would like work enron suggest confidentiality agreement would appropriate starting point like forward one review regards brian,0
sos aep missing 3 deals 05 01 daren per conversation ryan mcgrath aep ohio genaro mendoza enron trying settle 05 01 gas sales netout per ryan missing 3 sales deals sales aep hpl ena waha hub stated per understanding genaro reflecting ena info provided missing deals follows waha hub 7900 4 18 33 022 00 waha hub 7900 4 09 32 311 00 waha hub 7900 4 365 34 483 50 checked julie meyers see e mail suggested contact help one reflect 05 01 sales aep unify thanks tess forwarded tessie n ray aepin 06 25 01 07 24 julie l meyers tessie n ray aepin aepin 06 22 01 04 41 cc pm subject aep missing 3 deals 05 01 document link tessie n ray would ask daren farmer enron julie tessie n ray 06 22 2001 04 14 pm julie l meyers hol aepin aepin cc genaro mendoza enron com charlene l richmond hol aepin aepin subject aep missing 3 deals 05 01 per conversation ryan mcgrath aep ohio genaro mendoza enron trying settle 05 01 gas sales netout per ryan missing 3 sales deals sales aep hpl ena waha hub stated per understanding genaro reflecting ena info provided missing deals follows waha hub 7900 4 18 33 022 00 waha hub 7900 4 09 32 311 00 waha hub 7900 4 365 34 483 50 help one reflect 05 01 sales aep unify thanks tess,0
fw hubco original message redmond brian sent wednesday september 26 2001 1 33 pm higgins ned hilgert chris mrha jean subject hubco follow discussion yesterday information using describe waha hubco project relates compression services deal unocal know discussion nng managing storage agreement sid richardson transco develop intrastate header system sid richardson gas also connected unocal plant need keep coordinated discussions regards brian,0
hesco gathering company l l c meter 098 6709 dunn mccampbell 4 murdock pass north field kleberg co tx image george 832 668 1373 pager 713 990 5064 forwarded george weissman hol aepin 08 21 01 05 16 pm george weissman 07 31 01 02 46 pm robert r cotten hol aepin aepin cc robert r cotten hol aepin aepin mary j poorman hol aepin aepin julie l meyers hol aepin aepin edward terry hol aepin aepin mary j poorman hol aepin aepin melissa r graves hol aepin aepin gerald w lofton hol aepin aepin cynthia g hakemack hol aepin aepin subject hesco gathering company l l c meter 098 6709 dunn mccampbell 4 murdock pass north field kleberg co tx bob prior period deal entry entered sitara deal 958270 6 26 01 thru 8 31 01 evergreen 85 gd june 85 hsc july august beyond meter 098 6709 volume june 150 volume july august 300 george 832 668 3173 aep 12 th floor 713 990 5064 pager,0
kcs resources nom april 1 nom kcs resources deal 125822 meter 9658 revised 7 129 5 500 bob,0
kcs resources nom april 1 nom kcs resources deal 125822 meter 9658 revised 7 129 5 500 bob,0
temp forecast model xls file city temperature weights,0
dewbre petroleum vance following deal spreadsheet prebid list daren maintains deal counterparty meter 137595 dewbre petr 9662 good deal bob,0
dewbre petroleum vance following deal spreadsheet prebid list daren maintains deal counterparty meter 137595 dewbre petr 9662 good deal bob,0
fw 2 nd rev hpl nom eff march 28 2001 daren kcs wants take nom 6 500 5 700 gathering increase texaco transport volume meter 9658 beginning today okay change bob forwarded robert cotten hou ect 03 28 2001 09 22 bob withers 03 27 2001 03 52 45 pm bob cotten e mail cc tom acton e mail stretch brennan knox westmoreland subject fw 2 nd rev hpl nom eff march 28 2001 sorry confusion dates subject line correctly reflected body letter incorrectly reflected change shift texaco kcs march 28 2001 bob withers zero net change need additional information kcs field contact stretch brennan victoria 512 576 1005 bob withers kcs energy inc 5555 san felipe suite 1200 houston tx 77056 voice 713 964 9434 fax 713 877 1394,0
lng mtg wednesday july 11 2001 4 30 pm 5 00 pm gmt 06 00 central time us canada eb 3259,0
cokinos tri c april elections melissa darren global contract 96045720 cokinos tri c elected price production month april 2001 follows 4 000 97 hsc production excess 4 000 priced 97 gas daily thank michael,0
cokinos tri c april elections melissa darren global contract 96045720 cokinos tri c elected price production month april 2001 follows 4 000 97 hsc production excess 4 000 priced 97 gas daily thank michael,0
spinnaker supply verification 11958 su october 2000 production fyi bob forwarded robert cotten hou ect 12 07 2000 10 12 nick moshou enron 12 07 2000 10 13 christy sweeney hou ect ect gary bryan hou ect ect cc vance l taylor hou ect ect robert cotten hou ect ect subject spinnaker supply verification 11958 su october 2000 production christy per conversation attached updated version reallocation difference texas general land received 21 8945 total volume 55 645 mmbtu updating spreadsheet spinnaker owe hpl approximately 36 000 thanks nick,0
december preliminary production estimate daren fyi bob forwarded robert cotten hou ect 11 20 2000 05 33 pm vance l taylor 11 20 2000 04 47 pm robert cotten hou ect ect cc gary hanks hou ect ect melissa graves hou ect ect subject december preliminary production estimate bob please see attached file estimating wellhead production month december please advised preliminary estimate date received noms december may revisions traders update revisions occur thanks vlt x 3 6353,0
volume changes neal following volume changes made today deal meter zone effective 439825 9797 6 626 1000 3 24 3 31 439837 3543 3 808 1000 3 24 3 31 377169 9842 7 8034 0 3 23 3 26 bob,0
deal 413652 meter 9603 subject volume revised 35 517 38 488 effective 12 5 00 bob,0
spinnaker supply verification 11958 su october 2000 production fyi bob forwarded robert cotten hou ect 12 07 2000 09 49 christy sweeney 12 07 2000 09 38 gary bryan hou ect ect cc vance l taylor hou ect ect nick moshou corp enron enron robert cotten hou ect ect subject spinnaker supply verification 11958 su october 2000 production gary spinnaker got paid volumes inadvertently got averaged month since spinnaker paid gas daily pricing month going dollar discrepancy volumes sent actual day flow calculations using gas daily less 21 price going owe spinnaker additional 220 398 57 one issue needs addressed additional money go directly spinnaker since allocating october 2000 production payments ranger houston exploration attached spreadsheet showing came extra money owed thank christy 39050 ps address issue onshore offshore meter addressing redistribution volumes month october,0
revised deal tickets volumes revised following deal tickets effective 12 6 00 deal meter trade zone 126281 6296 1 4 000 4 500 126289 9757 23 2 455 1 955 bob,0
volume changes december 2000 please note following volume changes december 2000 deal meter counterparty trade zone 126281 6296 eog res 1 5 412 4 000 125822 9658 kcs res 16 9 379 7 500 bob,0
tri c cokinos gov bill daniels dec pricing daren fyi bob forwarded robert cotten hou ect 11 30 2000 06 20 pm enron north america corp melissa graves 11 30 2000 04 40 pm julie meyers hou ect ect cc donald p reinhardt hou ect ect susan smith hou ect ect vance l taylor hou ect ect michael walters hou ect ect jeffrey austin hou ees ees robert cotten hou ect ect cynthia hakemack hou ect ect subject tri c cokinos gov bill daniels dec pricing julie please correct pricing sitara ticket 377169 month dec 97 hsc 97 gas daily per jeff message thank melissa forwarded melissa graves hou ect 11 30 2000 04 39 pm jeff austin ees 11 28 2000 02 38 pm melissa graves hou ect ect cc jill zivley hou ect ect subject tri c cokinos gov bill daniels dec pricing melissa cokinos elected paid gas daily month december please let jill know questions thanks jeff,0
spot deals created entered following deals sitara hplc im wellhead purchases december 2000 production deal counterparty meter volume 500590 amerada hess 435 2 822 500591 anadarko petr 435 1 148 500592 apache corp 435 1 379 500593 barrett res 435 1 597 500595 crosstex energy 435 682 500596 mariner energy 435 350 500597 ocean energy 435 3 750 500598 seneca res 435 3 195 500599 st mary land 435 3 299 500600 walter oil gas 435 6 778 500601 whiting petr 6523 117 500658 cavalier oil gas 6850 500 500662 cavalier oil gas 9800 166 500664 cody energy 5333 2 169 500665 cokinos natural 9676 1 500666 crosstex energy 9843 122 500667 crosstex energy 6789 2 500 9868 set 500668 crosstex energy 9858 2 800 500669 crosstex energy 6519 1 500670 ctl oil gas 6821 300 500671 duke energy 6347 168 500672 eex oper 6500 1 789 500673 embassy nat 6598 1 500674 coastal merchant 5848 195 500675 coastal merchant 5923 667 500676 george alcorn 9746 1 500677 heatherloch mun 6879 226 500678 richardson prod 9807 7 646 500680 sanchez oil gas 9760 10 038 500681 sanchez oil gas 9760 5 379 500682 swift energy 2630 223 500683 tri union devel 2697 990 500730 etoco inc 0393 3 802 9738 bob,0
meter 6009 lundell ranch c p gato creek fyi robert cotten ect 11 17 2000 10 56 vance l taylor hou ect ect cc pat clynes corp enron enron neal winfree hou ect ect subject meter 6009 lundell ranch c p gato creek vance appears actual volumes significantly higher nominations subject meter past several months following represents activity months june september gas month total nom mmbtu total actual mmbtu 06 2000 19 680 116 040 07 2000 19 933 128 755 08 2000 19 530 136 845 09 2000 18 540 159 935 deal 135708 calpine natural gas company activity meter adjust nomination closely resemble actual volume please advise thanks bob,0
camden resources inc team still waiting agreements returned us camden driscoll ranch 3 well receive monday december 4 2000 spoke field guy today bobby husky stated well would ready turn 3 weeks said amine plant installed therefore waiting fyi everyone still booked december 2000 please forward email anyone might left thank joanne x 68228,0
april 2001 gathering contracts daren fyi bob,0
spot deals april 2001 following entered spot deals april 2001 deal counterparty meter trade zone volume 689849 amerada hess 0435 09 2 714 689850 anadarko 0435 09 1 104 689851 apache corp 0435 09 1 326 689893 barrett res 0435 09 1 536 690252 stone energy 9696 06 4 030 691156 cima energy 6284 05 361 689894 crosstex 0435 09 656 691773 crosstex 6519 05 1 691813 crosstex 9843 05 106 692651 comstock 9878 08 500 691873 duke energy 6347 21 144 691982 embassy 6598 22 1 692011 el paso mer 5848 05 203 692026 el paso mer 5923 05 622 688602 four square 9705 08 776 692207 helmerich p 9841 06 6 500 692215 hesco 9876 05 85 692246 hurd ent 5427 18 4 689896 ocean en 0435 09 3 607 689508 phillips 6782 06 4 013 692461 ranger oil 9871 09 147 689898 seneca res 0435 09 3 073 692844 houston ex 9696 06 5 000 689814 pure res 9685 05 139 689905 tri union 0435 09 149 692898 whiting petr 6523 12 113 bob,0
phillips 4 01 carlos created following deal 4 01 production deal 689508 meter 98 6782 deal volume 5 000 expected vol 4 200 price ifhsc less 0 05 bob,0
meter 9859 daren deal 450391 entered sitara spot wellhead purchase wagner oil company deal 250 meter 9859 priced ifhsc less 0 11 deal vance nom bob,0
meter 9658 requested kcs resources volume deal 125822 revised 10 494 8 600 effective 11 1 00 bob,0
flow volumes oxy gladewater meter 98926 bob volume 713 day referenced meter deal system allocate october flow began 10 11 hitting exception report please advise mary,0
driscoll ranch 3 gas pricing interconnect estimate help darren mjj forwarded mary jo johnson hou ect 11 09 2000 10 04 john daugherty 11 08 2000 04 38 37 pm cc subject driscoll ranch 3 gas pricing interconnect estimate mary jo thanks update regarding notice provision 6 business days prior close business last business day month prior selected month mean need give notice december tuesday november 21 st 5 00 pm monday november 20 th 5 00 pm assuming 23 rd 24 th holidays john daugherty original message cc sent wednesday november 08 2000 5 12 pm subject driscoll ranch 3 gas pricing interconnect estimate,0
october flow meter 982694 zavisch 2 measurement actuals first 14 days meter deal system wellhead production please advise mary,0
seac hpl freeport meter 98 0435 following deals created entered sitara effective 11 1 00 meter 98 0435 counterparty deal nom price ifhsc less amerada hess 465994 2 822 0 065 anadarko petroleum 465995 1 148 0 065 apache corp 465998 1 379 0 065 barrett resources 466000 1 597 0 06 crosstex energy svcs 466003 682 0 065 mariner energy 466008 350 0 055 ocean energy 466014 3 750 0 065 seneca resources 466016 3 195 0 06 st mary land expl 466017 3 299 0 065 walter oil gas 466021 6 778 0 055 dummy 456228 25 000 killed bob,0
producer services customer list laura send list everyone pat daren group forwarded edward gottlob hou ect 11 13 2000 07 12 kreg hall 11 08 2000 03 14 pm edward gottlob hou ect ect lisa hesse hou ect ect mary smith hou ect ect lauri allen hou ect ect cc subject producer services customer list updated producer services customer list 11 8 2000 let know questions thanks kreg hall ext 3 9912,0
driscoll ranch 3 gas pricing interconnect estimate thanks said daren j farmer 11 09 2000 02 00 pm mary jo johnson hou ect ect cc subject driscoll ranch 3 gas pricing interconnect estimate notice given monday 20 th 5 00 pm mary jo johnson 11 09 2000 10 12 daren j farmer hou ect ect cc subject driscoll ranch 3 gas pricing interconnect estimate help darren mjj forwarded mary jo johnson hou ect 11 09 2000 10 04 john daugherty 11 08 2000 04 38 37 pm cc subject driscoll ranch 3 gas pricing interconnect estimate mary jo thanks update regarding notice provision 6 business days prior close business last business day month prior selected month mean need give notice december tuesday november 21 st 5 00 pm monday november 20 th 5 00 pm assuming 23 rd 24 th holidays john daugherty original message cc sent wednesday november 08 2000 5 12 pm subject driscoll ranch 3 gas pricing interconnect estimate,0
meter 9707 daren fyi bob forwarded robert cotten hou ect 11 07 2000 11 04 aimee lannou 11 07 2000 10 32 robert cotten hou ect ect cc vance l taylor hou ect ect pat clynes corp enron enron subject meter 9707 please disreagard e mail estimates bad aimee enron north america corp robert cotten 11 07 2000 10 12 vance l taylor hou ect ect cc daren j farmer hou ect ect pat clynes corp enron enron aimee lannou hou ect ect subject meter 9707 vance please review note advise thanks bob aimee lannou 11 06 2000 03 52 pm daren j farmer hou ect ect cc robert cotten hou ect ect pat clynes corp enron enron subject meter 9707 daren meter 9707 deal 125786 gathering expired 10 1 00 extended deal one day last month flow 11 5 00 1851 set deal extend one please let know thanks aimee,0
shoreline gas inc buhler central point fyi bob forwarded robert cotten hou ect 11 16 2000 11 51 vance l taylor 11 16 2000 09 16 robert cotten hou ect ect cc lisa hesse hou ect ect julie meyers hou ect ect cynthia hakemack hou ect ect donald p reinhardt hou ect ect susan smith hou ect ect joanne harris na enron enron christy sweeney hou ect ect melissa graves hou ect ect subject shoreline gas inc buhler central point bob following production line ticket created entered sitara based following counterparty meter volumes price period global shoreline gas inc 9860 1 000 mmbtu 100 gas daily less 0 16 10 4 10 31 96052055 100 hsc less 0 16 11 1 11 30 96052055 fyi susan create submit committed reserves firm ticket remaining term deal beginning month december additionally producer svcs deal tracked im wellhead portfolio attached gathering contract thanks vlt x 3 6353 forwarded vance l taylor hou ect 11 08 2000 03 15 pm esther buckley 11 08 2000 02 20 pm molly l carriere hou ect ect clem cernosek hou ect ect donna consemiu hou ect ect robert cook hou ect ect howard b camp hou ect ect lisa hesse hou ect ect nathan l hlavaty hou ect ect wayne e lightfoot hou ect ect james mckay hou ect ect mary smith hou ect ect steve hpl schneider hou ect ect melissa graves hou ect ect michael walters hou ect ect eric wardle hou ect ect jill zivley hou ect ect mary jo johnson hou ect ect rita wynne hou ect ect lauri allen hou ect ect cheryl jones gpgfin enron enron reid hansen gco enron enron darron c giron hou ect ect neal winfree hou ect ect susan smith hou ect ect gary bryan hou ect ect gary hanks hou ect ect donald p reinhardt hou ect ect vance l taylor hou ect ect david baumbach hou ect ect robert cotten hou ect ect brian riley hou ect ect jeffrey austin hou ees ees cynthia hakemack hou ect ect dawn c kenne hou ect ect lisa csikos hou ect ect kristen j hanson hou ect ect j r fosdick gco enron enron carlos j rodriguez hou ect ect stephanie gomes hou ect ect pat clynes corp enron enron tom acton corp enron enron robert walker hou ect ect george weissman hou ect ect joanne harris na enron enron christy sweeney hou ect ect earl tisdale hou ect ect cc subject shoreline gas inc buhler central point please see attached file turn,0
coastal ctr 96008903 meter 0984179 sit 135714 spoke savandra leassear past tuesday sept 24 th let know deal maker needs contact brian riley matter,0
flow volumes oxy gladewater meter 98926 checked metered daily since first october purchase deal place first 10 days went zero 11 th forward,0
flow volumes oxy gladewater meter 98926 mary assignment oxy eog retroactive 4 1 00 reflected sitara pops bob mary poorman enron 10 30 2000 03 29 pm mary poorman na enron enron cc robert cotten hou ect ect daren j farmer hou ect ect vance l taylor hou ect ect pat clynes corp enron enron subject flow volumes oxy gladewater meter 98926 checked metered daily since first october purchase deal place first 10 days went zero 11 th forward,0
spot deals created entered following deals sitara hplc im wellhead purchases november 2000 production deal counterparty meter volume 452582 cokinos nat gas 9840 890 killed 452574 crosstex energy 9858 1 000 452579 cummins walker 9857 537 killed 452590 duke energy trad 6347 139 452595 coastal merchant 5848 183 452597 coastal merchant 5923 562 452600 heatherloch mun 6879 359 452601 pringle resources 9849 300 453067 shoreline gas 9860 700 452566 suemaur explor 9856 2 700 453305 swift energy 2630 322 453483 tri union devel 2697 1 016 453525 vintage gas inc 9603 1 453572 whiting petroleum 6523 106 bob,0
meter 0980438 acock production spoken clem meter non allocatable unlike meter 8751 big cowboy meter needs set receipt meter attached gulf energy 27 009 08 agreement gas began flowing 7 7 00 deal ticket 380710 begins 9 1 00 need backed july account purchase production bob please email deal ticket complete fred set accounting arrangements gulf energy fred please determine whether paid ccgm gas thank assistance mary,0
nom change effective oct 26 2000 sg marshall hpl meter 98 6296 deal 126281 revised noted bob suzanne _ saldivar eogresources com 10 26 2000 11 09 11 rcotten enron com cc subject nom change effective oct 26 2000 sg marshall hpl meter 98 6296 due loss production sg marshall wells nom change 5 200 mmbtu 4 300 effective oct 26 2000 please call 713 651 6858 questions thanks,0
spinaker n padre island block 883 allocations per various discussions sending email reiterate disposition volumes meter 9862 lehman spinaker pay meter time general land office transporting share production 21 8945 interest hpl purchasing remaining 78 1055 glo nominated transport volume meter 9848 effective september 1 2000 time test gas flowed hpl purchase back dated coincide transport nomination deals moved 9862 meter probably designated callout swing proper equity percentages allocated production month volume management october production forward going rank confirm pay meter ensure glo receives volume close percentage actuals close month alleviate large balance swings agreement anita september need accounting arrangement deal ticket 379424 hpl gathering agmt meter 9862 please unallocate transport purchase 9848 meter daily swing right let know ready change allocation methodology apologize length email want make sure page extent need prior deal getting far road please hesitate call questions comments concerns etc extension 35251 thank time patience mary,0
coastal ctr 96008903 meter 0984179 sit 135714 nick understand terminated agreement however feel confiscate production need either pay gas cut deal redeliver like volume another meter given decrease prices september current prompt month would guess want paid know call know responsibility lies far calling explain took delivery gas meter shut please let know anything assist mary,0
potential list november daren list potential deals november brigham oil gas lopez mineral trust 2 meter 9865 6000 mcfd phoenix gas pipeline phoenix taylor 1 meter unknown 3000 mcfd pressler petroleum pressler stoval 2 meter 6821 300 400 mcfd superior natural gas walter hamilton 1 meter unknown 3500 mcfd numbers included vance nomination let know need additional information thank susan smith x 33321,0
coastal ctr 96008903 meter 0984179 sit 135714 discussed matter brian riley hpl intention contacting coastal negotiate type deal affecting gas received september meter 4179 brian opinion gas considered strangers gas since hpl contract price suggested nick moshou contact counterpart coastal relaying information suggesting coastal trader contract brian riley donald mary poorman enron 10 27 2000 10 05 nick moshou corp enron enron cc anita luong hou ect ect brian riley hou ect ect pat clynes corp enron enron daren j farmer hou ect ect donald p reinhardt hou ect ect subject coastal ctr 96008903 meter 0984179 sit 135714 nick understand terminated agreement however feel confiscate production need either pay gas cut deal redeliver like volume another meter given decrease prices september current prompt month would guess want paid know call know responsibility lies far calling explain took delivery gas meter shut please let know anything assist mary,0
meter 984229 roos common point trade zone 18 mary hplc meter number 0984229 physically remove service december 1999 typically hpl physically pulls meter production ceased minimum 6 months production released case roos common point producing wells released attached meter 0989740 11 98 remaining wells non producing resultingly viable option resolution option 2 take deal zero unwinding vlt x 3 6353 mary poorman enron 10 24 2000 12 40 pm vance l taylor hou ect ect cc katherine benedict hou ect ect julie meyers hou ect ect daren j farmer hou ect ect pat clynes corp enron enron robert cotten hou ect ect subject meter 984229 roos common point trade zone 18 vance per conversation two possible options resolve deal depending whether wellheads producing producing case purchase calpine contracts hedged need backed system wellhead level done need research system wellheads allocated paid reallocate calpine deal probably go back hplc ownership hplr gathering assets non producing determine common point wells behind shut p need reallocate deal zero unwind hedges move hedges another deal possible since deal older probably sold lower priced contracts production buy back today would possibly result financial loss either case deal needs cleaned back date last flow meter 4229 currently looking email soon ascertain date lieu past couple days may need look deals impacted hplc aquisition hplr gathering ensure captured properly book level state filing level please let know thoughts accomplish thank hard work area mary,0
meter 9842 daren mike gas control called said meter 9842 flooded flowed couple days field tech said probably days resumes want nom adjusted 8 034 deal 377169 bob,0
meter 9842 daren mike gas control called said meter 9842 flooded flowed couple days field tech said probably days resumes want nom adjusted 8 034 deal 377169 bob,0
wellhead adjustments daren please see attached file bob,0
fw crosstex energy driscoll ranch 1 3 meter nos 9858 9868 please note following april production regarding crosstex contract 96048744 referenced location thank melissa original message bubert jerry sent thursday march 22 2001 2 19 pm taylor vance l cc flynn shawna graves melissa harris joanne reinhardt donald p riley brian smith susan sweeney christy walker robert weissman george subject crosstex energy driscoll ranch 1 3 meter nos 9858 9868 per section 2 2 gpa crosstex elected sell 4000 mmbtu aggragate base contract price hsc less 0 10 excess available gas 4000 mmbtu aggragate gda hsc less 0 15,0
fw crosstex energy driscoll ranch 1 3 meter nos 9858 9868 please note following april production regarding crosstex contract 96048744 referenced location thank melissa original message bubert jerry sent thursday march 22 2001 2 19 pm taylor vance l cc flynn shawna graves melissa harris joanne reinhardt donald p riley brian smith susan sweeney christy walker robert weissman george subject crosstex energy driscoll ranch 1 3 meter nos 9858 9868 per section 2 2 gpa crosstex elected sell 4000 mmbtu aggragate base contract price hsc less 0 10 excess available gas 4000 mmbtu aggragate gda hsc less 0 15,0
coastal ctr 96008903 meter 0984179 sit 135714 mjg assigned meter coastal eff march 2000 finally executing assignment mid august coastal sent termination letter eff 9 01 2000,0
meter 0980438 acock production mary paid ccgm manually july august production sept production due 31 st,0
meter 0980438 acock production vance new deal deal 380710 made retroactive path manager close deadline expense contracts wednesday october 25 th fred mary poorman enron 10 24 2000 02 17 pm vance l taylor hou ect ect cc fred boas hou ect ect nick moshou corp enron enron cynthia hakemack hou ect ect kristen j hanson hou ect ect daren j farmer hou ect ect pat clynes corp enron enron robert cotten hou ect ect tom acton corp enron enron jackie morgan hou ect ect subject meter 0980438 acock production spoken clem meter non allocatable unlike meter 8751 big cowboy meter needs set receipt meter attached gulf energy 27 009 08 agreement gas began flowing 7 7 00 deal ticket 380710 begins 9 1 00 need backed july account purchase production bob please email deal ticket complete fred set accounting arrangements gulf energy fred please determine whether paid ccgm gas thank assistance mary,0
fw n padre 883 gas allocation daren lauri per gary forwarding percentage split spinnaker highlighted split blue thank christy 39050 forwarded christy sweeney hou ect 10 24 2000 03 19 pm dan mccue 10 09 2000 10 50 23 christy sweeney enron com cc gbryan enron com bill young e mail subject fw n padre 883 gas allocation christy think good chance information shown went office would like get involved finalizing plans revenue distribution n padre production certain way ahead matter spinnaker expects division order title opining within weeks also expect attorney make title requirements delay final opinion talking ranger houston exploration company prepared receive gross shown responsible respective orri owners recommend proceed hpl pay taxes behalf parties get minute please call 713 759 1770 thanks dan mccue original message kenny orr sent wednesday september 27 2000 3 38 pm kelly barnes dan mccue cc billyoung 3 aol com subject n padre 883 gas allocation informed person houston pipeline company gas volumes allocated follows state texas 21 894500 ranger 27 336925 spinnaker 27 336925 houston exploration 23 431650,0
coastal ctr 96008903 meter 0984179 sit 135714 checked meter september measured volumes 36 085 dth month meter purchase mjg beginning month looks like zeroed fact going need pay someone production think may need extend deal point meter actually shut agree allocating gas strangers true line gain loss direct result pipe well work please advise anita clean promptly possible mary x 35251,0
meter 984229 roos common point trade zone 18 vance issue 4229 meter terminated system per cheryl jones effective 2 00 therefore purchases point 02 00 forward ua 4 probably negative impact accrual think perhaps deal backed wellhead level measured volumes 4229 since termination know exactly term calpine deal physically assistance clearing greatly appreciated mary,0
november prelim wellhead production estimate daren fyi bob forwarded robert cotten hou ect 10 24 2000 11 56 vance l taylor 10 24 2000 11 51 robert cotten hou ect ect cc gary hanks hou ect ect melissa graves hou ect ect subject november prelim wellhead production estimate bob november preliminary updated file vlt x 3 6353 forwarded vance l taylor hou ect 10 24 2000 11 50 vance l taylor 10 23 2000 04 42 pm robert cotten hou ect ect cc gary hanks hou ect ect mary smith hou ect ect lisa hesse hou ect ect melissa graves hou ect ect subject november prelim wellhead production estimate bob please see attached file estimating wellhead production month november please advised preliminary estimate date received noms november may revisions traders update revisions occur thanks vlt x 3 6353,0
first delivery cummings walker exxon vance deals created entered sitara highlighted bob vance l taylor 10 20 2000 04 17 pm robert cotten hou ect ect cc lisa hesse hou ect ect julie meyers hou ect ect cynthia hakemack hou ect ect susan smith hou ect ect donald p reinhardt hou ect ect melissa graves hou ect ect subject first delivery cummings walker exxon bob following production line ticket created entered sitara based following counterparty meter volumes price period global cummins walker oil co 9857 600 mmbtu 100 gas daily less 0 18 9 26 9 30 96048113 448381 100 hsc less 0 18 10 1 10 31 96048113 suemaur exploration co 9856 2700 mmbtu 100 gas daily less 0 10 10 20 10 31 96023525 448385 fyi susan create submit committed reserves firm ticket remaining term deal beginning month november additionally producer svcs deal tracked im wellhead portfolio attached gathering contract thanks vlt x 3 6353 forwarded vance l taylor hou ect 10 20 2000 04 18 pm esther buckley 09 26 2000 01 59 pm molly l carriere hou ect ect clem cernosek hou ect ect donna consemiu hou ect ect robert cook hou ect ect howard b camp hou ect ect lisa hesse hou ect ect nathan l hlavaty hou ect ect wayne e lightfoot hou ect ect james mckay hou ect ect mary smith hou ect ect steve hpl schneider hou ect ect melissa graves hou ect ect michael walters hou ect ect eric wardle hou ect ect jill zivley hou ect ect mary jo johnson hou ect ect rita wynne hou ect ect lauri allen hou ect ect cheryl jones gpgfin enron enron reid hansen gco enron enron darron c giron hou ect ect neal winfree hou ect ect susan smith hou ect ect gary bryan hou ect ect gary hanks hou ect ect donald p reinhardt hou ect ect vance l taylor hou ect ect david baumbach hou ect ect robert cotten hou ect ect brian riley hou ect ect jeffrey austin hou ect ect cynthia hakemack hou ect ect dawn c kenne hou ect ect lisa csikos hou ect ect kristen j hanson hou ect ect j r fosdick gco enron enron carlos j rodriguez hou ect ect stephanie gomes hou ect ect pat clynes corp enron enron tom acton corp enron enron robert walker hou ect ect george weissman hou ect ect joanne harris na enron enron christy sweeney hou ect ect earl tisdale hou ect ect cc subject first delivery cummings walker exxon see attached letters first deliveries,0
november prelim wellhead production estimate daren fyi bob forwarded robert cotten hou ect 10 24 2000 08 52 vance l taylor 10 23 2000 04 42 pm robert cotten hou ect ect cc gary hanks hou ect ect mary smith hou ect ect lisa hesse hou ect ect melissa graves hou ect ect subject november prelim wellhead production estimate bob please see attached file estimating wellhead production month november please advised preliminary estimate date received noms november may revisions traders update revisions occur thanks vlt x 3 6353,0
meter 0980438 acock production daren vance light could shed would appreciated mary forwarded mary poorman na enron 10 23 2000 01 31 pm fred boas ect 10 23 2000 01 21 pm mary poorman na enron enron cc nick moshou corp enron enron cynthia hakemack hou ect ect kristen j hanson hou ect ect subject meter 0980438 acock production mary heard anything back vance taylor issue get feeling soon going reach critical mass fred nick moshou enron 10 23 2000 01 05 pm fred boas hou ect ect cc cynthia hakemack hou ect ect kristen j hanson hou ect ect subject meter 0980438 acock production progress issue forwarded nick moshou corp enron 10 23 2000 08 15 nick moshou 10 12 2000 07 57 fred boas hou ect ect cc cynthia hakemack hou ect ect subject meter 0980438 acock production fred could give status eta meter middle big push lower exposure following customer 55 000 including sept production paid manually without volumes unify meter thanks nick x 36454,0
april wellhead production estimate daren help unable access information file bob forwarded robert cotten hou ect 03 21 2001 04 36 pm vance l taylor enron enronxgate 03 21 2001 02 42 pm robert cotten hou ect ect cc melissa graves enron enronxgate subject april wellhead production estimate bob please see attached file calculating estimate wellhead production month april 2001 please advised preliminary estimate yet meet gas buyers received customer nominations pre nom meeting tomorrow 3 00 p thanks vlt x 3 6353,0
april wellhead production estimate daren help unable access information file bob forwarded robert cotten hou ect 03 21 2001 04 36 pm vance l taylor enron enronxgate 03 21 2001 02 42 pm robert cotten hou ect ect cc melissa graves enron enronxgate subject april wellhead production estimate bob please see attached file calculating estimate wellhead production month april 2001 please advised preliminary estimate yet meet gas buyers received customer nominations pre nom meeting tomorrow 3 00 p thanks vlt x 3 6353,0
meter 0980438 acock production fred run issue clem cernosek research expect answer afternoon meantime understanding well behind big cowboy system time deal ticket 380710 purchase ccgm l p hplc hplc deal probably gulf energy bigcowboy producer understand acock production however may mis informed insight shed deal would welcome would like capture accurately definitively early possible prevent future issues thank patience assistance mary,0
meter 0980438 acock production vance thank information explains deal need correctly book volumes clear current issues volume management settlements would date back inception deal also ensure book correct deal think bob cotten one correct add deal tom acton need make requests volume mgmt kick booking process thank time mary ext 35251,0
meter 984229 roos common point trade zone 18 mary hplc currently gas purchase agreement global 96014987 place calpine extends 5 31 2001 sitara deal 133259 correctly contract attached effective 11 1 1998 contract amended releasing gouger wells 5 6 wells apparently producing wells behind point evidence measured volumes mips however non producing wells behind point sept however added behind meter 6835 therefore agree deal 133259 edited change meter hopefully information useful vlt x 3 6353 mary poorman enron 10 23 2000 02 06 pm katherine benedict hou ect ect julie meyers hou ect ect vance l taylor hou ect ect daren j farmer hou ect ect pat clynes corp enron enron cc subject meter 984229 roos common point trade zone 18 sure handle shared wealth deal ticket 133259 purchase calpine deal input meter 4229 per email terminated unresolvable ua 4 issue meter 4229 september october changed meter designation november forward however receive error sitara attempt change either prior current month deal changed meter 6835 effective back february year please let know resolve issue asap thanks mary forwarded mary poorman na enron 10 23 2000 02 01 pm cheryl jones 10 03 2000 08 55 katherine benedict hou ect ect mary poorman na enron enron cc subject meter 984229 roos common point trade zone 18 talked tech bobby husky confirmed meter 984229 removed roos station 986835 thanks c j x 67787 forwarded cheryl jones gpgfin enron 10 03 2000 08 51 katherine benedict ect 09 20 2000 10 01 cheryl jones gpgfin enron enron mary poorman na enron enron cc subject meter 984229 roos common point trade zone 18 cheryl fyi message mary poorman logistics mary cheryl going call field find meter still included termination list also see field people see gas flow meter thanks kathy forwarded katherine benedict hou ect 09 20 2000 09 56 mary poorman enron 09 20 2000 09 48 robert cotten hou ect ect vance l taylor hou ect ect cc katherine benedict enron _ development enron _ development subject meter 984229 roos common point trade zone 18 kathy trying clean unaccounted issue referenced meter system pops show bav flow actual flow prior months kathy phoned measurement inquire mips volumes informed meter disabled status list back february 2000 showing purchase calpine meter deal ticket 133259 gathering agreement would greatly appreciate help determining current status meter deal please forward information may thank time patience mary,0
meter 984229 roos common point trade zone 18 vance per conversation two possible options resolve deal depending whether wellheads producing producing case purchase calpine contracts hedged need backed system wellhead level done need research system wellheads allocated paid reallocate calpine deal probably go back hplc ownership hplr gathering assets non producing determine common point wells behind shut p need reallocate deal zero unwind hedges move hedges another deal possible since deal older probably sold lower priced contracts production buy back today would possibly result financial loss either case deal needs cleaned back date last flow meter 4229 currently looking email soon ascertain date lieu past couple days may need look deals impacted hplc aquisition hplr gathering ensure captured properly book level state filing level please let know thoughts accomplish thank hard work area mary,0
meter 984229 roos common point trade zone 18 sure handle shared wealth deal ticket 133259 purchase calpine deal input meter 4229 per email terminated unresolvable ua 4 issue meter 4229 september october changed meter designation november forward however receive error sitara attempt change either prior current month deal changed meter 6835 effective back february year please let know resolve issue asap thanks mary forwarded mary poorman na enron 10 23 2000 02 01 pm cheryl jones 10 03 2000 08 55 katherine benedict hou ect ect mary poorman na enron enron cc subject meter 984229 roos common point trade zone 18 talked tech bobby husky confirmed meter 984229 removed roos station 986835 thanks c j x 67787 forwarded cheryl jones gpgfin enron 10 03 2000 08 51 katherine benedict ect 09 20 2000 10 01 cheryl jones gpgfin enron enron mary poorman na enron enron cc subject meter 984229 roos common point trade zone 18 cheryl fyi message mary poorman logistics mary cheryl going call field find meter still included termination list also see field people see gas flow meter thanks kathy forwarded katherine benedict hou ect 09 20 2000 09 56 mary poorman enron 09 20 2000 09 48 robert cotten hou ect ect vance l taylor hou ect ect cc katherine benedict enron _ development enron _ development subject meter 984229 roos common point trade zone 18 kathy trying clean unaccounted issue referenced meter system pops show bav flow actual flow prior months kathy phoned measurement inquire mips volumes informed meter disabled status list back february 2000 showing purchase calpine meter deal ticket 133259 gathering agreement would greatly appreciate help determining current status meter deal please forward information may thank time patience mary,0
meter 0980438 acock production mary hplc executed gas purchase agreement ccgm lp effective 7 1 2000 hplc secured purchase production briscoe 1 well webb county 12 months producer well hoover oil however month november hopefully useful information vlt x 3 6353 mary poorman enron 10 24 2000 09 03 fred boas hou ect ect cc nick moshou corp enron enron cynthia hakemack hou ect ect kristen j hanson hou ect ect vance l taylor hou ect ect daren j farmer hou ect ect pat clynes corp enron enron robert cotten hou ect ect tom acton corp enron enron subject meter 0980438 acock production fred run issue clem cernosek research expect answer afternoon meantime understanding well behind big cowboy system time deal ticket 380710 purchase ccgm l p hplc hplc deal probably gulf energy bigcowboy producer understand acock production however may mis informed insight shed deal would welcome would like capture accurately definitively early possible prevent future issues thank patience assistance mary,0
first delivery cummings walker exxon vance deal 446704 created entered sitara cummins walker oil company inc period 9 26 00 9 30 00 bob vance l taylor 10 20 2000 04 17 pm robert cotten hou ect ect cc lisa hesse hou ect ect julie meyers hou ect ect cynthia hakemack hou ect ect susan smith hou ect ect donald p reinhardt hou ect ect melissa graves hou ect ect subject first delivery cummings walker exxon bob following production line ticket created entered sitara based following counterparty meter volumes price period global cummins walker oil co 9857 600 mmbtu 100 gas daily less 0 18 9 26 9 30 96048113 100 hsc less 0 18 10 1 10 31 96048113 suemaur exploration co 9856 2700 mmbtu 100 gas daily less 0 10 10 20 10 31 96023525 fyi susan create submit committed reserves firm ticket remaining term deal beginning month november additionally producer svcs deal tracked im wellhead portfolio attached gathering contract thanks vlt x 3 6353 forwarded vance l taylor hou ect 10 20 2000 04 18 pm esther buckley 09 26 2000 01 59 pm molly l carriere hou ect ect clem cernosek hou ect ect donna consemiu hou ect ect robert cook hou ect ect howard b camp hou ect ect lisa hesse hou ect ect nathan l hlavaty hou ect ect wayne e lightfoot hou ect ect james mckay hou ect ect mary smith hou ect ect steve hpl schneider hou ect ect melissa graves hou ect ect michael walters hou ect ect eric wardle hou ect ect jill zivley hou ect ect mary jo johnson hou ect ect rita wynne hou ect ect lauri allen hou ect ect cheryl jones gpgfin enron enron reid hansen gco enron enron darron c giron hou ect ect neal winfree hou ect ect susan smith hou ect ect gary bryan hou ect ect gary hanks hou ect ect donald p reinhardt hou ect ect vance l taylor hou ect ect david baumbach hou ect ect robert cotten hou ect ect brian riley hou ect ect jeffrey austin hou ect ect cynthia hakemack hou ect ect dawn c kenne hou ect ect lisa csikos hou ect ect kristen j hanson hou ect ect j r fosdick gco enron enron carlos j rodriguez hou ect ect stephanie gomes hou ect ect pat clynes corp enron enron tom acton corp enron enron robert walker hou ect ect george weissman hou ect ect joanne harris na enron enron christy sweeney hou ect ect earl tisdale hou ect ect cc subject first delivery cummings walker exxon see attached letters first deliveries,0
meter 1603 10 1 10 2 fyi meter 1603 total flow 48 667 total nom 40 000 deal 380664 al,0
saxet canales meter 980437 august 2000 sorry tech difficulty first version subject line pertinent included mary good catch carlos,0
meter 9707 left vance voice mail message yesterday sick called back said flow meter 9707 deal place united oil minerals bob forwarded robert cotten hou ect 10 03 2000 01 15 pm enron north america corp robert cotten 10 03 2000 11 39 vance l taylor hou ect ect cc daren j farmer hou ect ect aimee lannou hou ect ect subject meter 9707 vance find anything purchase united oil minerals meter 9707 bob forwarded robert cotten hou ect 10 03 2000 11 34 aimee lannou 10 03 2000 11 26 daren j farmer hou ect ect cc robert cotten hou ect ect subject meter 9707 fyi flow 10 2 well al daren j farmer 10 02 2000 02 23 pm aimee lannou hou ect ect cc robert cotten hou ect ect subject meter 9707 rolled deal day one october bob please check vance deal terminated roll october think vance nom anything aimee lannou 10 02 2000 10 49 daren j farmer hou ect ect robert cotten hou ect ect cc subject meter 9707 daren meter 9707 flow oct 1 1 459 mmbtu deal 125786 used sept 2000 could please extend deal new one created thanks al,0
october spot purchases vance deal tickets referenced created entered sitara bob vance l taylor 10 11 2000 02 55 pm robert cotten hou ect ect cc lisa hesse hou ect ect julie meyers hou ect ect cynthia hakemack hou ect ect melissa graves hou ect ect subject october spot purchases bob hplc purchasing wellhead gas producers listed production month october production purchased spot basis deal tickets created entered sitara based following information counterparty meter volume price deal whiting petroleum corp 6523 200 mmbtu 91 hsc 438322 engage energy us lp 5923 775 mmbtu 100 hsc less 0 24 438332 engage energy us lp 5848 240 mmbtu 100 hsc less 0 24 438338 swift energy 2630 21 mmbtu 90 hsc less 0 258 438340 duke energy trading marketing 6347 200 mmbtu 85 hsc 438344 additionally producer svcs deals tracked im wellhead portfolio attached gathering contract thanks vlt x 3 6353,0
meter 9707 daren meter 9707 flow oct 1 1 459 mmbtu deal 125786 used sept 2000 could please extend deal new one created thanks al,0
fw first delivery rodessa operating co daren talked vance said well nominated bidweek ask julie change price gas daily thanks bob daren j farmer 03 21 2001 01 18 pm robert cotten hou ect ect cc subject fw first delivery rodessa operating co bob guess need make sure well nominated bidweek need change price gd new well behind meter either create new deal ticket piece create pricing tier old ticket enron north america corp robert cotten 03 21 2001 11 42 daren j farmer hou ect ect cc subject fw first delivery rodessa operating co daren please read memo one dated 2 21 01 vance told new production entered ifhsc deal question 634075 want changed gas daily please advise thanks bob forwarded robert cotten hou ect 03 21 2001 11 02 vance l taylor enron enronxgate 03 19 2001 02 24 pm tom acton corp enron enron robert cotten hou ect ect cc julie meyers hou ect ect lisa hesse hou ect ect donald p reinhardt enron enronxgate susan smith enron enronxgate melissa graves enron enronxgate cynthia hakemack hou ect ect subject fw first delivery rodessa operating co tom bob following production line ticket created entered sitara based following counterparty meter volumes price period global hesco gathering co llc 9876 85 mmbtu 100 gd less 0 17 3 13 3 31 96057368 fyi susan create submit committed reserves firm ticket remaining term deal beginning month april additionally producer svcs deal tracked im wellhead portfolio attached gathering contract thanks vlt x 3 6353 original message buckley esther sent monday march 19 2001 12 14 pm carriere molly cernosek clem consemiu donna cook robert camp howard hesse lisa hlavaty nathan wayne e lightfoot hou ect enron mckay james smith mary schneider steve hpl melissa graves hou ect enron walters michael zivley jill johnson mary jo wynne rita allen lauri jones cheryl hansen reid giron darron winfree neal susan smith hou ect enron bryan gary hanks gary donald p reinhardt hou ect enron vance l taylor hou ect enron baumbach david cotten robert riley brian austin jeff hakemack cynthia kenne dawn csikos lisa fosdick j r rodriguez carlos gomes stephanie clynes pat acton tom walker robert weissman george harris joanne sweeney christy tisdale earl farmer daren subject first delivery rodessa operating co see attached letter,0
fw first delivery rodessa operating co daren talked vance said well nominated bidweek ask julie change price gas daily thanks bob daren j farmer 03 21 2001 01 18 pm robert cotten hou ect ect cc subject fw first delivery rodessa operating co bob guess need make sure well nominated bidweek need change price gd new well behind meter either create new deal ticket piece create pricing tier old ticket enron north america corp robert cotten 03 21 2001 11 42 daren j farmer hou ect ect cc subject fw first delivery rodessa operating co daren please read memo one dated 2 21 01 vance told new production entered ifhsc deal question 634075 want changed gas daily please advise thanks bob forwarded robert cotten hou ect 03 21 2001 11 02 vance l taylor enron enronxgate 03 19 2001 02 24 pm tom acton corp enron enron robert cotten hou ect ect cc julie meyers hou ect ect lisa hesse hou ect ect donald p reinhardt enron enronxgate susan smith enron enronxgate melissa graves enron enronxgate cynthia hakemack hou ect ect subject fw first delivery rodessa operating co tom bob following production line ticket created entered sitara based following counterparty meter volumes price period global hesco gathering co llc 9876 85 mmbtu 100 gd less 0 17 3 13 3 31 96057368 fyi susan create submit committed reserves firm ticket remaining term deal beginning month april additionally producer svcs deal tracked im wellhead portfolio attached gathering contract thanks vlt x 3 6353 original message buckley esther sent monday march 19 2001 12 14 pm carriere molly cernosek clem consemiu donna cook robert camp howard hesse lisa hlavaty nathan wayne e lightfoot hou ect enron mckay james smith mary schneider steve hpl melissa graves hou ect enron walters michael zivley jill johnson mary jo wynne rita allen lauri jones cheryl hansen reid giron darron winfree neal susan smith hou ect enron bryan gary hanks gary donald p reinhardt hou ect enron vance l taylor hou ect enron baumbach david cotten robert riley brian austin jeff hakemack cynthia kenne dawn csikos lisa fosdick j r rodriguez carlos gomes stephanie clynes pat acton tom walker robert weissman george harris joanne sweeney christy tisdale earl farmer daren subject first delivery rodessa operating co see attached letter,0
suemar berryman gulf plains plant current month daren know experienced fluctuations berryman well oct turn affects volumes gulf plains plant physical standpoint think fairly well balanced concern overproduced paper 76 162 dth mo think need bring nominations balance sitara berryman well corresponding volume meters 708 6363 offset strangers keep physical side line understanding correct please correct positive impact current month ua 4 thank mary,0
saxet canales meter 980437 august 2000 fred daren purchase added august deal ticket 386540 desk desk meter 4584 humble p l pathed buy sell deal ticket 386269 transport usage ticket 4584 meter 12 plant inlet pathed humble contract 401 please set appropriate track id since offsystem take care august issue mary,0
meter 5848 vance price volume entered october apparently engage changed name coastal reason deal ticket created way bob vance l taylor 10 11 2000 02 47 pm robert cotten hou ect ect cc pat clynes corp enron enron daren j farmer hou ect ect aimee lannou hou ect ect melissa graves hou ect ect subject meter 5848 bob correct request ticket meter 5848 spot purchase however sure ticket created name coastal name engage energy us lp october hplc buying package gas spot basis ticket created entered sitara thanks vlt x 3 6353 enron north america corp robert cotten 10 11 2000 11 12 vance l taylor hou ect ect cc pat clynes corp enron enron daren j farmer hou ect ect aimee lannou hou ect ect subject meter 5848 vance august 28 sent request enter spot ticket september production engage energy meter 5848 240 mmbtu ticket entered purchase coastal merchant energy l p volume 304 mmbtu flowed meter 5848 10 1 00 spot purchase meter 5848 october please advise thanks bob forwarded robert cotten hou ect 10 11 2000 10 45 aimee lannou 10 11 2000 10 02 robert cotten hou ect ect cc daren j farmer hou ect ect pat clynes corp enron enron subject meter 5848 bob flow meter 5848 10 1 sept gathering contract deal 382621 coastal merchant energy could please check see deal october thanks aimee,0
meter 9707 vance find anything purchase united oil minerals meter 9707 bob forwarded robert cotten hou ect 10 03 2000 11 34 aimee lannou 10 03 2000 11 26 daren j farmer hou ect ect cc robert cotten hou ect ect subject meter 9707 fyi flow 10 2 well al daren j farmer 10 02 2000 02 23 pm aimee lannou hou ect ect cc robert cotten hou ect ect subject meter 9707 rolled deal day one october bob please check vance deal terminated roll october think vance nom anything aimee lannou 10 02 2000 10 49 daren j farmer hou ect ect robert cotten hou ect ect cc subject meter 9707 daren meter 9707 flow oct 1 1 459 mmbtu deal 125786 used sept 2000 could please extend deal new one created thanks al,0
first delivery wagner oil vance deal 446555 created entered sitara bob vance l taylor 10 19 2000 02 17 pm robert cotten hou ect ect cc lisa hesse hou ect ect julie meyers hou ect ect cynthia hakemack hou ect ect susan smith hou ect ect donald p reinhardt hou ect ect melissa graves hou ect ect subject first delivery wagner oil bob following production line ticket created entered sitara based following counterparty meter volumes price period global wagner oil company 9859 300 mmbtu 100 gas daily less 0 11 10 16 10 31 96049058 fyi susan create submit committed reserves firm ticket remaining term deal beginning month november additionally producer svcs deal tracked im wellhead portfolio attached gathering contract thanks vlt x 3 6353 forwarded vance l taylor hou ect 10 19 2000 02 12 pm esther buckley 10 19 2000 02 04 pm molly l carriere hou ect ect clem cernosek hou ect ect donna consemiu hou ect ect robert cook hou ect ect howard b camp hou ect ect lisa hesse hou ect ect nathan l hlavaty hou ect ect wayne e lightfoot hou ect ect james mckay hou ect ect mary smith hou ect ect steve hpl schneider hou ect ect melissa graves hou ect ect michael walters hou ect ect eric wardle hou ect ect jill zivley hou ect ect mary jo johnson hou ect ect rita wynne hou ect ect lauri allen hou ect ect cheryl jones gpgfin enron enron reid hansen gco enron enron darron c giron hou ect ect neal winfree hou ect ect susan smith hou ect ect gary bryan hou ect ect gary hanks hou ect ect donald p reinhardt hou ect ect vance l taylor hou ect ect david baumbach hou ect ect robert cotten hou ect ect brian riley hou ect ect jeffrey austin hou ect ect cynthia hakemack hou ect ect dawn c kenne hou ect ect lisa csikos hou ect ect kristen j hanson hou ect ect j r fosdick gco enron enron carlos j rodriguez hou ect ect stephanie gomes hou ect ect pat clynes corp enron enron tom acton corp enron enron robert walker hou ect ect george weissman hou ect ect joanne harris na enron enron christy sweeney hou ect ect earl tisdale hou ect ect cc subject first delivery wagner oil see attached file,0
meter 9707 fyi flow 10 2 well al daren j farmer 10 02 2000 02 23 pm aimee lannou hou ect ect cc robert cotten hou ect ect subject meter 9707 rolled deal day one october bob please check vance deal terminated roll october think vance nom anything aimee lannou 10 02 2000 10 49 daren j farmer hou ect ect robert cotten hou ect ect cc subject meter 9707 daren meter 9707 flow oct 1 1 459 mmbtu deal 125786 used sept 2000 could please extend deal new one created thanks al,0
first delivery spinaker exploration vance deal 379424 adjusted reflect increase volume noted bob vance l taylor 10 19 2000 03 36 pm robert cotten hou ect ect cc julie meyers hou ect ect cynthia hakemack hou ect ect susan smith hou ect ect donald p reinhardt hou ect ect melissa graves hou ect ect subject first delivery spinaker exploration bob following production line sitara ticket 379424 modified reflect following counterparty meter volumes price period global spinnaker exploration 9848 1000 mmbtu 100 gas daily less 0 21 10 17 10 31 96047295 julie please note committed reserves global contract number attachment thanks vlt x 3 6353 forwarded vance l taylor hou ect 10 19 2000 03 34 pm esther buckley 10 19 2000 03 13 pm molly l carriere hou ect ect clem cernosek hou ect ect donna consemiu hou ect ect robert cook hou ect ect howard b camp hou ect ect lisa hesse hou ect ect nathan l hlavaty hou ect ect wayne e lightfoot hou ect ect james mckay hou ect ect mary smith hou ect ect steve hpl schneider hou ect ect melissa graves hou ect ect michael walters hou ect ect eric wardle hou ect ect jill zivley hou ect ect mary jo johnson hou ect ect rita wynne hou ect ect lauri allen hou ect ect cheryl jones gpgfin enron enron reid hansen gco enron enron darron c giron hou ect ect neal winfree hou ect ect susan smith hou ect ect gary bryan hou ect ect gary hanks hou ect ect donald p reinhardt hou ect ect vance l taylor hou ect ect david baumbach hou ect ect robert cotten hou ect ect brian riley hou ect ect jeffrey austin hou ect ect cynthia hakemack hou ect ect dawn c kenne hou ect ect lisa csikos hou ect ect kristen j hanson hou ect ect j r fosdick gco enron enron carlos j rodriguez hou ect ect stephanie gomes hou ect ect pat clynes corp enron enron tom acton corp enron enron robert walker hou ect ect george weissman hou ect ect joanne harris na enron enron christy sweeney hou ect ect earl tisdale hou ect ect cc subject first delivery spinaker exploration see attached file,0
deals nomination october 2000 daren fyi bob forwarded robert cotten hou ect 09 26 2000 09 52 enron north america corp robert cotten 09 26 2000 09 53 vance l taylor hou ect ect cc subject deals nomination october 2000 vance following deals active nomination october 2000 counterparty name meter deal aransas drilling 9645 130880 cokinos natural gas 9676 279659 james c freeman 5547 133168 gsf energy 6353 138841 hesco gathering 6392 93487 north central 0071 138550 prime operating 6388 362921 shoreline gas 6722 166395 spinnaker exploration 9848 379424 please advise deals still active thanks bob,0
october 2000 deals missing daren fyi bob forwarded robert cotten hou ect 09 27 2000 12 04 pm vance l taylor 09 27 2000 11 02 robert cotten hou ect ect cc melissa graves hou ect ect subject october 2000 deals missing bob please see responses highlighted red text thanks vlt x 3 6353 enron north america corp robert cotten 09 26 2000 05 56 pm vance l taylor hou ect ect cc subject october 2000 deals missing vance following deals missing october 2000 counterparty name meter nomination type purchase status camden resources 9858 3 000 firm new package gas production line cokinos natural gas 9840 2 500 firm new package gas production line cross tex energy 9843 315 firm new package gas production line crosstech energy 6519 2 firm darren monitor currently hplc purchase w pickett 9737 5 n k terminated effective 10 1 00 duke energy 6347 139 spot submit request spot ticket engage energy 5848 208 spot submit request spot ticket engage energy 5923 779 spot submit request spot ticket eog 9645 63 firm formerly aransas drilling evergreen status flip flag heatherloch 6879 544 single trans firm darren monitor currently hplc purchase cummins production line mcbee operating 6210 7 713 firm evergreen status need flip flag north central 5228 3 000 firm new package gas production line onyx gathering 9673 1 n k terminated effective 10 1 00 pringle resources 9849 1 firm new package gas submit one month ticket shoreline gas 6691 10 n k terminated effective 10 1 00 swift energy 2630 322 spot submit request spot ticket tri union 2697 700 firm new package gas production line vintage gas 9603 300 spot submit request spot ticket white oak 4251 96 firm formerly lamay corp whiting petroleum 6523 100 spot submit request spot ticket please advise thanks bob,0
big cowboy august mary issue confirmed volumes versus actual flow large variance confirmed actuals began june 2000 30 mmbtu scheduled dix ranch zero big cowboy big cowboy 2 wells appears volumes wells scheduled despain 985 350 mmbtu confirmed well never flowed much volume june 2000 flowed approximately 320 000 mmbtu actually support e talked someone nom sheet 985 350 mmbtu entered mops confirmed trend nothing confirmed three wells continued july 2000 august 2000 scenario changed 612 388 confirmed dix ranch nothing scheduled big cowboy big cowboy 2 wells reading memo also appears volume flowing wells expected issue actual increase volumes flowing wells would suggest call gas measurement department ask audit coral charts coral may calculating volumes incorrectly could also allocations issue allocation system today closely agrees allocation statement receive monthly karen lambert tejas differences tejas schedule mops acock production gain loss scheduled therefore allocated know working acock production tom acton working gain loss tom tell path gas set accounting arrangements april 1999 forward scheduling analyze possibly rework january march 1999 months originally set pops want help missed issue would please clarify let know need anything thanks fred tom acton enron 09 28 2000 08 10 fred boas hou ect ect cc subject big cowboy august forwarded tom acton corp enron 09 28 2000 08 09 mary poorman 09 27 2000 03 56 pm daren j farmer hou ect ect tom acton corp enron enron cc clem cernosek hou ect ect howard b camp hou ect ect subject big cowboy august daren tom beginning august production noticed big cowboy king ranch appeared flowing approximately 9 nomination day per conversation fred boas today discovered two wells zero noms flowed considerable volume follows rocher big cowboy 27002 42 000 approx big cowboy 2 27003 84 000 approx total flow 126 000 mm less think may part production increase trying account addition acock production briscoe well came august please let know think would like make sure capturing purchases correctly accounting economics thank mary,0
oct prod est revision daren fyi bob forwarded robert cotten hou ect 09 21 2000 01 51 pm vance l taylor 09 21 2000 01 24 pm robert cotten hou ect ect cc gary hanks hou ect ect melissa graves hou ect ect subject oct prod est revision bob please see attached file estimating wellhead production month october estimate consistent volume conveyed daren earlier afternoon vlt x 36353,0
revisions march wellhead estimate daren fyi bob forwarded robert cotten hou ect 03 21 2001 11 40 vance l taylor 02 21 2001 12 15 pm robert cotten hou ect ect cc daren j farmer hou ect ect susan smith hou ect ect melissa graves hou ect ect donald p reinhardt hou ect ect subject revisions march wellhead estimate bob revisions march wellhead production estimate resulting pre nom meeting held morning revisions counterparty mtr prev nom curr nom sitara louis dreyfus frmly costilla 9724 29 4 000 125895 north central corp 9767 560 0 139363 north central corp 6296 1 637 1 800 136222 prize energy resources 4965 78 2 000 131720 bass enterprises frmly richardson 9807 7 025 9 000 141691 swift energy 9636 34 0 135664 crosstex energy 9858 8 637 8 500 500668 new production wagner brown ltd 6589 0 8 000 n houston exploration co 9696 0 6 000 n stone energy corp 9696 0 4 000 n hesco gathering oil co 9876 0 1 000 n wheeler operating co 9879 0 1 000 n safari production co 4594 0 400 n helmerich like sitara position consistent final number provide darren thanks vlt x 6353,0
revisions march wellhead estimate daren fyi bob forwarded robert cotten hou ect 03 21 2001 11 40 vance l taylor 02 21 2001 12 15 pm robert cotten hou ect ect cc daren j farmer hou ect ect susan smith hou ect ect melissa graves hou ect ect donald p reinhardt hou ect ect subject revisions march wellhead estimate bob revisions march wellhead production estimate resulting pre nom meeting held morning revisions counterparty mtr prev nom curr nom sitara louis dreyfus frmly costilla 9724 29 4 000 125895 north central corp 9767 560 0 139363 north central corp 6296 1 637 1 800 136222 prize energy resources 4965 78 2 000 131720 bass enterprises frmly richardson 9807 7 025 9 000 141691 swift energy 9636 34 0 135664 crosstex energy 9858 8 637 8 500 500668 new production wagner brown ltd 6589 0 8 000 n houston exploration co 9696 0 6 000 n stone energy corp 9696 0 4 000 n hesco gathering oil co 9876 0 1 000 n wheeler operating co 9879 0 1 000 n safari production co 4594 0 400 n helmerich like sitara position consistent final number provide darren thanks vlt x 6353,0
october wellhead julie camden north central contracts new packages gas yet come line production commences request spot deal put place bob please create enter sitara ticket based following information counterparty meter volume price period heatherloch municipal utility district 6879 500 mmbtu 100 hsc less 0 12 10 1 10 31 julie please confirm thanks vlt x 3 6353 julie meyers 09 28 2000 10 52 daren j farmer hou ect ect cc robert cotten hou ect ect vance l taylor hou ect ect subject october wellhead heatherlock deal single transaction agreement attached contract ended deal ended two believe need email vance donald setting spot ticket vance could look wrong contract attached new contract camden north central going spot tickets julie daren j farmer 09 28 2000 07 41 robert cotten hou ect ect julie meyers hou ect ect cc subject october wellhead rolled input following deals october crosstex 138553 2 duke 418429 139 hesco 394798 500 swift 418431 322 tri union 418432 700 vintage 403367 300 whiteoak 418434 96 whiting 418436 100 showing deals outstanding oct camden 9858 3000 heatherlock 6879 544 previous deal 133010 north central 5228 3000 julie please check deals correct contract terms also please look heatherlock vance noming gas deal however deal ticket evergreen flag tried roll another month got message another contract needed thanks,0
october prelim production estimate daren fyi bob forwarded robert cotten hou ect 09 20 2000 04 45 pm vance l taylor 09 20 2000 04 44 pm robert cotten hou ect ect cc gary hanks hou ect ect mary smith hou ect ect lisa hesse hou ect ect trisha hughes hou ect ect melissa graves hou ect ect subject october prelim production estimate bob please see attached file estimating wellhead production month october please advised preliminary estimate date received noms october may revisions traders update revisions occur thanks vlt x 3 6353,0
october wellhead vance deal 420022 created entered sitara bob vance l taylor 09 28 2000 02 09 pm julie meyers hou ect ect cc daren j farmer hou ect ect robert cotten hou ect ect subject october wellhead bob please create enter sitara ticket based following information counterparty meter volume price period heatherloch municipal utility district 6879 500 mmbtu 100 hsc less 0 12 10 1 10 31 julie meyers 09 28 2000 10 52 daren j farmer 09 28 2000 07 41,0
expected volumes october daren per phone conversation please find following information camden resources inc driscoll ranch 1 meter 9858 price hsc less 0 10 north central oil corporation mcmurrey talbert 2 meter 5228 price hsc less 0 14 kcs dickenson meter 9797 susan smith preparing formal ticket buy sell month october watching gas specs package goes well book rest term end october go forward basis gas provide monthly nomination know ticketed vance include price comments field package help estimate bid week let us know information helpful future thank melissa,0
october wellhead heatherlock deal single transaction agreement attached contract ended deal ended two believe need email vance donald setting spot ticket vance could look wrong contract attached new contract camden north central going spot tickets julie daren j farmer 09 28 2000 07 41 robert cotten hou ect ect julie meyers hou ect ect cc subject october wellhead rolled input following deals october crosstex 138553 2 duke 418429 139 hesco 394798 500 swift 418431 322 tri union 418432 700 vintage 403367 300 whiteoak 418434 96 whiting 418436 100 showing deals outstanding oct camden 9858 3000 heatherlock 6879 544 previous deal 133010 north central 5228 3000 julie please check deals correct contract terms also please look heatherlock vance noming gas deal however deal ticket evergreen flag tried roll another month got message another contract needed thanks,0
mtr 6063 mokeen lateral vance deal 421856 created entered sitara bob vance l taylor 09 29 2000 10 31 robert cotten hou ect ect cc jennifer martinez hou ect ect lisa hesse hou ect ect julie meyers hou ect ect sabrae zajac hou ect ect susan smith hou ect ect donald p reinhardt hou ect ect melissa graves hou ect ect subject mtr 6063 mokeen lateral bob jennifer martinez struck deal hesco apparently marketer gmt production purchase gas meter 6063 name hplc please create submit spot ticket sitara based upon following information counterparty meter volume price period hesco gathering oil co 6063 300 mmbtu 100 hsc less 0 095 6 1 10 31 julie please confirm questions please give call thanks vlt x 6353,0
prime operating company uribe 1 jennings ranch field zapata county tx melissa deal 362921 created entered sitara bob enron north america corp melissa graves 08 10 2000 02 54 pm robert cotten hou ect ect jennifer blay hou ect ect cc donald p reinhardt hou ect ect susan smith hou ect ect vance l taylor hou ect ect tom acton corp enron enron mary jo johnson hou ect ect christy sweeney hou ect ect elizabeth l hernandez hou ect ect lisa hesse hou ect ect trisha hughes hou ect ect subject prime operating company uribe 1 jennings ranch field zapata county tx bob jennifer bob following production line behind existing meter please create enter ticket sitara based following counterparty meter period volumes price prime operating company 6388 8 1 00 8 31 00 400 mmbtu 85 hsc producer svcs deal tracked im wellhead portfolio attached gathering contract paper signed reserves published susan smith prepare formal deal ticket full term jennifer please prepare transmit prime operating company first purchaser gtc based following information counterparty prime operating company contract date 8 1 00 term expires 8 31 00 contract type first purchaser gtc contract price 85 hsc sitara assigned tagg assigned meter 098 6388 facility 17385 wells facility facility name meter county 50693 uribe 1 098 6388 zapata mailing address 2900 wilcrest drive suite 475 houston texas 77042 6009 attention mr vern elmore payment information check address telephone number 713 735 0000 fax number 713 735 0090 please provide copy gtc files completed please call questions need additional information thank melissa x 39173 forwarded melissa graves hou ect 08 10 2000 11 42 enron north america corp robert cotten 08 10 2000 09 13 melissa graves hou ect ect cc daren j farmer hou ect ect david baumbach hou ect ect susan smith hou ect ect vance l taylor hou ect ect tom acton corp enron enron mary jo johnson hou ect ect jennifer blay hou ect ect christy sweeney hou ect ect hillary mack corp enron enron lisa hesse hou ect ect trisha hughes hou ect ect subject prime operating company uribe 1 jennings ranch field zapata county tx melissa deal 361155 created entered sitara bob enron north america corp melissa graves 08 09 2000 02 19 pm robert cotten hou ect ect cc donald p reinhardt hou ect ect susan smith hou ect ect vance l taylor hou ect ect tom acton corp enron enron mary jo johnson hou ect ect jennifer blay hou ect ect christy sweeney hou ect ect hillary mack corp enron enron lisa hesse hou ect ect trisha hughes hou ect ect subject prime operating company uribe 1 jennings ranch field zapata county tx bob following production line behind existing meter please create enter ticket sitara based following counterparty meter period volumes price prime operating company 6388 7 28 167 mmbtu 85 gas daily 7 29 382 mmbtu 7 30 370 mmbtu 7 31 415 mmbtu producer svcs deal tracked im wellhead portfolio attached gathering contract thank melissa x 39173,0
september spot purchases vance deal tickets created entered sitara follows bob vance l taylor 08 28 2000 04 33 pm robert cotten hou ect ect cc elizabeth l hernandez hou ect ect lisa hesse hou ect ect trisha hughes hou ect ect susan smith hou ect ect donald p reinhardt hou ect ect melissa graves hou ect ect subject september spot purchases bob hplc purchasing wellhead gas producers listed production month september production purchased spot basis deal tickets created entered sitara based following information counterparty meter volume deal price whiting petroleum corp 6523 200 mmbtu 382601 91 hsc engage energy us lp 5923 775 mmbtu 382610 100 hsc less 0 24 engage energy us lp 5848 240 mmbtu 382621 100 hsc less 0 24 swift energy 2630 21 mmbtu 382627 90 hsc less 0 258 duke energy trading marketing 6347 200 mmbtu 382631 85 hsc additionally producer svcs deals tracked im wellhead portfolio attached gathering contract thanks vlt x 3 6353,0
new production deals need daren fyi bob forwarded robert cotten hou ect 08 28 2000 03 23 pm vance l taylor 08 28 2000 02 16 pm robert cotten hou ect ect cc elizabeth l hernandez hou ect ect lisa hesse hou ect ect trisha hughes hou ect ect susan smith hou ect ect donald p reinhardt hou ect ect melissa graves hou ect ect subject new production deals need bob following production line ticket created entered sitara based following counterparty meter volumes price period pure resources lp 9830 750 mmbtu 100 gas daily less 0 12 8 7 8 31 samson lone star limited 9851 1 000 mmbtu 100 gas daily less 0 15 8 16 8 31 cross tex energy svcs ltd 9843 300 mmbtu 100 gas daily less 0 065 8 25 8 31 300 mmbtu 100 hsc less 0 065 9 01 9 30 fyi susan created submitted committed reserves firm tickets remaining term deal beginning month september additionally producer svcs deals tracked im wellhead portfolio attached gathering contract thanks vlt x 3 6353,0
september production estimate daren fyi bob forwarded robert cotten hou ect 08 23 2000 04 51 pm vance l taylor 08 23 2000 04 46 pm robert cotten hou ect ect cc melissa graves hou ect ect subject september production estimate bob please see attached file estimating wellhead production month september please advised preliminary estimate date received noms september update revisions occur thanks vlt x 3 6353,0
tri c governer bill daniels 1 susan deal 360695 created entered sitara bob susan smith 08 10 2000 12 23 pm robert cotten hou ect ect cc donald p reinhardt hou ect ect melissa graves hou ect ect jeffrey austin hou ect ect vance l taylor hou ect ect lisa hesse hou ect ect subject tri c governer bill daniels 1 bob please create enter ticket sitara based following counterparty meter period volumes price cokinos natural gas co 9842 8 1 8 30 first 5000 day 96 5000 day 97 7328 mmbtu producer services deal tracked im wellhead portfolio attached gathering contract thank susan x 33321,0
potential list fo 9 00 daren per vance discussion deal makers following potential deals 9 00 included vance number north central mcmurrey 2 meter 2697 mid month 2000 mcfd approx gas daily helmrich payne ballard 1 new meter mid month 2000 mcfd approx gas daily kcs resources dickenson bayou meter 9797 midmonth 10 000 mcfd approx gas daily let us know need additional information susan smith x 33321,0
spot firm tickets daren fyi bob forwarded robert cotten hou ect 08 28 2000 03 22 pm vance l taylor 08 28 2000 02 20 pm robert cotten hou ect ect cc susan smith hou ect ect donald p reinhardt hou ect ect melissa graves hou ect ect subject spot firm tickets bob please see responses highlighted red vlt x 3 6353 forwarded vance l taylor hou ect 08 28 2000 02 20 pm enron north america corp robert cotten 08 24 2000 06 08 pm vance l taylor hou ect ect cc daren j farmer hou ect ect subject spot firm tickets vance following nominations deal tickets sitara september 2000 activity please advise whether deals spot firm daren wants everything sitara 3 pm monday august 28 thanks bob source meter sept nom type purchase status ccgm lp 9840 1 000 firm ticket submitted today cross tex 5467 250 firm requested via e mail cummins walker unk 500 firm flowing request spot ticket well commences flow dallas production 6789 12 519 spot requested via e mail duke energy trading 6347 206 spot requested via e mail eex operating 5999 11 632 firm ticket submitted today eog resources 4157 76 firm ticket submitted hughes investments hesco gathering 9624 100 firm deal needs reflect evergreen provision flag hesco gathering 9835 700 firm flowing request spot ticket well commences flow ph exploration 6838 94 firm deal recently rolled extended term pioneer exploration 2698 1 000 firm flowing request spot ticket well commences flow pure resources 9830 500 firm ticket submitted today rio vista 6442 609 longer buying contracted terminated effective 8 15 samson lonestar 9845 2 886 firm ticket submitted last week swift energy 2630 322 spot requested via e mail tema oil gas 4688 1 firm deal needs reflect evergreen provision flag tri union develop 2697 700 firm flowing request spot ticket well commences flow whiting petroleum 6523 100 spot requested via e mail,0
potential list fo 9 00 correction meter 5228 vlt susan smith 08 24 2000 03 40 pm daren j farmer hou ect ect cc vance l taylor hou ect ect melissa graves hou ect ect donald p reinhardt hou ect ect subject potential list fo 9 00 daren correct meter number north central 5288 thanks susan x 33321 forwarded susan smith hou ect 08 24 2000 03 34 pm susan smith 08 24 2000 03 33 pm daren j farmer hou ect ect cc vance l taylor hou ect ect melissa graves hou ect ect donald p reinhardt hou ect ect subject potential list fo 9 00 daren per vance discussion deal makers following potential deals 9 00 included vance number north central mcmurrey 2 meter 2697 mid month 2000 mcfd approx gas daily helmrich payne ballard 1 new meter mid month 2000 mcfd approx gas daily kcs resources dickenson bayou meter 9797 midmonth 10 000 mcfd approx gas daily let us know need additional information susan smith x 33321,0
tri c governer bill daniels 1 melissa price revised 97 hsc bob enron north america corp melissa graves 08 10 2000 02 48 pm robert cotten hou ect ect cc donald p reinhardt hou ect ect susan smith hou ect ect vance l taylor hou ect ect jeffrey austin hou ect ect lisa hesse hou ect ect subject tri c governer bill daniels 1 robert please revise pricing 97 hsc volumes tier thanks melissa forwarded melissa graves hou ect 08 10 2000 02 47 pm susan smith 08 10 2000 12 23 pm robert cotten hou ect ect cc donald p reinhardt hou ect ect melissa graves hou ect ect jeffrey austin hou ect ect vance l taylor hou ect ect lisa hesse hou ect ect subject tri c governer bill daniels 1 bob please create enter ticket sitara based following counterparty meter period volumes price cokinos natural gas co 9842 8 1 8 30 first 5000 day 96 5000 day 97 7328 mmbtu producer services deal tracked im wellhead portfolio attached gathering contract thank susan x 33321,0
meter 9750 mustang eagle common point production meter 800 day listed nomination month september mjj,0
prime operating company uribe 1 jennings ranch field zapata county tx melissa deal 361155 created entered sitara bob enron north america corp melissa graves 08 09 2000 02 19 pm robert cotten hou ect ect cc donald p reinhardt hou ect ect susan smith hou ect ect vance l taylor hou ect ect tom acton corp enron enron mary jo johnson hou ect ect jennifer blay hou ect ect christy sweeney hou ect ect hillary mack corp enron enron lisa hesse hou ect ect trisha hughes hou ect ect subject prime operating company uribe 1 jennings ranch field zapata county tx bob following production line behind existing meter please create enter ticket sitara based following counterparty meter period volumes price prime operating company 6388 7 28 167 mmbtu 85 gas daily 7 29 382 mmbtu 7 30 370 mmbtu 7 31 415 mmbtu producer svcs deal tracked im wellhead portfolio attached gathering contract thank melissa x 39173,0
potential list fo 9 00 daren correct meter number north central 5288 thanks susan x 33321 forwarded susan smith hou ect 08 24 2000 03 34 pm susan smith 08 24 2000 03 33 pm daren j farmer hou ect ect cc vance l taylor hou ect ect melissa graves hou ect ect donald p reinhardt hou ect ect subject potential list fo 9 00 daren per vance discussion deal makers following potential deals 9 00 included vance number north central mcmurrey 2 meter 2697 mid month 2000 mcfd approx gas daily helmrich payne ballard 1 new meter mid month 2000 mcfd approx gas daily kcs resources dickenson bayou meter 9797 midmonth 10 000 mcfd approx gas daily let us know need additional information susan smith x 33321,0
fw first delivery rodessa operating co daren please read memo one dated 2 21 01 vance told new production entered ifhsc deal question 634075 want changed gas daily please advise thanks bob forwarded robert cotten hou ect 03 21 2001 11 02 vance l taylor enron enronxgate 03 19 2001 02 24 pm tom acton corp enron enron robert cotten hou ect ect cc julie meyers hou ect ect lisa hesse hou ect ect donald p reinhardt enron enronxgate susan smith enron enronxgate melissa graves enron enronxgate cynthia hakemack hou ect ect subject fw first delivery rodessa operating co tom bob following production line ticket created entered sitara based following counterparty meter volumes price period global hesco gathering co llc 9876 85 mmbtu 100 gd less 0 17 3 13 3 31 96057368 fyi susan create submit committed reserves firm ticket remaining term deal beginning month april additionally producer svcs deal tracked im wellhead portfolio attached gathering contract thanks vlt x 3 6353 original message buckley esther sent monday march 19 2001 12 14 pm carriere molly cernosek clem consemiu donna cook robert camp howard hesse lisa hlavaty nathan wayne e lightfoot hou ect enron mckay james smith mary schneider steve hpl melissa graves hou ect enron walters michael zivley jill johnson mary jo wynne rita allen lauri jones cheryl hansen reid giron darron winfree neal susan smith hou ect enron bryan gary hanks gary donald p reinhardt hou ect enron vance l taylor hou ect enron baumbach david cotten robert riley brian austin jeff hakemack cynthia kenne dawn csikos lisa fosdick j r rodriguez carlos gomes stephanie clynes pat acton tom walker robert weissman george harris joanne sweeney christy tisdale earl farmer daren subject first delivery rodessa operating co see attached letter,0
fw first delivery rodessa operating co daren please read memo one dated 2 21 01 vance told new production entered ifhsc deal question 634075 want changed gas daily please advise thanks bob forwarded robert cotten hou ect 03 21 2001 11 02 vance l taylor enron enronxgate 03 19 2001 02 24 pm tom acton corp enron enron robert cotten hou ect ect cc julie meyers hou ect ect lisa hesse hou ect ect donald p reinhardt enron enronxgate susan smith enron enronxgate melissa graves enron enronxgate cynthia hakemack hou ect ect subject fw first delivery rodessa operating co tom bob following production line ticket created entered sitara based following counterparty meter volumes price period global hesco gathering co llc 9876 85 mmbtu 100 gd less 0 17 3 13 3 31 96057368 fyi susan create submit committed reserves firm ticket remaining term deal beginning month april additionally producer svcs deal tracked im wellhead portfolio attached gathering contract thanks vlt x 3 6353 original message buckley esther sent monday march 19 2001 12 14 pm carriere molly cernosek clem consemiu donna cook robert camp howard hesse lisa hlavaty nathan wayne e lightfoot hou ect enron mckay james smith mary schneider steve hpl melissa graves hou ect enron walters michael zivley jill johnson mary jo wynne rita allen lauri jones cheryl hansen reid giron darron winfree neal susan smith hou ect enron bryan gary hanks gary donald p reinhardt hou ect enron vance l taylor hou ect enron baumbach david cotten robert riley brian austin jeff hakemack cynthia kenne dawn csikos lisa fosdick j r rodriguez carlos gomes stephanie clynes pat acton tom walker robert weissman george harris joanne sweeney christy tisdale earl farmer daren subject first delivery rodessa operating co see attached letter,0
spot firm tickets vance following nominations deal tickets sitara september 2000 activity please advise whether deals spot firm daren wants everything sitara 3 pm monday august 28 thanks bob source meter sept nom ccgm lp 9840 1 000 cross tex 5467 250 cummins walker unk 500 dallas production 6789 12 519 duke energy trading 6347 206 eex operating 5999 11 632 eog resources 4157 76 hesco gathering 9624 100 hesco gathering 9835 700 ph exploration 6838 94 pioneer exploration 2698 1 000 pure resources 9830 500 rio vista 6442 609 samson lonestar 9845 2 886 swift energy 2630 322 tema oil gas 4688 1 tri union develop 2697 700 whiting petroleum 6523 100,0
resolved issue meter 0986563 vance deal 358125 created entered sitara bob vance l taylor 08 02 2000 10 19 robert e lloyd hou ect ect cc daren j farmer hou ect ect robert cotten hou ect ect anita luong hou ect ect stephanie gomes hou ect ect pat clynes corp enron enron mary poorman na enron enron hillary mack corp enron enron melissa graves hou ect ect subject resolved issue meter 0986563 robert hplc entered gas purchase agreement bjd ess corporation global 96036946 effective 4 1 2000 thru 3 31 2002 meter produced average 19 mmbtu month april 2000 deal ticket created entered sitara based upon following information counterparty meter volume price period bjd ess corporation 6563 19 mmbtu 85 hsc 4 2 00 4 30 00 give call questions concerns thanks vlt x 3 6353 mary poorman enron 08 02 2000 09 34 daren j farmer hou ect ect cc robert cotten hou ect ect vance l taylor hou ect ect anita luong hou ect ect stephanie gomes hou ect ect pat clynes corp enron enron subject resolved issue meter 0986563 fyi apppears deliveries made time frame 12 99 04 02 00 made without contractual arrangements purchase therefore vance explained volume 1 517 dth period allocated strangers agreement deliveries unauthorized udog gas belongs hpl please give vance call questions regarding issue thank patience assistance appreciate mary jane,0
new production sitara deals needed vance deals 348725 6 10 6 30 348729 7 1 7 31 created entered sitara hesco hillary confirm bob vance l taylor 07 28 2000 01 24 pm robert cotten hou ect ect cc lisa hesse hou ect ect trisha hughes hou ect ect heidi withers hou ect ect hillary mack corp enron enron susan smith hou ect ect donald p reinhardt hou ect ect melissa graves hou ect ect subject new production sitara deals needed bob following production line ticket created entered sitara based following counterparty meter volumes price period hesco gathering oil co 9835 600 mmbtu 96 gas daily less 0 14 6 10 7 31 samson lone star limited 9845 3000 mmbtu 100 gas daily less 0 10 7 21 7 31 winn exploration co inc 9847 800 mmbtu 100 gas daily less 0 13 7 25 7 31 fuel use less 3 35 del vols fyi susan created submitted committed reserves firm tickets remaining term deal beginning month august additionally producer svcs deals tracked im wellhead portfolio attached gathering contract thanks vlt x 3 6353,0
meter 0986563 daren deal began may 2000 deal book 12 99 04 00 could please retro deal please tell need speak clear matter thank time patience rookie ext 35251 forwarded mary poorman na enron 08 02 2000 09 09 robert cotten ect 08 01 2000 02 52 pm mary poorman na enron enron cc subject meter 0986563 mary bjd ess corp selling gas hplc deal ticket 258345 gathering contract attached wellhead portfolio let know need information bob mary poorman enron 08 01 2000 02 17 pm robert cotten hou ect ect cc subject meter 0986563 bob could help find owns gas meter thank mary ext 35251 mary poorman 08 01 2000 01 04 pm pat clynes corp enron enron cc subject meter 0986563 pat texaco fee cp flowed total 1 517 dec 99 apr 2 2000 strangers agmt set take allocations however must wellhead related pt declined go finding belongs thought ringing texaco wanted check made calls mary forwarded mary poorman na enron 08 01 2000 01 01 pm anita luong ect 08 01 2000 10 29 stephanie gomes hou ect ect mary poorman na enron enron cc subject meter 0986563 stephanie correct deal set meter 12 99 thru 4 2000 mary please take look meter months question let stephanie know whose gas belongs let know questions thanks forwarded anita luong hou ect 08 01 2000 10 24 stephanie gomes 08 01 2000 09 39 anita luong hou ect ect cc subject meter 0986563 anita longer handling meter please pass email correct person meter 6563 meter statements showing volume flow 12 99 4 00 production meter seeing volume volume management production months 5 00 6 00 production volumes reason deal number needs set please let know thanks stephanie 3 6004,0
new production sitara deals needed vance deal 348760 created entered sitara winn exploration bob vance l taylor 07 28 2000 01 24 pm robert cotten hou ect ect cc lisa hesse hou ect ect trisha hughes hou ect ect heidi withers hou ect ect hillary mack corp enron enron susan smith hou ect ect donald p reinhardt hou ect ect melissa graves hou ect ect subject new production sitara deals needed bob following production line ticket created entered sitara based following counterparty meter volumes price period hesco gathering oil co 9835 600 mmbtu 96 gas daily less 0 14 6 10 7 31 samson lone star limited 9845 3000 mmbtu 100 gas daily less 0 10 7 21 7 31 winn exploration co inc 9847 800 mmbtu 100 gas daily less 0 13 7 25 7 31 fuel use less 3 35 del vols fyi susan created submitted committed reserves firm tickets remaining term deal beginning month august additionally producer svcs deals tracked im wellhead portfolio attached gathering contract thanks vlt x 3 6353,0
resolved issue meter 0986563 fyi apppears deliveries made time frame 12 99 04 02 00 made without contractual arrangements purchase therefore vance explained volume 1 517 dth period allocated strangers agreement deliveries unauthorized udog gas belongs hpl please give vance call questions regarding issue thank patience assistance appreciate mary jane,0
new production sitara deals needed vance deal 348616 created entered sitara samson lone star limited meter 9847 yet available sitara awaiting additional information hesco thanks bob vance l taylor 07 28 2000 01 24 pm robert cotten hou ect ect cc lisa hesse hou ect ect trisha hughes hou ect ect heidi withers hou ect ect hillary mack corp enron enron susan smith hou ect ect donald p reinhardt hou ect ect melissa graves hou ect ect subject new production sitara deals needed bob following production line ticket created entered sitara based following counterparty meter volumes price period hesco gathering oil co 9835 600 mmbtu 96 gas daily less 0 14 6 10 7 31 samson lone star limited 9845 3000 mmbtu 100 gas daily less 0 10 7 21 7 31 winn exploration co inc 9847 800 mmbtu 100 gas daily less 0 13 7 25 7 31 fuel use less 3 35 del vols fyi susan created submitted committed reserves firm tickets remaining term deal beginning month august additionally producer svcs deals tracked im wellhead portfolio attached gathering contract thanks vlt x 3 6353,0
august spot tickets vance deal 348777 created entered sitara duke energy trading marketing l l c bob vance l taylor 07 28 2000 03 09 pm robert cotten hou ect ect cc lisa hesse hou ect ect trisha hughes hou ect ect heidi withers hou ect ect hillary mack corp enron enron donald p reinhardt hou ect ect melissa graves hou ect ect subject august spot tickets bob hplc purchasing wellhead gas producers listed production month august production purchased spot basis deal tickets created entered sitara based following information counterparty meter volume price duke energy trading marketing 6347 200 mmbtu 85 hsc additionally producer svcs deals tracked im wellhead portfolio attached gathering contract thanks vlt x 3 6353 forwarded vance l taylor hou ect 07 28 2000 02 51 pm vance l taylor 07 28 2000 09 33 robert cotten hou ect ect cc lisa hesse hou ect ect trisha hughes hou ect ect heidi withers hou ect ect hillary mack corp enron enron melissa graves hou ect ect susan smith hou ect ect donald p reinhardt hou ect ect subject august spot tickets bob hplc purchasing wellhead gas producers listed production month august production purchased spot basis deal tickets created entered sitara based following information counterparty meter volume price whiting petroleum corp 6523 200 mmbtu 91 hsc engage energy us lp 5923 775 mmbtu 100 hsc less 0 24 engage energy us lp 5848 240 mmbtu 100 hsc less 0 24 swift energy 2630 21 mmbtu 90 hsc less 0 258 additionally producer svcs deals tracked im wellhead portfolio attached gathering contract thanks vlt x 3 6353,0
united oil minerals inc chapman unit 1 vance deal 357904 created entered sitara bob vance l taylor 08 04 2000 04 06 pm robert cotten hou ect ect hillary mack corp enron enron lisa hesse hou ect ect trisha hughes hou ect ect cc susan smith hou ect ect donald p reinhardt hou ect ect melissa graves hou ect ect tom acton corp enron enron subject united oil minerals inc chapman unit 1 bob following production commenced flow friday ticket created entered sitara based following counterparty meter volumes price period united oil minerals inc 9846 1 500 mmbtu 100 gas daily less 0 12 8 4 8 31 fyi susan create submit committed reserves firm ticket remaining term deal beginning month september additionally producer svcs deal tracked im wellhead portfolio attached gathering contract thanks vlt x 3 6353 forwarded vance l taylor hou ect 08 04 2000 03 54 pm enron north america corp melissa graves 08 03 2000 02 53 pm vance l taylor hou ect ect jennifer blay hou ect ect cc donald p reinhardt hou ect ect susan smith hou ect ect christy sweeney hou ect ect jill zivley hou ect ect subject united oil minerals inc chapman unit 1 vance per jill vic tomorrow getting first turn notice united oil minerals chapman unit 1 well meter 9846 see notice please prepare usual spot ticket request per following term 8 4 00 8 31 00 price gas daily less 0 12 expected volumes 1 500 mmbtu please alter per esther notice necessary jennifer vance requests sitara ticket provides sitara deal number please ensure gtc spot sent doyle valdez united oil minerals inc fax 361 328 8189 please also provide copy gtc records hpl fax 713 345 7040 thank melissa,0
revised noms gathering contracts dave effective 8 9 expected volumes revised deal tickets attached sheet volumes revised avg column addition deal ticket entered cokinos natural gas meter 9842 effective 8 1 volume 7 000 day also deal ticket 344928 volume 800 day changed trade zone 1 18 bob,0
resolved issue meter 0986563 robert hplc entered gas purchase agreement bjd ess corporation global 96036946 effective 4 1 2000 thru 3 31 2002 meter produced average 19 mmbtu month april 2000 deal ticket created entered sitara based upon following information counterparty meter volume price period bjd ess corporation 6563 19 mmbtu 85 hsc 4 2 00 4 30 00 give call questions concerns thanks vlt x 3 6353 mary poorman enron 08 02 2000 09 34 daren j farmer hou ect ect cc robert cotten hou ect ect vance l taylor hou ect ect anita luong hou ect ect stephanie gomes hou ect ect pat clynes corp enron enron subject resolved issue meter 0986563 fyi apppears deliveries made time frame 12 99 04 02 00 made without contractual arrangements purchase therefore vance explained volume 1 517 dth period allocated strangers agreement deliveries unauthorized udog gas belongs hpl please give vance call questions regarding issue thank patience assistance appreciate mary jane,0
meter 6599 deal 138049 committed reserve long term gas totaling 1 350 mm per day good deal however deal 348446 duplicate deal overstated zeroed bad deal vance response inquiry made bob daren want zero deal 348446,0
base gas roll april 01 due unscheduled problems base gas roll april completed last night run tonight however thanks gg forwarded george grant hou ect 03 20 2001 01 29 pm george grant 03 19 2001 10 00 luis aybar enron enronxgate cc vance l taylor enron enronxgate daren j farmer hou ect ect robert cotten hou ect ect edward terry hou ect ect subject base gas roll april 01 texas desk requested run base gas roll tonight 3 19 april 2001 production thanks gg,0
base gas roll april 01 due unscheduled problems base gas roll april completed last night run tonight however thanks gg forwarded george grant hou ect 03 20 2001 01 29 pm george grant 03 19 2001 10 00 luis aybar enron enronxgate cc vance l taylor enron enronxgate daren j farmer hou ect ect robert cotten hou ect ect edward terry hou ect ect subject base gas roll april 01 texas desk requested run base gas roll tonight 3 19 april 2001 production thanks gg,0
coastal oil gas corporation daren fyi bob forwarded robert cotten hou ect 07 28 2000 11 17 enron north america corp melissa graves 07 28 2000 11 09 robert cotten hou ect ect cc hillary mack corp enron enron donald p reinhardt hou ect ect susan smith hou ect ect vance l taylor hou ect ect brian riley hou ect ect subject coastal oil gas corporation albrecht 4 well meter 098 4179 goliad co tx bob hplc purchasing wellhead gas producer listed production month august production purchased spot basis deal ticket created entered sitara based following information counterparty meter volume price coastal oil gas corporation 4179 albrecht 4 well 2 000 mmbtu 93 gas daily additionally producer svcs deal tracked im wellhead portfolio attached gathering contract thanks melissa forwarded melissa graves hou ect 07 28 2000 10 02 enron north america corp melissa graves 07 10 2000 02 18 pm hillary mack corp enron enron cc robert cotten hou ect ect subject coastal oil gas corporation albrecht 4 well meter 098 4179 goliad co tx hillary see answer thanks melissa forwarded melissa graves hou ect 07 10 2000 02 17 pm joanne wagstaff enron 07 10 2000 02 14 pm melissa graves hou ect ect cc robert cotten hou ect ect subject coastal oil gas corporation albrecht 4 well meter 098 4179 goliad co tx melissa confirmed emails bob walker name counterparty albrecht 4 well coastal oil gas corp please let know questions thanks joanne x 68228 melissa graves ect 07 10 2000 10 14 joanne wagstaff na enron enron cc robert cotten hou ect ect subject coastal oil gas corporation albrecht 4 well meter 098 4179 goliad co tx joanne confirm counterparty name please thanks melissa forwarded melissa graves hou ect 07 10 2000 10 13 enron north america corp robert cotten 07 10 2000 10 11 melissa graves hou ect ect cc subject coastal oil gas corporation albrecht 4 well meter 098 4179 goliad co tx melissa hillary mack called following deal believes counterparty coastal oil gas usa l p rather coastal oil gas corp please advise thanks bob forwarded robert cotten hou ect 07 10 2000 10 08 enron north america corp robert cotten 07 10 2000 09 01 melissa graves hou ect ect cc daren j farmer hou ect ect neal winfree hou ect ect susan smith hou ect ect vance l taylor hou ect ect george weissman hou ect ect hillary mack corp enron enron amelia alland hou ect ect subject coastal oil gas corporation albrecht 4 well meter 098 4179 goliad co tx melissa deal ticket 325550 created entered sitara bob enron north america corp melissa graves 07 07 2000 03 34 pm robert cotten hou ect ect cc donald p reinhardt hou ect ect susan smith hou ect ect vance l taylor hou ect ect george weissman hou ect ect hillary mack corp enron enron amelia alland hou ect ect subject coastal oil gas corporation albrecht 4 well meter 098 4179 goliad co tx bob per george note hplc purchasing wellhead gas producer listed production month july production purchased spot basis deal ticket created entered sitara based following information counterparty meter volume price coastal oil gas corporation 4179 albrecht 4 well 7 7 00 1 500 mmbtu 7 8 00 3 000 mmbtu 7 9 00 thru 7 31 00 4 000 mmbtu 93 hsc additionally producer svcs deal tracked im wellhead portfolio attached gathering contract thanks melissa forwarded melissa graves hou ect 07 07 2000 03 03 pm enron north america corp george weissman 07 07 2000 01 11 pm melissa graves hou ect ect shawna flynn hou ect ect cc sandi braband hou ect ect robert walker hou ect ect vicente sarmiento gco enron enron brian riley hou ect ect lauri allen hou ect ect subject coastal oil gas corporation albrecht 4 well meter 098 4179 goliad co tx melissa based attached contract preparation request spot gtc coastal oil legal department prepared currently circulating ratification consent assign document reflect transaction spot gtc requested herein cover gas albrecht 4 well albrecht 4 covered 96008903 wells currently subject 96008903 subject spot gtc shawna please prepare termination letter 96008903 requested george x 3 6992 forwarded george weissman hou ect 07 07 2000 01 04 pm debbie boudar enron 07 06 2000 03 25 pm george weissman hou ect ect cc robert walker hou ect ect vicente sarmiento gco enron enron brian riley hou ect ect subject coastal oil gas corporation albrecht 4 well meter 098 4179 goliad co tx regards meter 098 4179 following information able determine information available questions 1 determine owns meter contact molly carriere monday returns 2 hpl fifty 50 ft easement location contain language appurtenance rights within 50 3 pulled meter file location prepared project rock contain facility agreement assuming one located hope helps george weissman ect 07 06 2000 11 09 debbie boudar na enron enron cc robert walker hou ect ect vicente sarmiento gco enron enron brian riley hou ect ect subject coastal oil gas corporation albrecht 4 well meter 098 4179 goliad co tx debbie meter 098 4179 located sta plus 40 85 align dwg hc 1130 18 h goliad co tx connection facility agreement request need know following 1 owns meter hplc operator 2 easement access right way meter station 3 knowledge facility agreement place covering meter locate agreement records thanks george x 3 6992 forwarded george weissman hou ect 07 06 2000 11 06 enron north america corp george weissman 07 06 2000 09 37 shawna flynn hou ect ect cc robert walker hou ect ect brian riley hou ect ect vicente sarmiento gco enron enron melissa graves hou ect ect lal echterhoff hou ect ect james r haden hou ect ect subject coastal oil gas corporation albrecht 4 well meter 098 4179 goliad co tx shawna attached contract preparation request facilities agreement coastal oil legal department prepared currently circulating ratification consent assign document reflect transaction unable locate existing facility agreement 3 previously drilled wells suspect agreement exists facility agreement requested herein intended cover alterations made existing meter 098 4179 install h 2 monitor necessary valving allow hplc accept gas newly drilled albrecht 4 well h 2 monitor installed albrecht 4 well ready flow intend paper purchase gas albrecht 4 well via spot confirmation pursuant spot gtc albrecht 4 covered 96008903 wells currently subject 96008903 subject spot gtc coastal reimburse hplc 39 600 cost installation george x 3 6992 forwarded george weissman hou ect 07 06 2000 09 21 enron north america corp george weissman 07 04 2000 01 28 pm lal echterhoff hou ect ect pat flavin gco enron enron cc brian riley hou ect ect jill zivley hou ect ect vicente sarmiento gco enron enron james r haden hou ect ect donnie mccabe gco enron enron mark walch gco enron enron steve hpl schneider hou ect ect subject coastal oil gas corporation albrecht 4 well meter 098 4179 goliad co tx lal intend attempt connect 4 000 mmbtu new production newly drilled coastal oil may 2000 meter flowed 960 mmbtu 3 36 co 2 gas content albrecht 4 gas according field gas analysis prepared coastal oil albrecht 4 h 2 content similar three wells currently producing 960 mmbtu behind meter 098 4179 miller albrecht unit 1 hoff heller gas unit 1 2 coastal purports time predecessor mjg corp treated three wells h 2 manner sufficient reduce h 2 content delivered hplc permissible levels coastal indicated intends reduce h 2 content albrecht 4 permissible levels delivering hplc opinion coastal forced install h 2 monitor new gas prior flowing hplc george x 3 6992 forwarded george weissman hou ect 07 04 2000 12 48 pm christy sweeney 06 29 2000 04 56 pm lisa hesse hou ect ect cc brian riley hou ect ect george weissman hou ect ect melissa graves hou ect ect joanne wagstaff na enron enron heidi withers hou ect ect subject transport request coastal albrecht 4 goliad county tx lisa attached physical well connect form including transportation quote sheet coastal albrecht 4 well goliad county tx please provide us transport quote attached quote gave us april 2000 volume 5 000 day headed way map shows well location relation us tejas koch tetco please note 2 fuel thank christy 39050 forwarded christy sweeney hou ect 06 29 2000 02 46 pm enron north america corp lisa hesse 04 07 2000 10 48 brian riley hou ect ect cc lauri allen hou ect ect mary smith hou ect ect heidi withers hou ect ect melissa graves hou ect ect george weissman hou ect ect susan smith hou ect ect donald p reinhardt hou ect ect vance l taylor hou ect ect lisa hesse hou ect ect lisa hesse hou ect ect subject mjg inc meter 4179 cokinos meter 9676 brian transport rates meters mjg meter 4179 3 39 co 2 1 year quote april 00 rel 1180 avg 1200 1988 014 loc 05 p l density 02 quality 049 market adjustment 05 _ _ _ _ 183 less discount market fee 02 _ _ _ _ 16 please call questions comments lisa 3 5901,0
august spot tickets vance please note following deal tickets created entered sitara thanks bob vance l taylor 07 28 2000 09 33 robert cotten hou ect ect cc lisa hesse hou ect ect trisha hughes hou ect ect heidi withers hou ect ect hillary mack corp enron enron melissa graves hou ect ect susan smith hou ect ect donald p reinhardt hou ect ect subject august spot tickets bob hplc purchasing wellhead gas producers listed production month august production purchased spot basis deal tickets created entered sitara based following information counterparty meter volume price sitara deal whiting petroleum corp 6523 200 mmbtu 91 hsc 348374 engage energy us lp 5923 775 mmbtu 100 hsc less 0 24 348390 engage energy us lp 5848 240 mmbtu 100 hsc less 0 24 348396 swift energy 2630 21 mmbtu 90 hsc less 0 258 348412 additionally producer svcs deals tracked im wellhead portfolio attached gathering contract thanks vlt x 3 6353,0
base gas roll april 01 texas desk requested run base gas roll tonight 3 19 april 2001 production thanks gg,0
base gas roll april 01 texas desk requested run base gas roll tonight 3 19 april 2001 production thanks gg,0
potential list fo 8 00 daren per vance discussion deal makers following potential deals 8 00 included vance number aspect darrington mid month 2500 mcfd gas daily helmrich payne ballard 1 mid month 2000 3000 mcfd gas daily let us know need additional information susan smith x 33321,0
coastal oil gas corporation melissa deal 348450 created entered sitara addition volume edited 3 000 1 000 deal 135714 mjg inc meter 4179 thanks bob enron north america corp melissa graves 07 28 2000 11 09 robert cotten hou ect ect cc hillary mack corp enron enron donald p reinhardt hou ect ect susan smith hou ect ect vance l taylor hou ect ect brian riley hou ect ect subject coastal oil gas corporation albrecht 4 well meter 098 4179 goliad co tx bob hplc purchasing wellhead gas producer listed production month august production purchased spot basis deal ticket created entered sitara based following information counterparty meter volume price coastal oil gas corporation 4179 albrecht 4 well 2 000 mmbtu 93 gas daily additionally producer svcs deal tracked im wellhead portfolio attached gathering contract thanks melissa forwarded melissa graves hou ect 07 28 2000 10 02 enron north america corp melissa graves 07 10 2000 02 18 pm hillary mack corp enron enron cc robert cotten hou ect ect subject coastal oil gas corporation albrecht 4 well meter 098 4179 goliad co tx hillary see answer thanks melissa forwarded melissa graves hou ect 07 10 2000 02 17 pm joanne wagstaff enron 07 10 2000 02 14 pm melissa graves hou ect ect cc robert cotten hou ect ect subject coastal oil gas corporation albrecht 4 well meter 098 4179 goliad co tx melissa confirmed emails bob walker name counterparty albrecht 4 well coastal oil gas corp please let know questions thanks joanne x 68228 melissa graves ect 07 10 2000 10 14 joanne wagstaff na enron enron cc robert cotten hou ect ect subject coastal oil gas corporation albrecht 4 well meter 098 4179 goliad co tx joanne confirm counterparty name please thanks melissa forwarded melissa graves hou ect 07 10 2000 10 13 enron north america corp robert cotten 07 10 2000 10 11 melissa graves hou ect ect cc subject coastal oil gas corporation albrecht 4 well meter 098 4179 goliad co tx melissa hillary mack called following deal believes counterparty coastal oil gas usa l p rather coastal oil gas corp please advise thanks bob forwarded robert cotten hou ect 07 10 2000 10 08 enron north america corp robert cotten 07 10 2000 09 01 melissa graves hou ect ect cc daren j farmer hou ect ect neal winfree hou ect ect susan smith hou ect ect vance l taylor hou ect ect george weissman hou ect ect hillary mack corp enron enron amelia alland hou ect ect subject coastal oil gas corporation albrecht 4 well meter 098 4179 goliad co tx melissa deal ticket 325550 created entered sitara bob enron north america corp melissa graves 07 07 2000 03 34 pm robert cotten hou ect ect cc donald p reinhardt hou ect ect susan smith hou ect ect vance l taylor hou ect ect george weissman hou ect ect hillary mack corp enron enron amelia alland hou ect ect subject coastal oil gas corporation albrecht 4 well meter 098 4179 goliad co tx bob per george note hplc purchasing wellhead gas producer listed production month july production purchased spot basis deal ticket created entered sitara based following information counterparty meter volume price coastal oil gas corporation 4179 albrecht 4 well 7 7 00 1 500 mmbtu 7 8 00 3 000 mmbtu 7 9 00 thru 7 31 00 4 000 mmbtu 93 hsc additionally producer svcs deal tracked im wellhead portfolio attached gathering contract thanks melissa forwarded melissa graves hou ect 07 07 2000 03 03 pm enron north america corp george weissman 07 07 2000 01 11 pm melissa graves hou ect ect shawna flynn hou ect ect cc sandi braband hou ect ect robert walker hou ect ect vicente sarmiento gco enron enron brian riley hou ect ect lauri allen hou ect ect subject coastal oil gas corporation albrecht 4 well meter 098 4179 goliad co tx melissa based attached contract preparation request spot gtc coastal oil legal department prepared currently circulating ratification consent assign document reflect transaction spot gtc requested herein cover gas albrecht 4 well albrecht 4 covered 96008903 wells currently subject 96008903 subject spot gtc shawna please prepare termination letter 96008903 requested george x 3 6992 forwarded george weissman hou ect 07 07 2000 01 04 pm debbie boudar enron 07 06 2000 03 25 pm george weissman hou ect ect cc robert walker hou ect ect vicente sarmiento gco enron enron brian riley hou ect ect subject coastal oil gas corporation albrecht 4 well meter 098 4179 goliad co tx regards meter 098 4179 following information able determine information available questions 1 determine owns meter contact molly carriere monday returns 2 hpl fifty 50 ft easement location contain language appurtenance rights within 50 3 pulled meter file location prepared project rock contain facility agreement assuming one located hope helps george weissman ect 07 06 2000 11 09 debbie boudar na enron enron cc robert walker hou ect ect vicente sarmiento gco enron enron brian riley hou ect ect subject coastal oil gas corporation albrecht 4 well meter 098 4179 goliad co tx debbie meter 098 4179 located sta plus 40 85 align dwg hc 1130 18 h goliad co tx connection facility agreement request need know following 1 owns meter hplc operator 2 easement access right way meter station 3 knowledge facility agreement place covering meter locate agreement records thanks george x 3 6992 forwarded george weissman hou ect 07 06 2000 11 06 enron north america corp george weissman 07 06 2000 09 37 shawna flynn hou ect ect cc robert walker hou ect ect brian riley hou ect ect vicente sarmiento gco enron enron melissa graves hou ect ect lal echterhoff hou ect ect james r haden hou ect ect subject coastal oil gas corporation albrecht 4 well meter 098 4179 goliad co tx shawna attached contract preparation request facilities agreement coastal oil legal department prepared currently circulating ratification consent assign document reflect transaction unable locate existing facility agreement 3 previously drilled wells suspect agreement exists facility agreement requested herein intended cover alterations made existing meter 098 4179 install h 2 monitor necessary valving allow hplc accept gas newly drilled albrecht 4 well h 2 monitor installed albrecht 4 well ready flow intend paper purchase gas albrecht 4 well via spot confirmation pursuant spot gtc albrecht 4 covered 96008903 wells currently subject 96008903 subject spot gtc coastal reimburse hplc 39 600 cost installation george x 3 6992 forwarded george weissman hou ect 07 06 2000 09 21 enron north america corp george weissman 07 04 2000 01 28 pm lal echterhoff hou ect ect pat flavin gco enron enron cc brian riley hou ect ect jill zivley hou ect ect vicente sarmiento gco enron enron james r haden hou ect ect donnie mccabe gco enron enron mark walch gco enron enron steve hpl schneider hou ect ect subject coastal oil gas corporation albrecht 4 well meter 098 4179 goliad co tx lal intend attempt connect 4 000 mmbtu new production newly drilled coastal oil may 2000 meter flowed 960 mmbtu 3 36 co 2 gas content albrecht 4 gas according field gas analysis prepared coastal oil albrecht 4 h 2 content similar three wells currently producing 960 mmbtu behind meter 098 4179 miller albrecht unit 1 hoff heller gas unit 1 2 coastal purports time predecessor mjg corp treated three wells h 2 manner sufficient reduce h 2 content delivered hplc permissible levels coastal indicated intends reduce h 2 content albrecht 4 permissible levels delivering hplc opinion coastal forced install h 2 monitor new gas prior flowing hplc george x 3 6992 forwarded george weissman hou ect 07 04 2000 12 48 pm christy sweeney 06 29 2000 04 56 pm lisa hesse hou ect ect cc brian riley hou ect ect george weissman hou ect ect melissa graves hou ect ect joanne wagstaff na enron enron heidi withers hou ect ect subject transport request coastal albrecht 4 goliad county tx lisa attached physical well connect form including transportation quote sheet coastal albrecht 4 well goliad county tx please provide us transport quote attached quote gave us april 2000 volume 5 000 day headed way map shows well location relation us tejas koch tetco please note 2 fuel thank christy 39050 forwarded christy sweeney hou ect 06 29 2000 02 46 pm enron north america corp lisa hesse 04 07 2000 10 48 brian riley hou ect ect cc lauri allen hou ect ect mary smith hou ect ect heidi withers hou ect ect melissa graves hou ect ect george weissman hou ect ect susan smith hou ect ect donald p reinhardt hou ect ect vance l taylor hou ect ect lisa hesse hou ect ect lisa hesse hou ect ect subject mjg inc meter 4179 cokinos meter 9676 brian transport rates meters mjg meter 4179 3 39 co 2 1 year quote april 00 rel 1180 avg 1200 1988 014 loc 05 p l density 02 quality 049 market adjustment 05 _ _ _ _ 183 less discount market fee 02 _ _ _ _ 16 please call questions comments lisa 3 5901,0
new production sitara deals needed daren fyi bob forwarded robert cotten hou ect 07 28 2000 01 24 pm vance l taylor 07 28 2000 01 24 pm robert cotten hou ect ect cc lisa hesse hou ect ect trisha hughes hou ect ect heidi withers hou ect ect hillary mack corp enron enron susan smith hou ect ect donald p reinhardt hou ect ect melissa graves hou ect ect subject new production sitara deals needed bob following production line ticket created entered sitara based following counterparty meter volumes price period hesco gathering oil co 9835 600 mmbtu 96 gas daily less 0 14 6 10 7 31 samson lone star limited 9845 3000 mmbtu 100 gas daily less 0 10 7 21 7 31 winn exploration co inc 9847 800 mmbtu 100 gas daily less 0 13 7 25 7 31 fuel use less 3 35 del vols fyi susan created submitted committed reserves firm tickets remaining term deal beginning month august additionally producer svcs deals tracked im wellhead portfolio attached gathering contract thanks vlt x 3 6353,0
new production sitara deals needed vance deal tickets noted created entered sitara bob vance l taylor 07 11 2000 09 18 robert cotten hou ect ect cc hillary mack corp enron enron lisa hesse hou ect ect trisha hughes hou ect ect heidi withers hou ect ect susan smith hou ect ect donald p reinhardt hou ect ect melissa graves hou ect ect subject new production sitara deals needed bob following production line ticket created entered sitara based following counterparty deal meter volumes price period cokinos natural gas co 327963 9842 2 800 mmbtu 96 gas daily 7 6 7 31 upstream energy services 327964 9844 150 mmbtu 100 gas daily less 0 14 7 8 7 31 fyi susan create submit committed reserves firm tickets remaining term deal beginning month august additionally producer svcs deals tracked im wellhead portfolio attached gathering contract thanks vlt x 3 6353,0
august wellhead production estimate daren thought vance already given bob forwarded robert cotten hou ect 07 25 2000 01 25 pm vance l taylor 07 24 2000 09 43 robert cotten hou ect ect cc melissa graves hou ect ect subject august wellhead production estimate bob please see attached file estimating wellhead production month august please advised preliminary estimate date received noms august update revisions occur thanks vlt x 3 6353,0
maynard oil revised nom daren deal 140991 updated bob daren j farmer 06 30 2000 05 54 robert cotten hou ect ect cc subject maynard oil revised nom bob update nom sitara agree enron north america corp robert cotten 06 29 2000 02 42 pm daren j farmer hou ect ect cc subject maynard oil revised nom daren maynard oil meter 6674 revised nom 4 920 5 595 july bob,0
wellhead adjustments attached spreadsheet reflects adjustments wellhead meters effective 3 16 01 nominations changed volumes column bob,0
wellhead adjustments attached spreadsheet reflects adjustments wellhead meters effective 3 16 01 nominations changed volumes column bob,0
coastal oil gas corporation daren fyi bob forwarded robert cotten hou ect 07 11 2000 11 48 enron north america corp melissa graves 07 11 2000 08 17 robert cotten hou ect ect cc vance l taylor hou ect ect subject coastal oil gas corporation albrecht 4 well meter 098 4179 goliad co tx bob yes typed original message double check price well request hsc gas daily thank melissa enron north america corp robert cotten 07 10 2000 05 17 pm melissa graves hou ect ect cc subject coastal oil gas corporation albrecht 4 well meter 098 4179 goliad co tx melissa asked confirm price houston ship channel index rather gas daily please advise thanks bob enron north america corp melissa graves 07 10 2000 02 18 pm hillary mack corp enron enron cc robert cotten hou ect ect subject coastal oil gas corporation albrecht 4 well meter 098 4179 goliad co tx hillary see answer thanks melissa forwarded melissa graves hou ect 07 10 2000 02 17 pm joanne wagstaff enron 07 10 2000 02 14 pm melissa graves hou ect ect cc robert cotten hou ect ect subject coastal oil gas corporation albrecht 4 well meter 098 4179 goliad co tx melissa confirmed emails bob walker name counterparty albrecht 4 well coastal oil gas corp please let know questions thanks joanne x 68228 melissa graves ect 07 10 2000 10 14 joanne wagstaff na enron enron cc robert cotten hou ect ect subject coastal oil gas corporation albrecht 4 well meter 098 4179 goliad co tx joanne confirm counterparty name please thanks melissa forwarded melissa graves hou ect 07 10 2000 10 13 enron north america corp robert cotten 07 10 2000 10 11 melissa graves hou ect ect cc subject coastal oil gas corporation albrecht 4 well meter 098 4179 goliad co tx melissa hillary mack called following deal believes counterparty coastal oil gas usa l p rather coastal oil gas corp please advise thanks bob forwarded robert cotten hou ect 07 10 2000 10 08 enron north america corp robert cotten 07 10 2000 09 01 melissa graves hou ect ect cc daren j farmer hou ect ect neal winfree hou ect ect susan smith hou ect ect vance l taylor hou ect ect george weissman hou ect ect hillary mack corp enron enron amelia alland hou ect ect subject coastal oil gas corporation albrecht 4 well meter 098 4179 goliad co tx melissa deal ticket 325550 created entered sitara bob enron north america corp melissa graves 07 07 2000 03 34 pm robert cotten hou ect ect cc donald p reinhardt hou ect ect susan smith hou ect ect vance l taylor hou ect ect george weissman hou ect ect hillary mack corp enron enron amelia alland hou ect ect subject coastal oil gas corporation albrecht 4 well meter 098 4179 goliad co tx bob per george note hplc purchasing wellhead gas producer listed production month july production purchased spot basis deal ticket created entered sitara based following information counterparty meter volume price coastal oil gas corporation 4179 albrecht 4 well 7 7 00 1 500 mmbtu 7 8 00 3 000 mmbtu 7 9 00 thru 7 31 00 4 000 mmbtu 93 hsc additionally producer svcs deal tracked im wellhead portfolio attached gathering contract thanks melissa forwarded melissa graves hou ect 07 07 2000 03 03 pm enron north america corp george weissman 07 07 2000 01 11 pm melissa graves hou ect ect shawna flynn hou ect ect cc sandi braband hou ect ect robert walker hou ect ect vicente sarmiento gco enron enron brian riley hou ect ect lauri allen hou ect ect subject coastal oil gas corporation albrecht 4 well meter 098 4179 goliad co tx melissa based attached contract preparation request spot gtc coastal oil legal department prepared currently circulating ratification consent assign document reflect transaction spot gtc requested herein cover gas albrecht 4 well albrecht 4 covered 96008903 wells currently subject 96008903 subject spot gtc shawna please prepare termination letter 96008903 requested george x 3 6992 forwarded george weissman hou ect 07 07 2000 01 04 pm debbie boudar enron 07 06 2000 03 25 pm george weissman hou ect ect cc robert walker hou ect ect vicente sarmiento gco enron enron brian riley hou ect ect subject coastal oil gas corporation albrecht 4 well meter 098 4179 goliad co tx regards meter 098 4179 following information able determine information available questions 1 determine owns meter contact molly carriere monday returns 2 hpl fifty 50 ft easement location contain language appurtenance rights within 50 3 pulled meter file location prepared project rock contain facility agreement assuming one located hope helps george weissman ect 07 06 2000 11 09 debbie boudar na enron enron cc robert walker hou ect ect vicente sarmiento gco enron enron brian riley hou ect ect subject coastal oil gas corporation albrecht 4 well meter 098 4179 goliad co tx debbie meter 098 4179 located sta plus 40 85 align dwg hc 1130 18 h goliad co tx connection facility agreement request need know following 1 owns meter hplc operator 2 easement access right way meter station 3 knowledge facility agreement place covering meter locate agreement records thanks george x 3 6992 forwarded george weissman hou ect 07 06 2000 11 06 enron north america corp george weissman 07 06 2000 09 37 shawna flynn hou ect ect cc robert walker hou ect ect brian riley hou ect ect vicente sarmiento gco enron enron melissa graves hou ect ect lal echterhoff hou ect ect james r haden hou ect ect subject coastal oil gas corporation albrecht 4 well meter 098 4179 goliad co tx shawna attached contract preparation request facilities agreement coastal oil legal department prepared currently circulating ratification consent assign document reflect transaction unable locate existing facility agreement 3 previously drilled wells suspect agreement exists facility agreement requested herein intended cover alterations made existing meter 098 4179 install h 2 monitor necessary valving allow hplc accept gas newly drilled albrecht 4 well h 2 monitor installed albrecht 4 well ready flow intend paper purchase gas albrecht 4 well via spot confirmation pursuant spot gtc albrecht 4 covered 96008903 wells currently subject 96008903 subject spot gtc coastal reimburse hplc 39 600 cost installation george x 3 6992 forwarded george weissman hou ect 07 06 2000 09 21 enron north america corp george weissman 07 04 2000 01 28 pm lal echterhoff hou ect ect pat flavin gco enron enron cc brian riley hou ect ect jill zivley hou ect ect vicente sarmiento gco enron enron james r haden hou ect ect donnie mccabe gco enron enron mark walch gco enron enron steve hpl schneider hou ect ect subject coastal oil gas corporation albrecht 4 well meter 098 4179 goliad co tx lal intend attempt connect 4 000 mmbtu new production newly drilled coastal oil may 2000 meter flowed 960 mmbtu 3 36 co 2 gas content albrecht 4 gas according field gas analysis prepared coastal oil albrecht 4 h 2 content similar three wells currently producing 960 mmbtu behind meter 098 4179 miller albrecht unit 1 hoff heller gas unit 1 2 coastal purports time predecessor mjg corp treated three wells h 2 manner sufficient reduce h 2 content delivered hplc permissible levels coastal indicated intends reduce h 2 content albrecht 4 permissible levels delivering hplc opinion coastal forced install h 2 monitor new gas prior flowing hplc george x 3 6992 forwarded george weissman hou ect 07 04 2000 12 48 pm christy sweeney 06 29 2000 04 56 pm lisa hesse hou ect ect cc brian riley hou ect ect george weissman hou ect ect melissa graves hou ect ect joanne wagstaff na enron enron heidi withers hou ect ect subject transport request coastal albrecht 4 goliad county tx lisa attached physical well connect form including transportation quote sheet coastal albrecht 4 well goliad county tx please provide us transport quote attached quote gave us april 2000 volume 5 000 day headed way map shows well location relation us tejas koch tetco please note 2 fuel thank christy 39050 forwarded christy sweeney hou ect 06 29 2000 02 46 pm enron north america corp lisa hesse 04 07 2000 10 48 brian riley hou ect ect cc lauri allen hou ect ect mary smith hou ect ect heidi withers hou ect ect melissa graves hou ect ect george weissman hou ect ect susan smith hou ect ect donald p reinhardt hou ect ect vance l taylor hou ect ect lisa hesse hou ect ect lisa hesse hou ect ect subject mjg inc meter 4179 cokinos meter 9676 brian transport rates meters mjg meter 4179 3 39 co 2 1 year quote april 00 rel 1180 avg 1200 1988 014 loc 05 p l density 02 quality 049 market adjustment 05 _ _ _ _ 183 less discount market fee 02 _ _ _ _ 16 please call questions comments lisa 3 5901,0
revised nom yates energy daren yates energy revised nom 7 00 meter 6598 2 939 3 096 bob,0
cody texas l p meter 5333 daren deal 320162 created entered sitara bob enron north america corp melissa graves 06 30 2000 12 22 pm robert cotten hou ect ect hillary mack corp enron enron cc vance l taylor hou ect ect subject cody texas l p meter 5333 bob hplc purchasing wellhead gas producer listed production month july production purchased spot basis deal ticket created entered sitara based following information counterparty meter volume price cody texas l p 5333 2975 mmbtu 100 hsc less 0 09 ticket marked evergreen rolls month month additionally producer svcs deals tracked im wellhead portfolio attached gathering contract hillary noticed deal 305549 put one day 6 1 00 flow meter month june could ticket changed go 6 30 00 thanks melissa x 39173,0
revised noms four square gas daren bob forwarded robert cotten hou ect 06 29 2000 06 23 pm enron north america corp robert cotten 06 29 2000 03 03 pm daren j farmer hou ect ect cc subject revised noms four square gas daren four square gas revised noms july follows meter orig nom rev nom 6599 1 322 0 1568 7 0 6844 3 822 0 want adjust bob,0
new production sitara deals needed vance deal 327963 killed sitara happen bob forwarded robert cotten hou ect 07 12 2000 01 05 pm enron north america corp robert cotten 07 11 2000 08 51 pm vance l taylor hou ect ect cc daren j farmer hou ect ect neal winfree hou ect ect hillary mack corp enron enron lisa hesse hou ect ect trisha hughes hou ect ect heidi withers hou ect ect susan smith hou ect ect donald p reinhardt hou ect ect melissa graves hou ect ect subject new production sitara deals needed vance deal tickets noted created entered sitara bob vance l taylor 07 11 2000 09 18 robert cotten hou ect ect cc hillary mack corp enron enron lisa hesse hou ect ect trisha hughes hou ect ect heidi withers hou ect ect susan smith hou ect ect donald p reinhardt hou ect ect melissa graves hou ect ect subject new production sitara deals needed bob following production line ticket created entered sitara based following counterparty deal meter volumes price period cokinos natural gas co 327963 9842 2 800 mmbtu 96 gas daily 7 6 7 31 upstream energy services 327964 9844 150 mmbtu 100 gas daily less 0 14 7 8 7 31 fyi susan create submit committed reserves firm tickets remaining term deal beginning month august additionally producer svcs deals tracked im wellhead portfolio attached gathering contract thanks vlt x 3 6353,0
revised nom texlan oil daren texlan revised nom meter 6788 166 365 july want adjust bob,0
hydrocarbon lease mgmt daren bob forwarded robert cotten hou ect 06 28 2000 10 09 enron north america corp robert cotten 06 28 2000 09 32 daren j farmer hou ect ect cc subject hydrocarbon lease mgmt daren volume 1 000 want put bob forwarded robert cotten hou ect 06 28 2000 09 30 neal winfree 06 28 2000 07 47 robert cotten hou ect ect cc subject hydrocarbon lease mgmt july forward deal ticket 310830 meter 9836 enron north america corp robert cotten 06 27 2000 05 34 pm neal winfree hou ect ect cc subject hydrocarbon lease mgmt neal new deal ticket 281540 rolled july please advise thanks bob,0
july spot tickets vance following deals created entered sitara bob vance l taylor 06 27 2000 11 24 robert cotten hou ect ect cc lisa hesse hou ect ect heidi withers hou ect ect hillary mack corp enron enron susan smith hou ect ect melissa graves hou ect ect subject july spot tickets bob hplc purchasing wellhead gas producers listed production month july production purchased spot basis deal tickets created entered sitara based following information counterparty meter volume price sitara whiting petroleum corp 6523 200 mmbtu 91 hsc 314390 engage energy us lp 5923 657 mmbtu 100 hsc less 0 24 314399 engage energy us lp 5848 117 mmbtu 100 hsc less 0 24 314408 swift energy 2630 21 mmbtu 90 hsc less 0 258 314414 additionally producer svcs deals tracked im wellhead portfolio attached gathering contract thanks vlt x 3 6353,0
eex corporation meter 5999 sitara deal ticket 314349 created entered july 2000 follows 14 213 ifhsc minus 0 11 bob,0
hydrocarbon lease mgmt daren volume 1 000 want put bob forwarded robert cotten hou ect 06 28 2000 09 30 neal winfree 06 28 2000 07 47 robert cotten hou ect ect cc subject hydrocarbon lease mgmt july forward deal ticket 310830 meter 9836 enron north america corp robert cotten 06 27 2000 05 34 pm neal winfree hou ect ect cc subject hydrocarbon lease mgmt neal new deal ticket 281540 rolled july please advise thanks bob,0
july 2000 hpl estimates nominations daren fyi bob forwarded robert cotten hou ect 06 27 2000 09 32 vance l taylor 06 27 2000 09 24 robert cotten hou ect ect cc subject july 2000 hpl estimates nominations bob please see eog july nomination notice 5 000 increase vlt x 3 6353 forwarded vance l taylor hou ect 06 27 2000 09 23 suzanne _ saldivar eogresources com 06 26 2000 04 36 50 pm jaustin ect enron com alannou ect enron com crodrig enron com tacton enron com vance l taylor enron com mandy _ mackinnon enron com susan _ smith ect com cc lee _ hileman eogresources eogresources com shirley _ keeney eogresources com carol _ mcbeath eogresources com tim _ vogler eogresources eogresources com subject july 2000 hpl estimates nominations see attached file hpl avails _ jul 2000 xls hpl avails _ jul 2000 xls,0
shut meter 989842 meter 0989842 tri c resources gov daniel shut approximately 12 00 pm friday april 13 producer shut due high hydrocarbon dew point questions please call 3 6449 thanks gary hanks,0
revised nom kcs resources daren kcs orig nom 11 148 meter 9658 revised 9 381 kcs wants revise 8 000 want adjust bob,0
maynard oil revised nom daren maynard oil meter 6674 revised nom 4 920 5 595 july bob,0
revised nom kcs resources daren bob forwarded robert cotten hou ect 06 29 2000 06 22 pm enron north america corp robert cotten 06 29 2000 03 35 pm daren j farmer hou ect ect cc subject revised nom kcs resources daren kcs orig nom 11 148 meter 9658 revised 9 381 kcs wants revise 8 000 want adjust bob,0
july noms daren please see volume action needed columns 50 158 mm entered sitara path manager deal tickets needed bob forwarded robert cotten hou ect 06 27 2000 09 01 enron north america corp robert cotten 06 26 2000 09 02 neal winfree hou ect ect vance l taylor hou ect ect cc subject july noms neal vance following deals appear expired 6 30 00 counterparty sitara deal volume action needed camoil 138822 161 pathed 6 27 cody texas 305549 2 800 deal ticket eex corp 278748 14 213 eex corp 278770 1 710 pathed 6 27 engage energy 278784 70 deal ticket 278806 117 278821 657 278834 1 096 goldston 225006 30 055 hydrocarbon lease 281540 1 000 petromac 138536 45 pathed 6 26 setex 132845 76 deal ticket 138601 53 swift energy 279778 21 texlan 138848 166 pathed 6 27 need either new deal ticket roll current ones sitara please advise thanks bob,0
july 2000 nominations daren fyi orig 14 474 rev 14 000 change anything bob forwarded robert cotten hou ect 06 27 2000 03 05 pm vance l taylor 06 26 2000 04 24 pm robert cotten hou ect ect cc subject july 2000 nominations bob see attached july nomination sanchez production vlt x 3 6353 forwarded vance l taylor hou ect 06 26 2000 04 24 pm ed birdwell 06 26 2000 04 18 41 pm vtaylor 2 enron com cc subject july 2000 nominations month july 2000 sanchez oil gas nominating following hpl meter 9760 harris county texas 14 000 mmbtu day hpl meter 9822 harris county texas 0 mmbtu day well behind meter 9822 worthen need work future produce questions please call,0
revised noms four square gas daren four square gas revised noms july follows meter orig nom rev nom 6599 1 322 0 1568 7 0 6844 3 822 0 want adjust bob,0
canus meter 5310 daren according vance response lauri email nominations revised upwards approximately 650 gathering contract meter currently nominations 1 353 1 153 gathering 200 transport flow around 2 000 alright include increase 650 revisions made trading friday bob forwarded robert cotten hou ect 04 05 2001 04 13 pm vance l taylor enron enronxgate 04 03 2001 12 07 pm lauri allen hou ect ect vance l taylor hou ect enron robert cotten hou ect ect cc tom acton corp enron enron edward terry hou ect ect kimberly vaughn hou ect ect subject canus meter 5310 lauri effective 3 1 2001 hplc amended contract royal production changing price 100 hsc less 0 16 extending term 2 28 02 consequently march hplc purhasing volumes two wells meter 5310 effective april hplc amended contract releasing l g talbert 2 lease committed reserves agreement mike morris gas buyer expects volumes approximately 2000 mmbtu april nom 1132 bob probably increase nom reflect incremental production point thanks vlt x 3 6353 original message allen lauri sent tuesday april 03 2001 10 04 vance l taylor hou ect enron cotten robert cc acton tom terry edward vaughn kimberly subject canus meter 5310 louis cox copano interconnecting party meter informed effective march lst buying incremental gas royal production point since longer selling copano changes producer services noms point however point appears 14 day chart last flow access shows noms 1332 mm bav 3497 mm march 18 th bob vance could one guys check see nom copano says getting gas april either know long hplc purchasing incremental gas royal please let know resolution thanks,0
canus meter 5310 daren according vance response lauri email nominations revised upwards approximately 650 gathering contract meter currently nominations 1 353 1 153 gathering 200 transport flow around 2 000 alright include increase 650 revisions made trading friday bob forwarded robert cotten hou ect 04 05 2001 04 13 pm vance l taylor enron enronxgate 04 03 2001 12 07 pm lauri allen hou ect ect vance l taylor hou ect enron robert cotten hou ect ect cc tom acton corp enron enron edward terry hou ect ect kimberly vaughn hou ect ect subject canus meter 5310 lauri effective 3 1 2001 hplc amended contract royal production changing price 100 hsc less 0 16 extending term 2 28 02 consequently march hplc purhasing volumes two wells meter 5310 effective april hplc amended contract releasing l g talbert 2 lease committed reserves agreement mike morris gas buyer expects volumes approximately 2000 mmbtu april nom 1132 bob probably increase nom reflect incremental production point thanks vlt x 3 6353 original message allen lauri sent tuesday april 03 2001 10 04 vance l taylor hou ect enron cotten robert cc acton tom terry edward vaughn kimberly subject canus meter 5310 louis cox copano interconnecting party meter informed effective march lst buying incremental gas royal production point since longer selling copano changes producer services noms point however point appears 14 day chart last flow access shows noms 1332 mm bav 3497 mm march 18 th bob vance could one guys check see nom copano says getting gas april either know long hplc purchasing incremental gas royal please let know resolution thanks,0
atmic hurta 1 new production vance deal 303948 created entered sitara bob vance l taylor 06 19 2000 02 56 pm vance l taylor hou ect ect cc robert cotten hou ect ect hillary mack corp enron enron lisa hesse hou ect ect heidi withers hou ect ect susan smith hou ect ect donald p reinhardt hou ect ect melissa graves hou ect ect subject atmic hurta 1 new production auugghh marquee corporation vlt x 3 6353 vance l taylor 06 19 2000 02 54 pm vance l taylor hou ect ect cc robert cotten hou ect ect hillary mack corp enron enron lisa hesse hou ect ect heidi withers hou ect ect susan smith hou ect ect donald p reinhardt hou ect ect melissa graves hou ect ect subject atmic hurta 1 new production revision correct counterparty name marque cooperation acting seller seller representative thanks vlt x 6353 vance l taylor 06 19 2000 02 10 pm robert cotten hou ect ect cc hillary mack corp enron enron lisa hesse hou ect ect heidi withers hou ect ect susan smith hou ect ect donald p reinhardt hou ect ect melissa graves hou ect ect subject atmic hurta 1 new production bob following production commenced flow friday ticket created entered sitara based following counterparty meter volumes price period iss l l c 9837 3 500 mmbtu 100 gas daily less 0 09 6 16 6 30 fyi susan create submit committed reserves firm ticket remaining term deal beginning month july additionally producer svcs deal tracked im wellhead portfolio attached gathering contract thanks vlt x 3 6353,0
gasper rice resources ltd vance sitara deal ticket number 290545 created entered based following information bob vance l taylor 06 05 2000 01 54 pm robert cotten hou ect ect tom acton corp enron enron cc julie meyers hou ect ect stephanie gomes hou ect ect subject bob tom samson lone star lp reduced working interest contract 96016762 33 375 effective 3 1 00 remaining 66 625 working interest sold gasper rice ltd hplc amended ratified contract effective 3 1 00 contract currently primary term thru 7 31 00 100 volumes allocated samson lone star began evergreen status commencing 8 1 2000 based aforementioned information please create sitara deal ticket following counterparty meter volume price period gasper rice ltd 6464 lmmbtu 85 hsc 3 1 00 7 31 00 thanks vlt x 3 6353,0
saxet thompsonville shut gas daren fyi saxet thompsonville meter 9794 shut 4 8 hours 6 22 bob,0
yates energy corp revised nomination daren yates energy revised nomination 3 135 3 060 eff 6 15 00 meter 6598 deal 138856 want adjust bob,0
volume increase hpl meter 68 6296 g marshall hpl meter 98 6067 martinez mb daren want adjust anything bob forwarded robert cotten hou ect 06 14 2000 10 28 vance l taylor 06 14 2000 10 03 robert cotten hou ect ect cc carlos j rodriguez hou ect ect donald p reinhardt hou ect ect melissa graves hou ect ect subject volume increase hpl meter 68 6296 g marshall hpl meter 98 6067 martinez mb bob eog contract stipulates gas daily price paid initial delivery gas execution gas purchase contract deliveries subsequent initial turn priced first month index thanks vlt x 3 6353 enron north america corp robert cotten 06 14 2000 09 39 vance l taylor hou ect ect cc carlos j rodriguez hou ect ect subject volume increase hpl meter 68 6296 g marshall hpl meter 98 6067 martinez mb vance priced gas daily please advise thanks bob forwarded robert cotten hou ect 06 14 2000 09 38 suzanne _ saldivar eogresources com 06 13 2000 10 47 00 rcotten enron com cc charlotte _ hawkins enron com crodrig enron com subject volume increase hpl meter 68 6296 g marshall hpl meter 98 6067 martinez mb production sg marshall leases increased due workovers wells effective june 14 2000 please increase june 1 estimate 2 300 mmbtu 8 000 mmbtu hpl meter 68 6296 delivery hpl thompsonville pg 7 e meter 834134 production martinez leases increased due new well behind meter 98 6067 estimates meter increased 4 600 mmbtu 8 200 mmbtu please call 713 651 6858 questions thanks,0
july production estimate daren fyi bob forwarded robert cotten hou ect 06 22 2000 11 42 vance l taylor 06 21 2000 04 07 pm robert cotten hou ect ect cc melissa graves hou ect ect subject july production estimate bob please see attached file estimating wellhead production month july please advised preliminary estimate date received two noms july update revisions occur thanks vlt x 3 6353,0
goldston outage per kevin goldston plant turnaround 19 20 21 flowing 0 point 989603 days wanted give heads advance,0
new turn range resources vance ticket created entered sitara based information deal number 287507 thanks bob vance l taylor 06 02 2000 10 23 tom acton corp enron enron robert cotten hou ect ect cc lisa hesse hou ect ect heidi withers hou ect ect julie meyers hou ect ect susan smith hou ect ect donald p reinhardt hou ect ect melissa graves hou ect ect subject new turn range resources robert tom following production commenced flow earlier week ticket created entered sitara based following counterparty meter volumes price period range resources corporation 9832 350 mmbtu 100 gasdaily less 0 18 5 30 5 31 fyi susan create submit committed reserves firm ticket june remaining term deal beginning month july recieves reserve study additionally producer svcs deal tracked im wellhead portfolio attached gathering contract thanks vlt x 3 6353,0
fw first deliveries comstock oil gas hesco gathering company daren okay enter wellhead deal april purchase hesco meter 9885 priced gas daily less 0 14 volume 1 100 bob forwarded robert cotten hou ect 04 17 2001 09 55 enron north america corp robert cotten 04 16 2001 04 13 pm vance l taylor enron enronxgate enron cc julie meyers hou ect ect lisa hesse hou ect ect cynthia hakemack hou ect ect donald p reinhardt enron enronxgate enron susan smith enron enronxgate enron melissa graves enron enronxgate enron subject fw first deliveries comstock oil gas hesco gathering company vance deal tickets created entered sitara noted deal 652448 entered risk term purchase price ifhsc less 0 14 indicated price gas daily less 0 14 price correct bob vance l taylor enron enronxgate 04 03 2001 05 40 pm robert cotten hou ect ect cc julie meyers hou ect ect lisa hesse hou ect ect cynthia hakemack hou ect ect donald p reinhardt enron enronxgate susan smith enron enronxgate melissa graves enron enronxgate subject fw first deliveries comstock oil gas hesco gathering company bob following production line ticket created entered sitara based following counterparty meter volumes deal price period global comstock oil cernosek clem consemiu donna cook robert camp howard hesse lisa hlavaty nathan wayne e lightfoot hou ect enron mckay james smith mary schneider steve hpl melissa graves hou ect enron walters michael zivley jill johnson mary jo wynne rita allen lauri jones cheryl hansen reid giron darron winfree neal susan smith hou ect enron bryan gary hanks gary donald p reinhardt hou ect enron vance l taylor hou ect enron baumbach david cotten robert riley brian austin jeff hakemack cynthia kenne dawn csikos lisa fosdick j r rodriguez carlos gomes stephanie clynes pat acton tom walker robert weissman george harris joanne sweeney christy tisdale earl farmer daren subject first deliveries comstock oil gas hesco gathering company see attached letters,0
revised nomination cody energy daren received revised nomination cody energy requesting volume adjusted 5 500 6 000 meter 6722 effective 6 15 00 want adjust please advise thanks bob,0
meter 9833 daren silver gas control called said flow meter 9833 approx 5 400 june nom 13 171 want adjust june nom july 5 398 vance listed 11 068 preliminary july spreadsheet called revised 5 398 c p helmerich payne bob,0
revised nomination june 2000 daren fyi per discussion following nominations revised eog resources meter orig nom rev nom deal 5263 4 755 5 820 126355 6067 3 726 4 600 126281 6748 2 005 3 300 126360 6742 4 743 10 120 126365 6296 5 733 2 300 126281 bob daren j farmer 05 31 2000 05 51 pm robert cotten hou ect ect cc subject revised nomination june 2000 bob go ahead accept nom revision believe pge el paso rest noms compare eog f higher volume another meter would like increase nom effect want keep physical index position close possible system enron north america corp robert cotten 05 31 2000 04 04 pm daren j farmer hou ect ect cc subject revised nomination june 2000 daren charlotte hawkins trouble confirming volume 5 733 el paso el paso confirm volume high eog revised nomination follows c p name meter orig nom rev nom eog res 6296 5 733 2 300 approve revising volume unify 2 300 please advise thanks bob,0
volume increase hpl meter 68 6296 g marshall hpl meter 98 6067 martinez mb daren fyi bob forwarded robert cotten hou ect 06 13 2000 04 32 pm suzanne _ saldivar eogresources com 06 13 2000 10 47 00 rcotten enron com cc charlotte _ hawkins enron com crodrig enron com subject volume increase hpl meter 68 6296 g marshall hpl meter 98 6067 martinez mb production sg marshall leases increased due workovers wells effective june 14 2000 please increase june 1 estimate 2 300 mmbtu 8 000 mmbtu hpl meter 68 6296 delivery hpl thompsonville pg 7 e meter 834134 production martinez leases increased due new well behind meter 98 6067 estimates meter increased 4 600 mmbtu 8 200 mmbtu please call 713 651 6858 questions thanks,0
f nomination eff june 1 2000 fyi forwarded susan trevino hou ect 05 30 2000 08 29 bob withers 05 26 2000 10 01 15 susan trevino e mail cc taylor vance e mail stretch brennan knox westmoreland subject f nomination eff june 1 2000 estimated josey ranch nomination month june 2000 hpl nomination volume effective 6 1 2000 9 500 mmbtu day kcs resources 1 800 mmbtu day texaco 11 300 mmbtu day total assumed btu factor 1 076 14 65 dry need additional information kcs field contact stretch brennan victoria 512 576 1005 bob withers kcs energy 5555 san felipe suite 1200 houston tx 77056 voice mail page 713 964 9434,0
revised nominations daren received revised nominations prize energy resources l p june 2000 revisions follows meter original volume revised volume 5579 2 209 2 536 6534 1 906 1 123 6614 2 215 2 128 want enter revised volumes please advise thanks bob,0
may wellheads david side coin meters wellhead portfolio may vances sheet several new meters nomed april vance confirm right well head thanks brayton operating 989685 125807 242 carrizo oil gas 989830 new meter cd resources 982677 137858 1 core exploration 986840 133125 1200 eex corp 985999 229609 7923 eex corp 986500 229586 1778 el sordo 986315 229541 103 engage 989789 ticket april 985839 229490 598 985848 229501 285 985923 229532 671 986801 229535 1157 eog 983082 126336 7500 988751 gulf energy 2027 gas solutions 989829 247754 3000 hat oil gas 986731 137156 140 helmerich payne 989833 new meter 10000 hollimon 989831 243604 500 mjg inc 984179 135714 976 mueller operating 987260 156247 4000 cpr report shows meter 9769 petra oloeum 985982 138662 144 petro pro energy 989619 april nom phillips petroleum 986673 156258 838 royal production co 985310 138023 984 sonara 986686 133308 95 swift 982630 229575 21 tema 984688 april nom texas nom lp 989656 247087 500 universal petrol corp 986411 138665 99 wilmar pipline 986188 136185 13,0
forwarded tom acton corp enron 04 24 2000 12 41 pm vance l taylor ect 04 20 2000 03 34 pm tom acton corp enron enron cc susan smith hou ect ect donald p reinhardt hou ect ect melissa graves hou ect ect subject tom please see attached file estimating wellhead production month may please advised preliminary estimate date received paper noms may update revisions occur thanks vlt x 3 6353,0
june wellhead prod est forwarded tom acton corp enron 05 23 2000 06 58 vance l taylor ect 05 19 2000 11 09 tom acton corp enron enron cc melissa graves hou ect ect subject june wellhead prod est tom please see attached file estimating wellhead production month june please advised preliminary estimate yet meet gas buyers meeting monday 2 pm date received noms june update revisions occur thanks vlt x 3 6353,0
josey ranch est may 2000 fyi forwarded susan trevino hou ect 04 20 2000 04 58 pm bob withers 04 20 2000 04 56 59 pm susan trevino e mail cc taylor vance e mail stretch brennan knox westmoreland kevin mclarney subject josey ranch est may 2000 estimated josey ranch nomination month may 2000 hpl nomination volume effective 5 1 2000 10 500 mmbtu day kcs resources 1 950 mmbtu day texaco 12 450 mmbtu day total assumed btu factor 1 070 14 65 dry need additional information kcs field contact stretch brennan victoria 512 576 1005 bob withers kcs energy 5555 san felipe suite 1200 houston tx 77056 voice mail page 713 964 9434,0
well head shoreline wants move volume two meters first one 6886 153 1 6501 46 1 6501 due force majeure pipeline 5 10 per sheet,0
vance list meters sitara well head portfolio sheets month please check soon possible get best number daren asap thanks tom acock engineering 985547 229474 77 blackhawk oil 27 0 133255 670 black stone 989003 137868 664 conoco 984132 138103 144 dale operating co 985502 138342 37 dn hughes 980275 138800 70 elpaso 980308 139674 eog 27 0 126370 2027 980440 126351 444 four square 986735 137971 1147 lousis dreyfus 987491 138017 1000 muelller exploration 986838 164172 2800 ph exploration 986542 138554 47 prime energy 986542 138578 418 states inc 23 3 138359 85 tejones 989643 133173 1068 titan resources 989685 248551 242 upstream 985155 138628 8000 valence operating 984132 138570 12 vintage 989643 139661 14 wagner oil 27 0 138033 900 western gulf 980106 139671 1068 wilmar pipline 985048 224899 163 total 21097,0
base gas roll thanks gg luis aybar enron enronxgate 04 17 2001 03 54 pm george grant hou ect ect cc dat truong enron enronxgate jayant krishnaswamy enron enronxgate subject base gas roll george run base gas roll tonight per request l,0
lst rev may 2000 hpl nom fyi forwarded susan trevino hou ect 05 15 2000 09 45 bob withers 05 15 2000 09 45 41 susan trevino e mail cc stretch brennan knox westmoreland kevin mclarney taylor vance e mail subject lst rev may 2000 hpl nom revised josey ranch nomination month may 2000 hpl nomination volume effective 5 16 2000 10 100 mmbtu day kcs resources decrease 400 2 000 mmbtu day texaco increase 400 12 100 mmbtu day total net change assumed btu factor 1 076 14 65 dry need additional information kcs field contact stretch brennan victoria 512 576 1005 bob withers kcs energy 5555 san felipe suite 1200 houston tx 77056 voice mail page 713 964 9434,0
well heads phillips changed nom meter 6673 vance 119 file phillips sent nom today 948 far flowed april 1100 841 prize changes meter march range 4028 1113 717 1137 887 5579 2733 2381 2800 2578 5767 115 150 140 103 6191 249 154 253 217 6675 120 239 78 156 9604 109 32 38 63 4965 149 180 71 288 5121 1163 1135 303 703 vintage 989603 0 330 mom april nomed 270 march,0
well heads daren shore line would like take meter 9781 460 1 11 th gas day flowed nom april must well problems month meter 9680 change 739 1200 flowed 700 april could new production coming behind meter texaco would like change meter 9826 1201 1500 rest month april flowed 1000 1300,0
 inputted spot deals system added sitara ticket list yet gasper rice deal ticket vance l taylor ect 04 25 2000 05 23 pm tom acton corp enron enron cc julie meyers hou ect ect lisa hesse hou ect ect susan smith hou ect ect donald p reinhardt hou ect ect melissa graves hou ect ect subject tom hplc purchasing wellhead gas producers listed production month may production purchased spot basis deal tickets created entered sitara based following information counterparty meter volume price engage energy us lp 5839 252058 598 mmbtu 100 hsc less 0 20 engage energy us lp 5848 252059 285 mmbtu 100 hsc less 0 20 engage energy us lp 5923 252060 671 mmbtu 100 hsc less 0 20 engage energy us lp 6801 252061 1 157 mmbtu 100 hsc less 0 20 el sordo gathering 6315 252062 103 mmbtu 70 hsc swift energy 2630 252063 21 mmbtu 90 hsc less 0 258 eex corporation 6500 252064 1 778 mmbtu 95 hsc eex corporation 5999 252065 14 000 mmbtu 95 hsc additionally samson lone star lp reduced working interest contract 96016761 33 375 effective 3 1 00 remaining 66 625 working interest sold gasper rice ltd hplc amended ratified contract effective 3 1 00 term contract extended yet currently evergreen status 100 volumes allocated samson lone star based aforementioned information please create sitara deal ticket following gasper rice ltd 6722 lmmbtu 95 hsc less 09 apr may months evergreen price thanks vlt x 3 6353,0
may nom daren stuff outlined bold execpt helmerich payne spot tickets per vance due flow till lst engage stuff vances file spot deals last month totals 1904 also vances file eex corporation stuff also spot tickets totals 12945 every thing else go let lme know need anything else please forwarded tom acton corp enron 05 25 2000 08 21 vance l taylor ect 05 24 2000 05 57 pm tom acton corp enron enron cc subject may nom tom latest greatest vlt,0
potential june 00 daren list potential new volume vances list atmic hurta 1 10 000 mmbtu royal production wilson unit 1 2 3 000 mmbtu let know need anything else susan smith x 33321,0
well head shoreline wants increase volume meter 9830 10 th gas day new meter much history want go 535 750 last month flowed upper 500 come till 21 st month,0
wellhead encina tru ups meter vance new march avg 4353 54 53 5631 40 35 5625 20 25 6832 225 276 270 280 9731 325 290 300 308 9720 6750 6500 6030 6895,0
texas nom lp dba garrison ltd fyi came 9 th work day meeting forwarded tom acton corp enron 04 19 2000 07 16 vance l taylor ect 04 18 2000 07 36 pm tom acton corp enron enron cc cynthia hakemack hou ect ect julie meyers hou ect ect susan smith hou ect ect donald p reinhardt hou ect ect subject texas nom lp dba garrison ltd tom please create sitara ticket based following information counterparty meter volumes price period texas nom lp dba garrison ltd 9656 500 mmbtu 100 hsc less 0 10 4 1 4 30 forwarded vance l taylor hou ect 04 18 2000 04 56 pm vance l taylor 04 05 2000 04 21 pm tom acton corp enron enron cc julie meyers hou ect ect lisa hesse hou ect ect susan smith hou ect ect donald p reinhardt hou ect ect melissa graves hou ect ect subject texas nom lp dba garrison ltd tom following production commenced flow last week ticket created entered sitara based following counterparty meter volumes price period texas nom lp dba garrison ltd 9656 500 mmbtu 100 gd less 0 10 3 27 3 31 susan create committed reserves firm ticket remaining term deal geologists gathered enough data forecast reserves well time ticket zeroed thanks vlt x 3 6353,0
meters talking vance taylor julie meyers 5 13 deals committed reserve deals committed reserve im wellhead portfolio plan everyone agrees go ahead move 5 path gathering leave 13 215 contract list ones move leave move im wellhead path gathering 984056 94120 cologne production company 986480 114514 cokinos natural gas company 986534 already repathed 986614 130917 prize energy resorces lp 986855 94120 cologne production company stay hplc 215 contract 986347 234218 duke energy trading 986751 229726 conerstone gas gathering co inc 986888 126166 amoco trading comp 95610 amoco trading comp 986899 104382 highland energy company 989602 229316 wagner brown ltd 989603 229467 vintage gas inc 989676 151669 cokinos natural gas company 989711 229316 wagner brown ltd,0
well head must change day shoreline would like change meter 6886 490 220 daily meter actual show running 398 lst 2 nd 6 mmbtu 3 rd looks like may falling let know daren thanks,0
wellhead shoreline sent revision trim 6722 meter 570 428 daren tell flowed last month due one person meter 30 nominated let know think thanks,0
noms daren seems two noms system need nomed first ames meter 5077 senora meter 6686 thckets extended april,0
producer connects 215 contract april thanks info heidi always good second pair eyes wells done research one hplc deals putting gathering contract run daren make changes needed please let know see anything else takes minute check,0
wellhead adjustments attached spreadsheet represents adjustments nominations wellhead meters adjustments made effective 4 18 01 bob,0
wellheads daren cody new well coming friday behind 985333 right nominations meter get vance increases according fax going 230 day 1700 friday 1700 3200 sat prize energy would like make changes meter 4028 1270 820 flowing 600 800 month 4965 112 45 flowing mid 80 month 97 104,0
texaco 989826 bill moore called morning said sent nomination change 15 th meter 989826 would like go 1100 1250 daily meter volumes ranging month 1164 1334 bill feels 1250 avg let know think daren thanks,0
well head list meter moved lst 215 gathering 4056 6480 6534 6614 6855 nomed gathering contract next month also jackie renoms first release edi held,0
texas nom lp dba garrison ltd new ticket 247087 vance l taylor ect 04 18 2000 07 36 pm tom acton corp enron enron cc cynthia hakemack hou ect ect julie meyers hou ect ect susan smith hou ect ect donald p reinhardt hou ect ect subject texas nom lp dba garrison ltd tom please create sitara ticket based following information counterparty meter volumes price period texas nom lp dba garrison ltd 9656 500 mmbtu 100 hsc less 0 10 4 1 4 30 forwarded vance l taylor hou ect 04 18 2000 04 56 pm vance l taylor 04 05 2000 04 21 pm tom acton corp enron enron cc julie meyers hou ect ect lisa hesse hou ect ect susan smith hou ect ect donald p reinhardt hou ect ect melissa graves hou ect ect subject texas nom lp dba garrison ltd tom following production commenced flow last week ticket created entered sitara based following counterparty meter volumes price period texas nom lp dba garrison ltd 9656 500 mmbtu 100 gd less 0 10 3 27 3 31 susan create committed reserves firm ticket remaining term deal geologists gathered enough data forecast reserves well time ticket zeroed thanks vlt x 3 6353,0
lst rev apr 2000 hpl nom fyi forwarded susan trevino hou ect 04 12 2000 10 38 bob withers 04 12 2000 10 41 40 susan trevino e mail cc stretch brennan knox westmoreland kevin mclarney taylor vance e mail subject lst rev apr 2000 hpl nom revised april 2000 effective 4 13 00 setup josey ranch hpl 989658 using 1 071 btu mcf gas deliveries hpl 9 100 mmbtu kri decrease 2 000 mmbtu 1 900 mmbtu texaco net change 11 000 mmbtu hpl net decrease 2 000 mmbtu need additional information kcs field contact stretch brennan victoria 512 576 1005 bob withers kcs energy 5555 san felipe suite 1200 houston tx 77056 voice mail page 713 964 9434,0
fyi wellhead portfolio considered greg sharp orig team deals wellhead portfolio need move double checking dave forwarded david baumbach hou ect 04 11 2000 10 33 enron north america corp brenda f herod 04 11 2000 10 09 david baumbach hou ect ect cc subject fyi wellhead portfolio great keep mind people continue confuse wellhead portfolio deals done producer services wellhead portfolio truly wellhead deals deals done greg sharp origination teams competitive points make sense enron capital management david baumbach 04 11 2000 09 54 brenda f herod hou ect ect cc subject fyi wellhead portfolio worked tom acton last night get wellhead portfolio cleaned tom sheet vance used determine deals portfolio believe portfolio correct sitara team move deals identified today dave,0
april aspect volume texas city april 1 2000 cross media 989815 903 mmbtu tnct 989816 5878 mmbtu questions call thanks charlotte hawkins,0
wellhead daren monination tweaks due late noms revisions shippers know trying finalise position let know want work system four square meter old new 6599 1549 1500 suemaur explorations 9772 860 752 1568 7 1 6844 2475 1500 c e operations texaco 990 1100 9813 681 670 9708 13746 13035 9736 2889 2830 shoreline yates 2930 3470 6722 30 570 9743 596 504 cody 6722 7692 7450 cima 4126 482 464 oil gas title 6114 0 1 phillips 6673 838 119,0
potential list april 2000 following list potential activity april 2000 begin april lst information production estimate provided vance costilla freeman 5 meter 9734 5 000 mcf gas daily applicable gas solutions longview plant meter unknown 500 mcf gas daily applicable garrison stiles 1 2 meter 9656 500 mcf gas daily applicable hilcorp sale old ocean plant meter unk 15 000 mcf 3 month sale helmrich holloway gas unit 2 meter unknown 10 000 mcf gas daily applicable please let know questions thank susan smith x 33321,0
hplc wellhead daren list deals need move wellhead portfolio hplc vances spread sheet may already moved eex corporation 229609 meter 5999 eex corporation 229586 meter 6500 eex e pcompany 166817 meter 9721 encina gaspipeline 133291 meter 5631 encina gas pipeline 133344 meter 6181 hurd enterprises 133342 meter 5427 samson lonestar 126270 meter 6722 shoreline 136225 meter 9743 welhausen operating 134987 meter 9717,0
april aspect volume texas city daren wanted follow april noms texas city volumes recorded april 1 5300 1165 since directed change sitara deal tickets would please correct thanks charlotte forwarded charlotte hawkins hou ect 04 04 2000 01 37 pm charlotte hawkins 03 30 2000 11 33 daren j farmer hou ect ect stacey neuweiler hou ect ect cc vance l taylor hou ect ect mary jo johnson hou ect ect melissa graves hou ect ect subject april aspect volume texas city april 1 2000 cross media 989815 903 mmbtu tnct 989816 5878 mmbtu questions call thanks charlotte hawkins,0
98 9794 saxet meter currently 13 0 26 0 nom please take look see nom adjustments might solution looking deal 109670 terms indicates hplc buys 2 5 saxet volumes assume take total flow amount per day deal ticket adjust expected volumes reflect nom 2 daily flow versus 1 currently nomed h e l p thanks jackie 3 9497,0
fyi forwarded tom acton corp enron 04 05 2000 04 15 pm vance l taylor ect 04 05 2000 03 42 pm tom acton corp enron enron cc howard b camp hou ect ect melissa graves hou ect ect subject tom please see attached file calculating final wellhead production estimate month april file updated actual noms sent via producer thanks vlt x 3 6353,0
retroactive adjustments following volume adjustment entered today retroactive 4 1 01 deal meter tr zn price 737854 9885 05 0 1 100 gas daily 0 14 bob,0
april spot tickets spot deals deal numbers added original notice vance l taylor ect 03 28 2000 01 40 pm tom acton corp enron enron cc carlos j rodriguez hou ect ect lisa hesse hou ect ect susan smith hou ect ect donald p reinhardt hou ect ect melissa graves hou ect ect julie meyers hou ect ect subject april spot tickets tom hplc purchasing wellhead gas producers listed production month april production purchased spot basis deal tickets created entered sitara based following information counterparty meter volume price deal engage energy us lp 5839 598 mmbtu 100 hsc less 0 20 229490 engage energy us lp 5848 285 mmbtu 100 hsc less 0 20 229501 engage energy us lp 5923 671 mmbtu 100 hsc less 0 20 229532 engage energy us lp 6801 1 157 mmbtu 100 hsc less 0 20 229535 el sordo gathering 6315 103 mmbtu 70 hsc 229541 swift energy 2630 21 mmbtu 90 hsc less 0 258 229575 eex corporation 6500 1 778 mmbtu 95 hsc 229586 eex corporation 5999 8 648 mmbtu 95 hsc 229609 thanks vlt x 3 6353,0
april aspect volume texas city yes notice change nom match flow order keep meter balanced possible otherwise stays far meters flowing real close noms thanks charlotte daren j farmer 04 04 2000 01 57 pm charlotte hawkins hou ect ect cc subject april aspect volume texas city going nom volumes rest month charlotte hawkins 04 04 2000 01 39 pm daren j farmer hou ect ect cc subject april aspect volume texas city daren wanted follow april noms texas city volumes recorded april 1 5300 1165 since directed change sitara deal tickets would please correct thanks charlotte forwarded charlotte hawkins hou ect 04 04 2000 01 37 pm charlotte hawkins 03 30 2000 11 33 daren j farmer hou ect ect stacey neuweiler hou ect ect cc vance l taylor hou ect ect mary jo johnson hou ect ect melissa graves hou ect ect subject april aspect volume texas city april 1 2000 cross media 989815 903 mmbtu tnct 989816 5878 mmbtu questions call thanks charlotte hawkins,0
98 9794 saxet fair question need talk daren get back asap,0
walter g superior april noms tom recently received nomination total package gas aforementioned changed follows counterparty meter last nom latest nom chg walter g 9747 3 901 mmbtu 3 426 mmbtu 475 mmbtu walter g 9787 1 604 mmbtu 1 713 mmbtu 109 mmbtu walter g 9808 4 890 mmbtu 4 950 mmbtu 60 mmbtu superior natural gas 9741 2 783 mmbtu 2 570 mmbtu 213 mmbtu total change 519 mmbtu made change spreadsheet vlt x 3 6353,0
walter g superior april noms still want hold forwarded tom acton corp enron 04 05 2000 09 25 vance l taylor ect 03 29 2000 04 44 pm tom acton corp enron enron daren j farmer hou ect ect cc melissa graves hou ect ect subject walter g superior april noms tom recently received nomination total package gas aforementioned changed follows counterparty meter last nom latest nom chg walter g 9747 3 901 mmbtu 3 426 mmbtu 475 mmbtu walter g 9787 1 604 mmbtu 1 713 mmbtu 109 mmbtu walter g 9808 4 890 mmbtu 4 950 mmbtu 60 mmbtu superior natural gas 9741 2 783 mmbtu 2 570 mmbtu 213 mmbtu total change 519 mmbtu made change spreadsheet vlt x 3 6353,0
98 9794 saxet meter currently 13 0 26 0 nom please take look see nom adjustments might solution thanks jackie 3 9497,0
first delivery texaco e p new deal number 229481 susan smith ect 03 27 2000 02 24 pm tom acton corp enron enron julie meyers hou ect ect cc subject first delivery texaco e p tom would please set another one month ticket last month 211573 julie per melissa note please send paper expect paper within day please let know questions thanks scs x 33321 forwarded susan smith hou ect 03 27 2000 02 20 pm enron north america corp melissa graves 03 27 2000 02 12 pm susan smith hou ect ect cc subject first delivery texaco e p yes would request julie send paper since back signed shortly noticed deal vance requested tom set deal 211573 attached committed reserves agreement cover meter melissa susan smith 03 27 2000 12 27 pm melissa graves hou ect ect cc subject first delivery texaco e p use april rather putting one month firm ticket since dont paper anyway thanks scs forwarded susan smith hou ect 03 27 2000 12 24 pm vance l taylor 03 03 2000 04 30 pm tom acton corp enron enron cc julie meyers hou ect ect susan smith hou ect ect donald p reinhardt hou ect ect melissa graves hou ect ect subject first delivery texaco e p tom following production commenced flow ticket generated sitara based upon information counterparty meter volumes price period texaco e p 9826 2 000 mmbtu 100 hsc less 0 09 3 3 3 31 2000 thanks vlt x 3 6353 forwarded vance l taylor hou ect 03 03 2000 04 14 pm esther buckley 03 03 2000 01 23 pm molly l carriere hou ect ect clem cernosek hou ect ect donna consemiu hou ect ect robert cook hou ect ect howard b camp hou ect ect lisa hesse hou ect ect nathan l hlavaty hou ect ect wayne e lightfoot hou ect ect james mckay hou ect ect mary smith hou ect ect steve schneider hou ect ect melissa graves hou ect ect michael walters hou ect ect eric wardle hou ect ect jill zivley hou ect ect mary jo johnson hou ect ect rita wynne hou ect ect michael w morris hou ect ect cheryl jones gpgfin enron enron reid hansen gco enron enron darron c giron hou ect ect neal winfree hou ect ect susan smith hou ect ect gary bryan hou ect ect gary hanks hou ect ect donald p reinhardt hou ect ect vance l taylor hou ect ect brenda f herod hou ect ect david baumbach hou ect ect bryan hull hou ect ect brian riley hou ect ect jeffrey austin hou ect ect cynthia hakemack hou ect ect dawn c kenne hou ect ect lisa csikos hou ect ect kristen j hanson hou ect ect heidi withers hou ect ect j r fosdick gco enron enron carlos j rodriguez hou ect ect stephanie gomes hou ect ect pat clynes corp enron enron tom acton corp enron enron robert walker hou ect ect cc subject first delivery texaco e p see attached file,0
well head stacy bill moore texaco called well meter 9826 came beginning month 2 000 day dropped 1 200 day bill would like change nom 900 balance month let know think get back,0
april production estimate forwarded tom acton corp enron 03 23 2000 01 09 pm vance l taylor ect 03 23 2000 10 07 tom acton corp enron enron cc subject april production estimate tom check one vlt x 3 6353,0
well heads daren eog called said well behind 986296 week 7100 4400 last week needs stay 4400 rest month changed ticket per suzanne saldivar also shoreline reduced meter 6722 30 24 also changed last cody went 7666 7600 meter 6722 shoreline cody per customer request,0
first delivery texaco e p spot ticket deal 211573,0
fw first deliveries pure resources louis dreyfus natural gas daren alright enter following deals bob forwarded robert cotten hou ect 04 19 2001 09 35 vance l taylor enron enronxgate 04 18 2001 11 35 robert cotten hou ect ect cc julie meyers hou ect ect lisa hesse hou ect ect cynthia hakemack hou ect ect susan smith enron enronxgate donald p reinhardt enron enronxgate melissa graves enron enronxgate george weissman hou ect ect subject fw first deliveries pure resources louis dreyfus natural gas bob following production line ticket created entered sitara based following counterparty meter volumes deal price period global louis dreyfus nat gas corp 9874 750 mmbtu nya del vols 300 100 gd less 0 29 4 12 4 30 96058618 pure resources l p 9882 425 mmbtu nya 100 gd less 0 14 4 17 4 30 96058384 fyi create submit committed reserves firm tickets remaining term deals beginning appropiate month additionally producer svcs deals tracked im wellhead portfolio attached gathering contract thanks vlt x 3 6353 original message buckley esther sent wednesday april 18 2001 10 53 carriere molly cernosek clem consemiu donna cook robert camp howard hesse lisa hlavaty nathan wayne e lightfoot hou ect enron mckay james smith mary schneider steve hpl melissa graves hou ect enron walters michael zivley jill johnson mary jo wynne rita allen lauri jones cheryl hansen reid giron darron winfree neal susan smith hou ect enron bryan gary hanks gary donald p reinhardt hou ect enron vance l taylor hou ect enron baumbach david cotten robert riley brian austin jeff hakemack cynthia kenne dawn lisa csikos hou ect enron fosdick j r rodriguez carlos gomes stephanie clynes pat acton tom walker robert weissman george harris joanne sweeney christy tisdale earl daren j farmer hou ect enron subject first deliveries pure resources louis dreyfus natural gas see attached files,0
new turn ons deals meter 9827 deal 223423 meter 9828 deal 223458,0
midcoast marketing deals ticket numbers jan 214249 feb 214251,0
first deliveries cico oil gas co union gas corp see list thought stacey ami would want know forwarded lauri allen hou ect 03 21 2000 01 47 pm mary smith 03 21 2000 01 38 pm lisa hesse hou ect ect cc lauri allen hou ect ect subject first deliveries cico oil gas co union gas corp fyi meters flowing please ensure rate assumptions still applicable forwarded mary smith hou ect 03 21 2000 01 35 pm esther buckley 03 21 2000 01 27 pm molly l carriere hou ect ect clem cernosek hou ect ect donna consemiu hou ect ect robert cook hou ect ect howard b camp hou ect ect lisa hesse hou ect ect nathan l hlavaty hou ect ect wayne e lightfoot hou ect ect james mckay hou ect ect mary smith hou ect ect steve schneider hou ect ect melissa graves hou ect ect michael walters hou ect ect eric wardle hou ect ect jill zivley hou ect ect mary jo johnson hou ect ect rita wynne hou ect ect michael w morris hou ect ect cheryl jones gpgfin enron enron reid hansen gco enron enron darron c giron hou ect ect neal winfree hou ect ect susan smith hou ect ect gary bryan hou ect ect gary hanks hou ect ect donald p reinhardt hou ect ect vance l taylor hou ect ect brenda f herod hou ect ect david baumbach hou ect ect bryan hull hou ect ect brian riley hou ect ect jeffrey austin hou ect ect cynthia hakemack hou ect ect dawn c kenne hou ect ect lisa csikos hou ect ect kristen j hanson hou ect ect heidi withers hou ect ect j r fosdick gco enron enron carlos j rodriguez hou ect ect stephanie gomes hou ect ect pat clynes corp enron enron tom acton corp enron enron robert walker hou ect ect cc subject first deliveries cico oil gas co union gas corp see attached files,0
well head daren new dad never heard back stacy forwarded tom acton corp enron 03 20 2000 08 54 tom acton 03 13 2000 09 00 stacey neuweiler hou ect ect ami chokshi corp enron enron vance l taylor hou ect ect cc daren j farmer hou ect ect subject well head stacy bill moore texaco called well meter 9826 came beginning month 2 000 day dropped 1 200 day bill would like change nom 900 balance month let know think get back,0
2 nd rev mar 2000 josey ranch nom want go back texaco coming forwarded tom acton corp enron 03 20 2000 02 42 pm susan trevino ect 03 20 2000 02 23 pm daren j farmer hou ect ect tom acton corp enron enron lauri allen hou ect ect cc subject 2 nd rev mar 2000 josey ranch nom forwarded susan trevino hou ect 03 20 2000 02 22 pm kevin mclarney 03 20 2000 02 09 02 pm susan trevino hou ect ect cc vance l taylor hou ect ect stretch brennan knox westmoreland bob withers subject 2 nd rev mar 2000 josey ranch nom revised march 2000 effective 3 21 00 9 00 cycle setup josey using 1 075 btu mcf gas deliveries hpl 11 000 mmbtu kri 2 000 mmbtu texaco net increase 2 000 mmbtu 13 000 mmbtu hpl need additional information kcs field contact stretch brennan victoria 512 576 1005 thank kevin mclarney 713 964 9441 behalf bob withers bob withers kcs energy 5555 san felipe suite 1200 houston tx 77056 voice mail page 713 964 9434,0
new turn ons tom production commenced flow stated please create base load ticket sitara based upon following information counterparty meter volumes price period union gas corp 9827 3 000 mmbtu 100 gas daily less 0 10 3 9 3 31 cico oil gas co 9828 1 200 mmbtu 100 gas daily less 0 095 3 15 3 31 thanks vlt x 3 6353,0
fw first deliveries pure resources louis dreyfus natural gas vance deals created entered sitara noted bob vance l taylor enron enronxgate 04 18 2001 11 35 robert cotten hou ect ect cc julie meyers hou ect ect lisa hesse hou ect ect cynthia hakemack hou ect ect susan smith enron enronxgate donald p reinhardt enron enronxgate melissa graves enron enronxgate george weissman hou ect ect subject fw first deliveries pure resources louis dreyfus natural gas bob following production line ticket created entered sitara based following counterparty meter volumes deal price period global louis dreyfus nat gas corp 9874 750 mmbtu 740193 del vols 300 100 gd less 0 29 4 12 4 30 96058618 pure resources l p 9882 425 mmbtu 740198 100 gd less 0 14 4 17 4 30 96058384 fyi create submit committed reserves firm tickets remaining term deals beginning appropiate month additionally producer svcs deals tracked im wellhead portfolio attached gathering contract thanks vlt x 3 6353 original message buckley esther sent wednesday april 18 2001 10 53 carriere molly cernosek clem consemiu donna cook robert camp howard hesse lisa hlavaty nathan wayne e lightfoot hou ect enron mckay james smith mary schneider steve hpl melissa graves hou ect enron walters michael zivley jill johnson mary jo wynne rita allen lauri jones cheryl hansen reid giron darron winfree neal susan smith hou ect enron bryan gary hanks gary donald p reinhardt hou ect enron vance l taylor hou ect enron baumbach david cotten robert riley brian austin jeff hakemack cynthia kenne dawn lisa csikos hou ect enron fosdick j r rodriguez carlos gomes stephanie clynes pat acton tom walker robert weissman george harris joanne sweeney christy tisdale earl daren j farmer hou ect enron subject first deliveries pure resources louis dreyfus natural gas see attached files,0
wellheads shoreline sent nom change 11 th gas day take meter 6722 24 14 please let know want change,0
lst rev mar 2000 josey ranch nom l et know want change currently 12 000 want go 11 000 forwarded tom acton corp enron 03 20 2000 08 56 susan trevino ect 03 17 2000 03 09 pm daren j farmer hou ect ect lauri allen hou ect ect tom acton corp enron enron stacey neuweiler hou ect ect cc subject lst rev mar 2000 josey ranch nom forwarded susan trevino hou ect 03 17 2000 03 08 pm bob withers 03 17 2000 03 10 24 pm susan trevino hou ect ect cc stretch brennan knox westmoreland kevin mclarney vance l taylor hou ect ect subject lst rev mar 2000 josey ranch nom revised march 2000 effective 3 18 00 setup josey using 1 075 btu mcf gas deliveries hpl 11 000 mmbtu kri net reduction mmbtu 11 000 mmbtu hpl bob withers kcs energy 5555 san felipe suite 1200 houston tx 77056 voice mail page 713 964 9434,0
fw king ranch balancing xls saxet flowing 5200 ish,0
wells daren think may lost mind comment vance talk meter 6789 taking volume 12079 1200 also yates averaged around 3366 want bring volume let know think husker tom,0
wells dallas meter 986789 would like decrease 12079 12000 let know,0
well heads daran volume changes lst march first eog changed volume gas meter 6296 11 036 7100 ran laurie allen hall said heavy would visit abut second one cokinos confirm volume meter 9656 922 want want 950 looked nom asked much change last one faxed mornings basin exploration wants drop nom due well problems 896 1 whole month let know think get tom cat,0
potential well head january 2000 darren following potential new wellhead volume january 2000 currently aware included production estimate number given vance eog hortense 1 polk county new meter 5 000 mmbtu day brayton operating brayton drushell 1 jackson county possibly new meter meter 9720 3 000 mmbtu day let know questions susan x 33321,0
ken petroleum corporation fyi daren forwarded tom acton corp enron 02 29 2000 04 27 pm melissa graves ect 02 29 2000 04 10 pm julie meyers hou ect ect tom acton corp enron enron cc donald p reinhardt hou ect ect susan smith hou ect ect vance l taylor hou ect ect george weissman hou ect ect subject ken petroleum corporation pete layden 1 well one request ken petroleum contract 96019316 terminate tonight 2 29 00 believe also means deal attached contract terminate covers meter 6834 tom put following one month ticket counterparty meter volumes price ken petroleum corporation 6834 89 mmbtu hsc less 0 41 julie confirm via gtc spot per george request thank handling short notice melissa enron north america corp george weissman 02 29 2000 02 34 pm melissa graves hou ect ect cc shawna flynn hou ect ect robert walker hou ect ect jill zivley hou ect ect subject ken petroleum corporation pete layden 1 well melissa please paper deal march either preferably spot gtc firm one month gtc firm contract yet requested legal due facility issues george x 3 6992,0
evergreen deals gtc firm expire contract julie daren j farmer 12 20 99 04 05 pm julie meyers hou ect ect cc subject evergreen deals vintage 93730 julie meyers 12 20 99 02 27 pm daren j farmer hou ect ect cc subject evergreen deals look comments julie daren j farmer 12 20 99 01 43 pm julie meyers hou ect ect cc subject evergreen deals julie need know following deals evergreen provisions roll jan 2000 cokinos 9676 95912 gtc firm contract deal expires contract cokinos 6373 128952 gtc spot coral 4120 93883 single transaction contract would need check trader encina 6392 93487 yes committed reserve marked evergreen flag midcoast 5097 92956 gtc lst purchaser deal expires contract united 5053 93728 deal moved wellhead portfolio january deal terminated per legal vintage 2540 93750 right deal number thanks,0
union gas thamm 1 tom thamm 1 well came line first delivery tuesday 2 1 00 6 45 pm contract calls first month pricing please create one month baseload firm deal ticket sitara based upon following counterparty meter volume price union gas corporation 9823 500 mmbtu 100 hsc less 0 10 susan create firm ticket term deal geologists gathered enough data forecast reserves well time request ticket zeroed questions concerns please give call thanks vlt x 3 6353,0
potential volume list march 2000 fyi well come lst week march gas daily mid month pricing first month thanks susan smith 02 22 2000 01 44 pm daren j farmer hou ect ect cc melissa graves hou ect ect donald p reinhardt hou ect ect vance l taylor hou ect ect jill zivley hou ect ect subject potential volume list march 2000 darren potential new volume march 2000 counterparty meter volume mid month gas daily cico oil gas co tba 2117 mmbtu per day yes number vance production estimate well anticipated come first week march earlier possible please let know need additional information susan smith x 33321,0
january spot tickets daren hplc purchasing gas following list producers production currently purchased spot basis deal tickets entered sitara follow counterparty meter mmbtu price engage energy us lp 5839 600 100 less 0 18 engage energy us lp 5848 500 100 less 0 18 engage energy us lp 5923 700 100 less 0 18 engage energy us lp 6801 1 100 100 less 0 18 gasper rice resources ltd 9810 1 100 less 0 11 prize resources 4028 1 300 100 less 0 20 prize resources 4965 200 100 less 0 35 prize resources 5121 800 100 less 0 11 prize resources 6523 40 100 less 0 35 swift energy 2630 20 90 less 0 258 whiting petroleum 6523 500 additionally asked carlos search sitara would essentially spot ticket incremental volumes delivered meter 9610 cage ranch production month november received executed paper coastal documenting purchase price 100 gas daily less gpm sliding scale please confirm whether sitara ticket generated please use e mail request thanks vlt x 3 6353,0
evergreen deals look comments julie daren j farmer 12 20 99 01 43 pm julie meyers hou ect ect cc subject evergreen deals julie need know following deals evergreen provisions roll jan 2000 cokinos 9676 95912 gtc firm contract deal expires contract cokinos 6373 128952 gtc spot coral 4120 93883 single transaction contract would need check trader encina 6392 93487 yes committed reserve marked evergreen flag midcoast 5097 92956 gtc lst purchaser deal expires contract united 5053 93728 deal moved wellhead portfolio january deal terminated per legal vintage 2540 93750 right deal number thanks,0
january production estimate daren carlos receive customer nominations therefore attached file changed provided carlos last week please let know questions thanks scs x 33321 forwarded susan smith hou ect 12 20 99 11 23 vance l taylor 12 17 99 04 07 pm susan smith hou ect ect cc melissa graves hou ect ect subject january production estimate susan please see attached file january production estimate pretty much final estimate except calls costilla walter superior said would fax nom complete hopefully monday traders reviewed estimate made changes feel pretty confident good number however receive noms monday noon please update file send carlos daren thanks merry christmas vlt x 3 6353,0
new production vance following deals created entered sitara bob vance l taylor enron enronxgate 03 30 2001 12 57 pm robert cotten hou ect ect cc julie meyers hou ect ect cynthia hakemack hou ect ect melissa graves enron enronxgate susan smith enron enronxgate donald p reinhardt enron enronxgate subject new production bob following production line ticket created entered sitara based following counterparty meter volumes deal price period global suemaur explor prod 9881 1300 mmbtu 709716 100 gd less 0 10 3 22 3 31 96058314 mslatx p l company 9880 2000 mmbtu 709721 100 gd less 0 25 3 27 3 31 96058031 fyi created submitted committed reserves firm ticket remaining term deal beginning month april additionally producer svcs deal tracked im wellhead portfolio attached gathering contract thanks vlt x 3 6353,0
new production vance following deals created entered sitara bob vance l taylor enron enronxgate 03 30 2001 12 57 pm robert cotten hou ect ect cc julie meyers hou ect ect cynthia hakemack hou ect ect melissa graves enron enronxgate susan smith enron enronxgate donald p reinhardt enron enronxgate subject new production bob following production line ticket created entered sitara based following counterparty meter volumes deal price period global suemaur explor prod 9881 1300 mmbtu 709716 100 gd less 0 10 3 22 3 31 96058314 mslatx p l company 9880 2000 mmbtu 709721 100 gd less 0 25 3 27 3 31 96058031 fyi created submitted committed reserves firm ticket remaining term deal beginning month april additionally producer svcs deal tracked im wellhead portfolio attached gathering contract thanks vlt x 3 6353,0
wellhead volumes daren please click supply analysis tab attached spreadsheet view wellhead volumes 4 4 01 bob,0
wellhead volumes daren please click supply analysis tab attached spreadsheet view wellhead volumes 4 4 01 bob,0
april 2001 spot purchases vance deals following created entered sitara deal numbers noted bob vance l taylor enron enronxgate 03 30 2001 09 23 robert cotten hou ect ect cc lisa hesse hou ect ect julie meyers hou ect ect cynthia hakemack hou ect ect donald p reinhardt enron enronxgate susan smith enron enronxgate melissa graves enron enronxgate subject april 2001 spot purchases bob hplc purchasing wellhead gas producers listed production month april 2001 production purchased spot basis deal tickets created entered sitara based following information counterparty meter volume deal price whiting petroleum corp 6523 200 mmbtu 692898 84 hsc coastal merchant energy lp 5923 775 mmbtu 692026 100 hsc less 0 265 coastal merchant energy lp 5848 240 mmbtu 692011 84 hsc swift energy 2630 21 mmbtu 712357 100 hsc less 1 38 duke energy trading marketing 6347 200 mmbtu 691873 84 hsc hesco gathering oil co 6063 300 mmbtu 421856 84 hsc embassy natural gas inc 6598 180 mmbtu 691982 84 hsc vintage gas inc 9603 100 mmbtu 712358 84 hsc stone energy 9696 4500 mmbtu 690252 100 hsc less 0 20 houston exploration 9696 6500 mmbtu 692844 100 hsc less 0 16 amerada hess hess energy svcs 0435 2714 mmbtu 689849 100 hsc less 0 12 crosstex energy services ltd 0435 654 mmbtu 689894 100 hsc less 0 12 tri union development 0435 149 mmbtu 689905 100 hsc less 0 055 ranger oil company 9871 200 mmbtu 692461 85 hsc 300 producer svcs deals tracked im wellhead portfolio attached gathering contract thanks vlt x 3 6353,0
april 2001 spot purchases vance deals following created entered sitara deal numbers noted bob vance l taylor enron enronxgate 03 30 2001 09 23 robert cotten hou ect ect cc lisa hesse hou ect ect julie meyers hou ect ect cynthia hakemack hou ect ect donald p reinhardt enron enronxgate susan smith enron enronxgate melissa graves enron enronxgate subject april 2001 spot purchases bob hplc purchasing wellhead gas producers listed production month april 2001 production purchased spot basis deal tickets created entered sitara based following information counterparty meter volume deal price whiting petroleum corp 6523 200 mmbtu 692898 84 hsc coastal merchant energy lp 5923 775 mmbtu 692026 100 hsc less 0 265 coastal merchant energy lp 5848 240 mmbtu 692011 84 hsc swift energy 2630 21 mmbtu 712357 100 hsc less 1 38 duke energy trading marketing 6347 200 mmbtu 691873 84 hsc hesco gathering oil co 6063 300 mmbtu 421856 84 hsc embassy natural gas inc 6598 180 mmbtu 691982 84 hsc vintage gas inc 9603 100 mmbtu 712358 84 hsc stone energy 9696 4500 mmbtu 690252 100 hsc less 0 20 houston exploration 9696 6500 mmbtu 692844 100 hsc less 0 16 amerada hess hess energy svcs 0435 2714 mmbtu 689849 100 hsc less 0 12 crosstex energy services ltd 0435 654 mmbtu 689894 100 hsc less 0 12 tri union development 0435 149 mmbtu 689905 100 hsc less 0 055 ranger oil company 9871 200 mmbtu 692461 85 hsc 300 producer svcs deals tracked im wellhead portfolio attached gathering contract thanks vlt x 3 6353,0
may 2001 nomination bob questions based information facilitation location report 1 meter 9643 hgpl hpl stratton tejones operating corporation sitara 266970 purchase meter 9638 freeman prod maxine field trade zone 18 2 presume counting meter 9848 north padre island blk 8 meter 9862 lehman spinnaker onshore gas 3 meter 3536 seahawk mat plt 520 eog resources sitara 725391 purchase properly wellhead book 4 meter 6884 pgtt junction 16 lease comstock oil gas inc kerr mcgee oil gas onshore l p sitara 125899 132975 comstock volume exceed kerr mcgee volume together two volumes approximately 73 000 currently comstock volume 8 600 kerr mcgee volume 25 000 look 38 000 short 5 meter 639 hannah nash coral energy resources l p sitara 659998 purchase properly wellhead book looking 10 old deals think may addition adding new deals flow may done noon george,0
marathon oil company 4 01 deal 705819 entered wellhead purchase marathon oil company april 2001 production meter 6599 trade zone 8 5 000 fixed price 5 06 bob,0
marathon oil company 4 01 deal 705819 entered wellhead purchase marathon oil company april 2001 production meter 6599 trade zone 8 5 000 fixed price 5 06 bob,0
revised hplc purchase estimates april 2001 deal 126281 revised 3 800 3 400 meter 6296 bob forwarded robert cotten hou ect 03 29 2001 01 59 pm suzanne _ saldivar eogresources com 03 29 2001 11 12 01 rcotten enron com cc subject revised hplc purchase estimates april 2001 bob advised epgt el paso processing g marshall gas april 2001 therefore eogr reduce volume available sale hpl new estimate 3 400 mmbtu day thanks suzanne 713 651 6858,0
revised hplc purchase estimates april 2001 deal 126281 revised 3 800 3 400 meter 6296 bob forwarded robert cotten hou ect 03 29 2001 01 59 pm suzanne _ saldivar eogresources com 03 29 2001 11 12 01 rcotten enron com cc subject revised hplc purchase estimates april 2001 bob advised epgt el paso processing g marshall gas april 2001 therefore eogr reduce volume available sale hpl new estimate 3 400 mmbtu day thanks suzanne 713 651 6858,0
spot purchases 04 01 following deals entered today wellhead purchases deal meter counterparty tr zn nom price 712357 2630 swift energy 18 21 100 ifhsc less 1 38 712358 9603 vintage gas 8 100 84 ifhsc bob,0
may 2001 nomination george following answers questions 1 2 nomination pay meter 9862 3 past purchase listed spreadsheet maintained risk group 4 4 24 01 comstock nomination 43 681 kerr mcgee 29 037 5 purchase listed spreadsheet maintained separately file daren best knowledge good wellhead purchase bob enron north america corp george weissman 04 24 2001 08 03 robert cotten hou ect ect cc vance l taylor hou ect daren j farmer hou ect melissa graves hou ect subject may 2001 nomination bob questions based information facilitation location report 1 meter 9643 hgpl hpl stratton tejones operating corporation sitara 266970 purchase meter 9638 freeman prod maxine field trade zone 18 2 presume counting meter 9848 north padre island blk 8 meter 9862 lehman spinnaker onshore gas 3 meter 3536 seahawk mat plt 520 eog resources sitara 725391 purchase properly wellhead book 4 meter 6884 pgtt junction 16 lease comstock oil gas inc kerr mcgee oil gas onshore l p sitara 125899 132975 comstock volume exceed kerr mcgee volume together two volumes approximately 73 000 currently comstock volume 8 600 kerr mcgee volume 25 000 look 38 000 short 5 meter 639 hannah nash coral energy resources l p sitara 659998 purchase properly wellhead book looking 10 old deals think may addition adding new deals flow may done noon george,0
first delivery atmic marquis see attached letter,0
first delivery wheeler operating vance deal 643714 created entered sitara bob vance l taylor 02 23 2001 04 55 pm robert cotten hou ect ect cc julie meyers hou ect ect lisa hesse hou ect ect cynthia hakemack hou ect ect susan smith hou ect ect donald p reinhardt hou ect ect melissa graves hou ect ect subject first delivery wheeler operating bob following production line ticket created entered sitara based following counterparty meter volumes price period global wheeler operating 9879 800 mmbtu 85 gas daily 2 17 2 28 nya fyi created submitted committed reserves firm ticket remaining term deal beginning month march additionally producer svcs deal tracked im wellhead portfolio attached gathering contract thanks vlt x 3 6353 forwarded vance l taylor hou ect 02 23 2001 04 21 pm esther buckley 02 22 2001 10 39 molly l carriere hou ect ect clem cernosek hou ect ect donna consemiu hou ect ect robert cook hou ect ect howard b camp hou ect ect lisa hesse hou ect ect nathan l hlavaty hou ect ect wayne e lightfoot hou ect james mckay hou ect ect mary smith hou ect ect steve hpl schneider hou ect ect melissa graves hou ect ect michael walters hou ect ect jill zivley hou ect ect mary jo johnson hou ees ees rita wynne hou ect ect lauri allen hou ect ect cheryl jones gpgfin enron enron reid hansen gco enron enron darron c giron hou ect ect neal winfree hou ect ect susan smith hou ect ect gary bryan hou ect ect gary hanks hou ect ect donald p reinhardt hou ect ect vance l taylor hou ect ect david baumbach hou ect ect robert cotten hou ect ect brian riley hou ect ect jeff austin hou ees ees cynthia hakemack hou ect ect dawn c kenne hou ect ect lisa csikos hou ect ect j r fosdick gco enron enron carlos j rodriguez hou ect ect stephanie gomes hou ect ect pat clynes corp enron enron tom acton corp enron enron robert walker hou ect ect george weissman hou ect ect joanne harris na enron enron christy sweeney hou ect ect earl tisdale hou ect ect daren j farmer hou ect ect cc subject first delivery wheeler operating please see attached letter,0
march spot purchases vance deals created entered sitara noted deal volumes entered listed march 2001 nomination spreadsheet bob vance l taylor 02 26 2001 05 33 pm robert cotten hou ect ect cc julie meyers hou ect ect lisa hesse hou ect ect susan smith hou ect ect donald p reinhardt hou ect ect melissa graves hou ect ect brian riley hou ect ect subject march spot purchases bob hplc purchasing wellhead gas producers listed production month march 2001 production purchased spot basis deal tickets created entered sitara based following information counterparty meter volume deal price whiting petroleum corp 6523 200 mmbtu 634035 100 hsc less 0 95 coastal merchant energy lp 5923 775 mmbtu 633154 100 hsc less 0 265 coastal merchant energy lp 5848 240 mmbtu 633184 84 hsc swift energy 2630 21 mmbtu 633380 100 hsc less 1 45 duke energy trading marketing 6347 200 mmbtu 633028 85 hsc hesco gathering oil co 6063 300 mmbtu 421856 100 hsc less 0 95 embassy natural gas inc 6598 180 mmbtu 643875 100 hsc less 0 95 vintage gas inc 9603 100 mmbtu 633427 100 hsc less 0 95 stone energy 9696 4500 mmbtu 634058 100 hsc less 0 20 houston exploration 9696 6500 mmbtu 634061 100 gd less 0 235 amerada hess hess energy svcs 0435 2714 mmbtu 631403 100 hsc less 0 12 anadarko petroleum corp 0435 1104 mmbtu 631437 100 hsc less 0 10 crosstex energy services ltd 0435 654 mmbtu 631504 100 hsc less 0 12 tri union development 0435 149 mmbtu 631737 100 hsc less 0 055 ranger oil company 9871 200 mmbtu 643862 85 hsc 300 producer svcs deals tracked im wellhead portfolio attached gathering contract thanks vlt x 3 6353,0
may wellhead spot purchases request vance deals created entered sitara noted bob vance l taylor enron enronxgate 04 24 2001 04 25 pm robert cotten hou ect ect cc janie aguayo hou ect ect lisa hesse hou ect ect julie meyers hou ect ect cynthia hakemack hou ect ect donald p reinhardt enron enronxgate susan smith enron enronxgate melissa graves enron enronxgate george weissman hou ect ect subject may wellhead spot purchases request bob hplc purchasing wellhead gas producers listed production month may 2001 production purchased spot basis deal tickets created entered sitara based following information counterparty meter volume deal price apache corporation 0435 1409 mmbtu 745529 100 hsc less 0 10 whiting petroleum corp 6523 113 mmbtu 749897 85 hsc el paso merchant energy lp 5923 622 mmbtu 749898 100 hsc less 0 26 el paso merchant energy lp 5848 203 mmbtu 749899 85 hsc swift energy 2630 21 mmbtu 749900 100 hsc less 1 38 duke energy trading marketing 6347 147 mmbtu 749901 85 hsc hesco gathering oil co 6063 289 mmbtu 421856 85 hsc embassy natural gas inc 6598 lmmbtu 749907 85 hsc stone energy 9696 2745 mmbtu 749909 100 hsc less 0 20 houston exploration 9696 3407 mmbtu 749910 100 hsc less 0 20 amerada hess hess energy svcs 0435 1104 mmbtu 745527 100 hsc less 0 14 crosstex energy services ltd 0435 656 mmbtu 745552 100 hsc less 0 12 tri union development 0435 149 mmbtu 745560 100 hsc less 0 055 ranger oil company 9871 200 mmbtu 749911 85 hsc 300 producer svcs deals tracked im wellhead portfolio attached gathering contract additionally possible please confirm apache crosstex deals expect receive term firm contracts near future thanks vlt x 3 6353,0
deals entered 3 01 julie entered following deals wellhead meters 03 01 deal counterparty meter 631403 amerada hess 0435 631437 anadarko petr 0435 631449 apache corp 0435 631486 barrett resour 0435 632586 cima energy 6284 632651 columbus energy 9758 632978 crosstex energy 9843 631504 crosstex energy 0435 633028 duke energy 6347 633111 eex e p 9695 633154 el paso merchant 5923 633184 el paso merchant 5848 633227 four square gas 9705 631543 meridian resource 0435 631580 ocean energy 0435 631662 seneca resources 0435 633360 simray g 9739 633380 swift energy 2630 634419 swift energy 9643 631737 tri union devel 0435 633427 vintage gas 9603 631767 walter g 0435 634035 whiting petr 6523 bob,0
may 2001 nomination attachment provides details total wellhead nomination may 2001 695 059 mmbtu george forwarded george weissman hou ect 04 24 2001 11 58 enron north america corp robert cotten 04 24 2001 10 12 george weissman hou ect ect cc vance l taylor hou ect daren j farmer hou ect melissa graves hou ect edward terry hou ect ect subject may 2001 nomination george following answers questions 1 2 nomination pay meter 9862 3 past purchase listed spreadsheet maintained risk group 4 4 24 01 comstock nomination 43 681 kerr mcgee 29 037 5 purchase listed spreadsheet maintained separately file daren best knowledge good wellhead purchase bob enron north america corp george weissman 04 24 2001 08 03 robert cotten hou ect ect cc vance l taylor hou ect daren j farmer hou ect melissa graves hou ect subject may 2001 nomination bob questions based information facilitation location report 1 meter 9643 hgpl hpl stratton tejones operating corporation sitara 266970 purchase meter 9638 freeman prod maxine field trade zone 18 2 presume counting meter 9848 north padre island blk 8 meter 9862 lehman spinnaker onshore gas 3 meter 3536 seahawk mat plt 520 eog resources sitara 725391 purchase properly wellhead book 4 meter 6884 pgtt junction 16 lease comstock oil gas inc kerr mcgee oil gas onshore l p sitara 125899 132975 comstock volume exceed kerr mcgee volume together two volumes approximately 73 000 currently comstock volume 8 600 kerr mcgee volume 25 000 look 38 000 short 5 meter 639 hannah nash coral energy resources l p sitara 659998 purchase properly wellhead book looking 10 old deals think may addition adding new deals flow may done noon george,0
first delivery cody vance deal 586029 modified reflect 2 less fuel bob vance l taylor 02 12 2001 04 35 pm robert cotten hou ect ect cc julie meyers hou ect ect lisa hesse hou ect ect cynthia hakemack hou ect ect susan smith hou ect ect donald p reinhardt hou ect ect melissa graves hou ect ect subject first delivery cody bob following production line sitara ticket modified sitara based following counterparty meter volumes price period global cody energy llc 9864 20 000 mmbtu less 2 fuel 100 gd less 0 21 2 12 2 28 96052809 fyi firm ticket already created submitted remaining term deal beginning month march additionally producer svcs deal tracked im wellhead portfolio attached gathering contract thanks vlt x 3 6353 forwarded vance l taylor hou ect 02 12 2001 04 15 pm esther buckley 02 12 2001 03 45 pm molly l carriere hou ect ect clem cernosek hou ect ect donna consemiu hou ect ect robert cook hou ect ect howard b camp hou ect ect lisa hesse hou ect ect nathan l hlavaty hou ect ect wayne e lightfoot hou ect ect james mckay hou ect ect mary smith hou ect ect steve hpl schneider hou ect ect melissa graves hou ect ect michael walters hou ect ect eric wardle hou ect ect jill zivley hou ect ect mary jo johnson hou ees ees rita wynne hou ect ect lauri allen hou ect ect cheryl jones gpgfin enron enron reid hansen gco enron enron darron c giron hou ect ect neal winfree hou ect ect susan smith hou ect ect gary bryan hou ect ect gary hanks hou ect ect donald p reinhardt hou ect ect vance l taylor hou ect ect david baumbach hou ect ect robert cotten hou ect ect brian riley hou ect ect jeff austin hou ees ees cynthia hakemack hou ect ect dawn c kenne hou ect ect lisa csikos hou ect ect j r fosdick gco enron enron carlos j rodriguez hou ect ect stephanie gomes hou ect ect pat clynes corp enron enron tom acton corp enron enron robert walker hou ect ect george weissman hou ect ect joanne harris na enron enron christy sweeney hou ect ect earl tisdale hou ect ect daren j farmer hou ect ect cc subject first delivery cody see attached letter eb,0
wellhead nominations wellhead volumes adjusted avg column attached spreadsheet 3 8 01 forward bob,0
potential list mar 2001 daren aware potential new volume 3 01 comstock sutton tyler county 1500 2500 mmbtu gas daily mid month p operating harris county 750 1500 mmbtu gas daily mid month saxet matagorda county 2000 3000 mmbtu gas daily mid month hesco victoria county 1000 mmbtud gas daily mid month hesco padre island 250 mmbtu gas daily mid month hs resources hardin county 3000 mmbtu gas daily mid month pure resources victoria county 1000 mmbtud gas daily mid month dolphin webb county 750 mmbtu gas daily mid month ergon tyler county 2000 mmbtu gas daily mid month please let know questions possiblities information thanks susan smith x 3332,0
first delivery wheeler operating please see attached letter,0
march preliminary wellhead production estimate daren fyi bob forwarded robert cotten hou ect 02 21 2001 08 03 vance l taylor 02 20 2001 04 32 pm robert cotten hou ect ect cc mary smith hou ect ect gary hanks hou ect ect melissa graves hou ect ect subject march preliminary wellhead production estimate bob please see attached file estimating wellhead production month march please advised preliminary estimate date received noms march update revisions occur thanks vlt x 3 6353,0
wagner brown cornelius lease meter 986589 10 fyi vlt x 3 6353 forwarded vance l taylor hou ect 02 23 2001 02 46 pm jerry bubert enron 02 23 2001 01 39 pm brad blevins hou ect ect vicente sarmiento gco enron enron cc brian riley hou ect ect vance l taylor hou ect ect george weissman hou ect ect joe zernicek gco enron enron lisa hesse hou ect ect lauri allen hou ect ect j r fosdick gco enron enron subject wagner brown cornelius lease meter 986589 10 per recent discussions please evaluate gas stream reconnection hpl gas presently produced dow pipeline existing three inch meter tube place gas switched opening closing existing valves copy recent gas analysis provided expected gas flow 9000 10 000 mcf mr matt johnson wagner hence enhanced production would attempt obtain least year commitment gas wagner brown mr johnson want flow gas march since three inch run could handle total volume want split flow operational logistics also questionable compression etc need info please advise thanks jab,0
revisions march wellhead estimate bob revisions march wellhead production estimate resulting pre nom meeting held morning revisions counterparty mtr prev nom curr nom sitara louis dreyfus frmly costilla 9724 29 4 000 125895 north central corp 9767 560 0 139363 north central corp 6296 1 637 1 800 136222 prize energy resources 4965 78 2 000 131720 bass enterprises frmly richardson 9807 7 025 9 000 141691 swift energy 9636 34 0 135664 crosstex energy 9858 8 637 8 500 500668 new production wagner brown ltd 6589 0 8 000 n houston exploration co 9696 0 6 000 n stone energy corp 9696 0 4 000 n hesco gathering oil co 9876 0 1 000 n wheeler operating co 9879 0 1 000 n safari production co 4594 0 400 n helmerich like sitara position consistent final number provide darren thanks vlt x 6353,0
crosstex energy services camden res driscoll ranch meters 9868 9858 gpa dated 9 28 00 mick fyi vlt x 3 6353 forwarded vance l taylor hou ect 02 21 2001 05 28 pm jerry bubert enron 02 21 2001 01 03 pm vance l taylor hou ect ect cc melissa graves hou ect ect joanne harris na enron enron gerald lofton hou ect ect donald p reinhardt hou ect ect brian riley hou ect ect susan smith hou ect ect christy sweeney hou ect ect robert walker hou ect ect george weissman hou ect ect kimberlee bennick hou ect ect subject crosstex energy services camden res driscoll ranch meters 9868 9858 gpa dated 9 28 00 crosstex elected base contract price hsc less 0 10 gas produced wells term 3 1 01 3 31 01 jab,0
first delivery safari production vance deal 611981 created entered sitara bob vance l taylor 02 05 2001 04 29 pm robert cotten hou ect ect cc julie meyers hou ect ect cynthia hakemack hou ect ect lisa hesse hou ect ect susan smith hou ect ect donald p reinhardt hou ect ect melissa graves hou ect ect subject first delivery safari production bob following production line ticket created entered sitara based following counterparty meter volumes price period global safari production company 4594 400 mmbtu 85 gas daily 2 2 2 28 96057046 fyi create submit committed reserves firm ticket remaining term deal beginning month march additionally producer svcs deal tracked im wellhead portfolio attached gathering contract thanks vlt x 3 6353,0
coastal g mtr 4179 goliad co vance julie meyers created deal 592122 sitara edited ticket reflect details described bob vance l taylor 02 01 2001 08 21 robert cotten hou ect ect cc clem cernosek hou ect ect subject coastal g mtr 4179 goliad co bob put deal yet please modify period reflect 9 1 9 13 flow 9 13 thanks vlt x 3 6353 forwarded vance l taylor hou ect 02 01 2001 08 24 vance l taylor 01 31 2001 05 08 pm robert cotten hou ect ect cc brian riley hou ect ect clem cernosek hou ect ect donald p reinhardt hou ect ect cynthia hakemack hou ect ect julie meyers hou ect ect lisa hesse hou ect ect melissa graves hou ect ect subject coastal g mtr 4179 goliad co bob hplc purchased wellhead gas producer listed specified period production purchased spot basis deal ticket created entered sitara based following information counterparty meter volume price period coastal oil gas corp 4179 4 500 mmbtu 85 hsc 9 1 00 9 8 00 additionally producer svcs deals tracked im wellhead portfolio attached gathering contract thanks vlt x 3 6353,0
basin production ga 213 bob mentioned earlier houston exploration also delivering gas us meter following production line ticket created entered sitara based following counterparty meter volumes price period houston exploration 9696 8000 mmbtu 100 gd less 0 16 2 1 2 28 fyi create submit committed reserves firm ticket gas buyer terms deal additionally producer svcs deal tracked im wellhead portfolio attached gathering contract thanks vlt x 3 6353 forwarded vance l taylor hou ect 02 09 2001 02 46 pm enron north america corp robert cotten 01 26 2001 08 47 daren j farmer hou ect ect cc vance l taylor hou ect ect subject basin production ga 213 daren vance deal 586954 created entered sitara date meter volume price 2 1 01 2 28 01 9696 5 000 100 gas daily less 0 16 bob daren j farmer 01 26 2001 08 25 robert cotten hou ect ect cc subject basin production ga 213 forwarded daren j farmer hou ect 01 26 2001 08 24 vance l taylor 01 25 2001 01 58 pm daren j farmer hou ect ect cc john peyton hou ect ect subject basin production ga 213 daren received word basin bring production sometime today tomorrow expect get b 10 000 15 000 facility planning engineer determines take gas flow february priced 100 gas daily less 0 16 vlt daren j farmer 01 25 2001 01 47 pm vance l taylor hou ect ect cc subject basin production ga 213 need producer services group determine think gas flow month price use decision bidweek postion vance l taylor 01 25 2001 11 53 daren j farmer hou ect ect robert cotten hou ect ect cc susan smith hou ect ect melissa graves hou ect ect subject basin production ga 213 fyi would want handle february nomination vlt x 3 6353 forwarded vance l taylor hou ect 01 25 2001 11 55 enron north america corp brad blevins 01 25 2001 10 56 john peyton hou ect ect cc nick cocavessis corp enron enron steve hpl schneider hou ect ect pat flavin gco enron enron vance l taylor hou ect ect buck thomas gco enron enron subject basin production ga 213 reviewed gas composition analysis spl basin production ga 213 spl analysis show dewpoint around 20 degrees f 400 psig john handley opinion gas wellbore stratified time sample taken expect dewpoint flowing gas higher however best sample could obtained time conferred steve schneider willing take gas conditional basis next couple days 6 line pigged production flows stablilized mitchell conditioning equipment lined next couple days hms need take another sample meter run spl run extended analysis dewpoint curve expedited basis sample indicate dewpoint 45 degrees f production shut hydrocarbon dewpoint conditioning equipment installed meantime hms needs keep close watch southern union city gates galveston island monitor liquids fallout,0
first delivery cody see attached letter eb,0
first delivery helmerich payne vance deal 621422 created entered sitara bob vance l taylor 02 09 2001 04 03 pm robert cotten hou ect ect cc julie meyers hou ect ect lisa hesse hou ect ect cynthia hakemack hou ect ect susan smith hou ect ect donald p reinhardt hou ect ect melissa graves hou ect ect subject first delivery helmerich payne bob following production line ticket created entered sitara based following counterparty meter volumes price period global helmerich payne inc 9841 1500 mmbtu 100 gd less 0 05 2 8 2 28 96046469 fyi susan create submit committed reserves firm ticket remaining term deal beginning month march additionally producer svcs deal tracked im wellhead portfolio attached gathering contract thanks vlt x 3 6353 forwarded vance l taylor hou ect 02 09 2001 04 01 pm esther buckley 02 08 2001 04 23 pm molly l carriere hou ect ect clem cernosek hou ect ect donna consemiu hou ect ect robert cook hou ect ect howard b camp hou ect ect lisa hesse hou ect ect nathan l hlavaty hou ect ect wayne e lightfoot hou ect ect james mckay hou ect ect mary smith hou ect ect steve hpl schneider hou ect ect melissa graves hou ect ect michael walters hou ect ect eric wardle hou ect ect jill zivley hou ect ect mary jo johnson hou ees ees rita wynne hou ect ect lauri allen hou ect ect cheryl jones gpgfin enron enron reid hansen gco enron enron darron c giron hou ect ect neal winfree hou ect ect susan smith hou ect ect gary bryan hou ect ect gary hanks hou ect ect donald p reinhardt hou ect ect vance l taylor hou ect ect david baumbach hou ect ect robert cotten hou ect ect brian riley hou ect ect jeff austin hou ees ees cynthia hakemack hou ect ect dawn c kenne hou ect ect lisa csikos hou ect ect kristen j hanson hou ect ect j r fosdick gco enron enron carlos j rodriguez hou ect ect stephanie gomes hou ect ect pat clynes corp enron enron tom acton corp enron enron robert walker hou ect ect george weissman hou ect ect joanne harris na enron enron christy sweeney hou ect ect earl tisdale hou ect ect daren j farmer hou ect ect cc subject first delivery helmerich payne see attached letter,0
tri c resources governor bill daniel 1 liberty co tx julie cokinos tri c elected price production month february 2001 follows 4 000 97 hsc production excess 4 000 priced 97 gas daily please correct pricing sitara ticket 377169 accordingly thank melissa forwarded melissa graves hou ect 01 29 2001 04 12 pm enron north america corp george weissman 01 29 2001 10 01 melissa graves hou ect ect cc susan smith hou ect ect joanne harris na enron enron subject tri c resources governor bill daniel 1 liberty co tx melissa chris cokinos called february wants lock 4 000 first month index remainder gas daily governor bill daniel 1 contract please sitara deal updated notify chris via e mail ccokinos compuserve com thanks george x 3 6992 forwarded george weissman hou ect 01 29 2001 09 37 shawna flynn 06 28 2000 01 42 pm sent becky tlucek jeffrey austin hou ect ect russell diamond hou ect ect george weissman hou ect ect cc subject cokinos cokinos document attached per shawna flynn,0
wellhead deals changed daren neal attached spreadsheet represents deal volumes changed effective 2 7 01 bob,0
north central oil corp 2 01 vance following deals changed effective 2 1 01 deal meter trade zone original volume revised volume price 138550 98 0071 8 15 000 0 100 ifhsc less 0 05 597360 98 6296 1 0 15 000 98 ifhsc less 0 05 bob,0
january spot purchases deals needed vance deals created entered sitara noted julie please edit deal 553552 reflect tiered pricing thanks bob vance l taylor 02 06 2001 02 24 pm robert cotten hou ect ect cc julie meyers hou ect ect lisa hesse hou ect ect cynthia hakemack hou ect ect susan smith hou ect ect melissa graves hou ect ect subject january spot purchases deals needed bob hplc purchased wellhead gas producer listed production month january 2001 production wasl purchased spot basis deal ticket created entered sitara based following information counterparty meter volume price deal crosstex energy svcs ltd 0435 682 mmbtu 100 hsc 0 065 608779 tri union development 0435 60 mmbtu 100 hsc less 0 055 608800 additionally following production line ticket created entered sitara based following counterparty meter volumes price period deal ranger oil company 9871 200 mmbtu 85 gas daily 300 ranger oil company 9871 200 mmbtu 85 hsc 300 additionally producer svcs deal tracked im wellhead portfolio attached gathering contract thanks vlt x 3 6353,0
missing deals may 2001 george following volumes included may 2001 spreadsheet deals exist sitara daren requested advised noon today information pricing e gas daily ifhsc thanks counterparty meter zone nomination carrizo oil gas 9888 12 10 000 comstock oil gas 9878 20 100 p operating 001 gulf coast 5 000 ergon exploration 9880 08 9 000 hesco gathering 9649 300 hesco gathering 9876 05 85 hesco gathering 9885 05 1 100 louis dreyfus 9874 14 750 suemaur exploration 9881 02 1 300 united oil mineral 9887 19 2 000,0
basin production ga 213 vance deal 624411 created entered sitara bob vance l taylor 02 09 2001 03 40 pm robert cotten hou ect ect cc daren j farmer hou ect ect julie meyers hou ect ect cynthia hakemack hou ect ect lisa hesse hou ect ect susan smith hou ect ect donald p reinhardt hou ect ect melissa graves hou ect ect subject basin production ga 213 bob mentioned earlier houston exploration also delivering gas us meter following production line ticket created entered sitara based following counterparty meter volumes price period houston exploration 9696 8000 mmbtu 100 gd less 0 16 2 1 2 28 fyi create submit committed reserves firm ticket gas buyer terms deal additionally producer svcs deal tracked im wellhead portfolio attached gathering contract thanks vlt x 3 6353 forwarded vance l taylor hou ect 02 09 2001 02 46 pm enron north america corp robert cotten 01 26 2001 08 47 daren j farmer hou ect ect cc vance l taylor hou ect ect subject basin production ga 213 daren vance deal 586954 created entered sitara date meter volume price 2 1 01 2 28 01 9696 5 000 100 gas daily less 0 16 bob daren j farmer 01 26 2001 08 25 robert cotten hou ect ect cc subject basin production ga 213 forwarded daren j farmer hou ect 01 26 2001 08 24 vance l taylor 01 25 2001 01 58 pm daren j farmer hou ect ect cc john peyton hou ect ect subject basin production ga 213 daren received word basin bring production sometime today tomorrow expect get b 10 000 15 000 facility planning engineer determines take gas flow february priced 100 gas daily less 0 16 vlt daren j farmer 01 25 2001 01 47 pm vance l taylor hou ect ect cc subject basin production ga 213 need producer services group determine think gas flow month price use decision bidweek postion vance l taylor 01 25 2001 11 53 daren j farmer hou ect ect robert cotten hou ect ect cc susan smith hou ect ect melissa graves hou ect ect subject basin production ga 213 fyi would want handle february nomination vlt x 3 6353 forwarded vance l taylor hou ect 01 25 2001 11 55 enron north america corp brad blevins 01 25 2001 10 56 john peyton hou ect ect cc nick cocavessis corp enron enron steve hpl schneider hou ect ect pat flavin gco enron enron vance l taylor hou ect ect buck thomas gco enron enron subject basin production ga 213 reviewed gas composition analysis spl basin production ga 213 spl analysis show dewpoint around 20 degrees f 400 psig john handley opinion gas wellbore stratified time sample taken expect dewpoint flowing gas higher however best sample could obtained time conferred steve schneider willing take gas conditional basis next couple days 6 line pigged production flows stablilized mitchell conditioning equipment lined next couple days hms need take another sample meter run spl run extended analysis dewpoint curve expedited basis sample indicate dewpoint 45 degrees f production shut hydrocarbon dewpoint conditioning equipment installed meantime hms needs keep close watch southern union city gates galveston island monitor liquids fallout,0
correction first delivery cody read cuba libre field cuba libre central point eb,0
coastal ctr 96008903 meter 0984179 sit 135714 donald back october gas received hpl meter moved strangers gas pending call coastal renegotiate contract sept 2000 gas since volumes longer allocated stranger gas placed mjg deal valid deal available sept 2000 assume coastal contacted brian yet possible deal created coastal price zero know definitely want pay mjg gas long volume sitting deal possibility someone may inadvertently send payment let know think thanks nick x 36454 forwarded nick moshou corp enron 01 29 2001 08 34 donald p reinhardt ect 10 27 2000 11 09 mary poorman na enron enron cc nick moshou corp enron enron anita luong hou ect ect brian riley hou ect ect pat clynes corp enron enron daren j farmer hou ect ect melissa graves hou ect ect vance l taylor hou ect ect subject coastal ctr 96008903 meter 0984179 sit 135714 discussed matter brian riley hpl intention contacting coastal negotiate type deal affecting gas received september meter 4179 brian opinion gas considered strangers gas since hpl contract price suggested nick moshou contact counterpart coastal relaying information suggesting coastal trader contract brian riley donald mary poorman enron 10 27 2000 10 05 nick moshou corp enron enron cc anita luong hou ect ect brian riley hou ect ect pat clynes corp enron enron daren j farmer hou ect ect donald p reinhardt hou ect ect subject coastal ctr 96008903 meter 0984179 sit 135714 nick understand terminated agreement however feel confiscate production need either pay gas cut deal redeliver like volume another meter given decrease prices september current prompt month would guess want paid know call know responsibility lies far calling explain took delivery gas meter shut please let know anything assist mary,0
missing deals may 2001 following deals created entered sitara baseload priced ifhsc bob deal counterparty meter zone nomination 752476 carrizo oil gas 9888 12 10 000 752480 comstock oil gas 9878 20 100 752482 p operating 001 gulf coast 500 752487 ergon exploration 9880 08 9 000 752489 hesco gathering 9649 300 752491 hesco gathering 9876 05 85 752556 hesco gathering 9885 05 1 100 752566 louis dreyfus 9874 14 750 752571 suemaur exploration 9881 02 1 300 752578 united oil mineral 9887 19 2 000,0
basin production ga 213 fyi would want handle february nomination vlt x 3 6353 forwarded vance l taylor hou ect 01 25 2001 11 55 enron north america corp brad blevins 01 25 2001 10 56 john peyton hou ect ect cc nick cocavessis corp enron enron steve hpl schneider hou ect ect pat flavin gco enron enron vance l taylor hou ect ect buck thomas gco enron enron subject basin production ga 213 reviewed gas composition analysis spl basin production ga 213 spl analysis show dewpoint around 20 degrees f 400 psig john handley opinion gas wellbore stratified time sample taken expect dewpoint flowing gas higher however best sample could obtained time conferred steve schneider willing take gas conditional basis next couple days 6 line pigged production flows stablilized mitchell conditioning equipment lined next couple days hms need take another sample meter run spl run extended analysis dewpoint curve expedited basis sample indicate dewpoint 45 degrees f production shut hydrocarbon dewpoint conditioning equipment installed meantime hms needs keep close watch southern union city gates galveston island monitor liquids fallout,0
base gas roll 2 2001 jay louis wanted confirm guys going run base gas roll feb 2001 production tonight tomorrow night follow updating records unify possible incorrect please let know thanks gg,0
crosstex energy services driscoll ranch 1 3 duval cty tx fyi forwarded susan smith hou ect 01 25 2001 12 24 pm enron north america corp george weissman 01 23 2001 03 44 pm melissa graves hou ect ect cc joanne harris na enron enron donald p reinhardt hou ect ect susan smith hou ect ect vance l taylor hou ect ect kreg hall hou ect ect christy sweeney hou ect ect jerry bubert na enron enron subject crosstex energy services driscoll ranch 1 3 duval cty tx fyi forwarded george weissman hou ect 01 23 2001 03 38 pm jerry bubert 01 23 2001 03 38 pm shawna flynn hou ect ect cc brian riley hou ect ect george weissman hou ect ect robert walker hou ect ect kimberlee bennick hou ect ect christy sweeney hou ect ect subject crosstex energy services driscoll ranch 1 3 duval cty tx crosstex requested gas daily pricing wells period 2 1 01 2 28 01 please prepare transaction agreement use gas daily pricing transactions formed section 2 2 gas purchase agreement crosstex following terms term february 1 2001 february 28 2001 delivery points hpl meter nos 9858 9868 first 8000 mmbtu aggregate base price hsc less 0 10 gas delivered excess 8000 mmbtu aggragate gda hsc less 0 15 thanks jerry,0
base gas roll 2 2001 based pages script base gas roll completed last night george grant 01 19 2001 03 54 pm luis aybar hou ect ect jayant krishnaswamy hou ect ect dat truong corp enron enron cc russ severson hou ect ect vance l taylor hou ect ect daren j farmer hou ect ect robert cotten hou ect ect subject base gas roll 2 2001 jay louis wanted confirm guys going run base gas roll feb 2001 production tonight tomorrow night follow updating records unify possible incorrect please let know thanks gg,0
potential list feb 2001 daren aware potential 2 01 comstock sutton brazoria county 2 000 mmbtu gas daily mid month p operating harris county 1 000 mmbtu gas daily mid month please let know questions thanks susan smith x 33321,0
first delivery pure resources l p vance deal 581202 created entered sitara bob vance l taylor 01 22 2001 09 53 pm robert cotten hou ect ect cc julie meyers hou ect ect cynthia hakemack hou ect ect susan smith hou ect ect donald p reinhardt hou ect ect amelia alland hou ect ect melissa graves hou ect ect subject first delivery pure resources l p bob following production line ticket created entered sitara based following counterparty meter volumes price period pure resources l p 9867 500 mmbtu 100 gas daily less 0 16 1 19 1 31 fyi susan create submit committed reserves firm ticket remaining term deal beginning month february additionally producer svcs deal tracked im wellhead portfolio attached gathering contract thanks vlt x 3 6353 forwarded vance l taylor hou ect 01 22 2001 04 19 pm esther buckley 01 22 2001 03 01 pm molly l carriere hou ect ect clem cernosek hou ect ect donna consemiu hou ect ect robert cook hou ect ect howard b camp hou ect ect lisa hesse hou ect ect nathan l hlavaty hou ect ect wayne e lightfoot hou ect ect james mckay hou ect ect mary smith hou ect ect steve hpl schneider hou ect ect melissa graves hou ect ect michael walters hou ect ect eric wardle hou ect ect jill zivley hou ect ect mary jo johnson hou ees ees rita wynne hou ect ect lauri allen hou ect ect cheryl jones gpgfin enron enron reid hansen gco enron enron darron c giron hou ect ect neal winfree hou ect ect susan smith hou ect ect gary bryan hou ect ect gary hanks hou ect ect donald p reinhardt hou ect ect vance l taylor hou ect ect david baumbach hou ect ect robert cotten hou ect ect brian riley hou ect ect jeff austin hou ees ees cynthia hakemack hou ect ect dawn c kenne hou ect ect lisa csikos hou ect ect kristen j hanson hou ect ect j r fosdick gco enron enron carlos j rodriguez hou ect ect stephanie gomes hou ect ect pat clynes corp enron enron tom acton corp enron enron robert walker hou ect ect george weissman hou ect ect joanne harris na enron enron christy sweeney hou ect ect earl tisdale hou ect ect daren j farmer hou ect ect cc subject first delivery pure resources l p see attached letter,0
basin production ga 213 daren received word basin bring production sometime today tomorrow expect get b 10 000 15 000 facility planning engineer determines take gas flow february priced 100 gas daily less 0 16 vlt daren j farmer 01 25 2001 01 47 pm vance l taylor hou ect ect cc subject basin production ga 213 need producer services group determine think gas flow month price use decision bidweek postion vance l taylor 01 25 2001 11 53 daren j farmer hou ect ect robert cotten hou ect ect cc susan smith hou ect ect melissa graves hou ect ect subject basin production ga 213 fyi would want handle february nomination vlt x 3 6353 forwarded vance l taylor hou ect 01 25 2001 11 55 enron north america corp brad blevins 01 25 2001 10 56 john peyton hou ect ect cc nick cocavessis corp enron enron steve hpl schneider hou ect ect pat flavin gco enron enron vance l taylor hou ect ect buck thomas gco enron enron subject basin production ga 213 reviewed gas composition analysis spl basin production ga 213 spl analysis show dewpoint around 20 degrees f 400 psig john handley opinion gas wellbore stratified time sample taken expect dewpoint flowing gas higher however best sample could obtained time conferred steve schneider willing take gas conditional basis next couple days 6 line pigged production flows stablilized mitchell conditioning equipment lined next couple days hms need take another sample meter run spl run extended analysis dewpoint curve expedited basis sample indicate dewpoint 45 degrees f production shut hydrocarbon dewpoint conditioning equipment installed meantime hms needs keep close watch southern union city gates galveston island monitor liquids fallout,0
basin production ga 213 daren vance deal 586954 created entered sitara date meter volume price 2 1 01 2 28 01 9696 5 000 100 gas daily less 0 16 bob daren j farmer 01 26 2001 08 25 robert cotten hou ect ect cc subject basin production ga 213 forwarded daren j farmer hou ect 01 26 2001 08 24 vance l taylor 01 25 2001 01 58 pm daren j farmer hou ect ect cc john peyton hou ect ect subject basin production ga 213 daren received word basin bring production sometime today tomorrow expect get b 10 000 15 000 facility planning engineer determines take gas flow february priced 100 gas daily less 0 16 vlt daren j farmer 01 25 2001 01 47 pm vance l taylor hou ect ect cc subject basin production ga 213 need producer services group determine think gas flow month price use decision bidweek postion vance l taylor 01 25 2001 11 53 daren j farmer hou ect ect robert cotten hou ect ect cc susan smith hou ect ect melissa graves hou ect ect subject basin production ga 213 fyi would want handle february nomination vlt x 3 6353 forwarded vance l taylor hou ect 01 25 2001 11 55 enron north america corp brad blevins 01 25 2001 10 56 john peyton hou ect ect cc nick cocavessis corp enron enron steve hpl schneider hou ect ect pat flavin gco enron enron vance l taylor hou ect ect buck thomas gco enron enron subject basin production ga 213 reviewed gas composition analysis spl basin production ga 213 spl analysis show dewpoint around 20 degrees f 400 psig john handley opinion gas wellbore stratified time sample taken expect dewpoint flowing gas higher however best sample could obtained time conferred steve schneider willing take gas conditional basis next couple days 6 line pigged production flows stablilized mitchell conditioning equipment lined next couple days hms need take another sample meter run spl run extended analysis dewpoint curve expedited basis sample indicate dewpoint 45 degrees f production shut hydrocarbon dewpoint conditioning equipment installed meantime hms needs keep close watch southern union city gates galveston island monitor liquids fallout,0
february wellhead production estimate bob please see attached file estimating wellhead production month february please advised preliminary estimate date received one nom february update revisions occur office tomorrow however return office thursday thanks vlt x 3 6353,0
meter 6788 11 00 12 00 karen determined valid deal wellhead purchase texlan meter 6788 11 00 12 00 production please reallocate meter give volume texlan thanks bob,0
hpl meter 981488 paris tenaska hpl clem completed bob clem cernosek 12 28 2000 11 26 daren j farmer hou ect ect cc robert cotten hou ect ect edward terry hou ect ect subject hpl meter 981488 paris tenaska hpl period 12 1 99 12 3 99 meter recorded flow following days days mmbtus 12 1 99 173 12 3 99 39 106 deal 124400 meter november 1999 expired 11 30 99 currently volumes booked hpl strangers gas contract logistics needs either 1 deal 124400 extended 2 new deal 3 approval write volumes unaccounted gas please print sign return original clem cernosek deal deal ticket customer seller buyer approval write volumes unaccounted gas loss thanks clem,0
first deliveries ranger oil aspect resources llc camden resources see attached files,0
hpl meter 985225 freeport offshore rutherford kim effective 7 1 2000 volumes gas previously purchased cinergy contract 96017060 allocated purchased fairways contract per vance taylor cinergy contract terminated 6 30 2000 questions please call thanks clem,0
saxet canales king ranch balancing issue 7 sis averaging 23 000 day big cowboy pretty dead carol would like us gross saxet based number flow days left nomination plant takes payback account mary,0
saxet canales king ranch balancing issue fyi fact balancing issues king ranch spoke carol regarding net position plant informed saxet canales production buying inlet averaging approximately 3 850 dth day january producing around level since november eyes meter however carol brought online past week receiving production information regular basis balance redeliveries scheduling 838 1 045 dth day meter need gross jan order ensure capture volumes correctly create additional balancing issues plant please let know questions need additional information mary,0
may wellhead spot purchases request vance based information nominations revised effective may 1 2001 counterparty meter orig nom rev nom barrett resources 0435 1 536 0 seneca resources 0435 3 073 4 609 total 4 609 4 609 bob vance l taylor enron enronxgate 04 25 2001 08 42 robert cotten hou ect ect cc george weissman hou ect ect susan smith enron enronxgate melissa graves enron enronxgate subject may wellhead spot purchases request bob hplc continues purchase gas ocean seneca term basis firm tickets submitted april origination beginning month april barrett selling gas joa seneca therefore 100 barrett production paid seneca consequently see tickets sitara counterparties let know vlt x 36353 original message cotten robert sent tuesday april 24 2001 6 20 pm taylor vance l cc weissman george subject may wellhead spot purchases request vance still purchasing gas meter 435 barrett resources ocean energy seneca resources george spreadsheet termed deals termed mariner st mary land walter oil gas meridian resource bob vance l taylor enron enronxgate 04 24 2001 04 25 pm robert cotten hou ect ect cc janie aguayo hou ect ect lisa hesse hou ect ect julie meyers hou ect ect cynthia hakemack hou ect ect donald p reinhardt enron enronxgate susan smith enron enronxgate melissa graves enron enronxgate george weissman hou ect ect subject may wellhead spot purchases request bob hplc purchasing wellhead gas producers listed production month may 2001 production purchased spot basis deal tickets created entered sitara based following information counterparty meter volume price apache corporation 0435 1409 mmbtu 100 hsc less 0 10 whiting petroleum corp 6523 113 mmbtu 85 hsc el paso merchant energy lp 5923 622 mmbtu 100 hsc less 0 26 el paso merchant energy lp 5848 203 mmbtu 85 hsc swift energy 2630 21 mmbtu 100 hsc less 1 38 duke energy trading marketing 6347 147 mmbtu 85 hsc hesco gathering oil co 6063 289 mmbtu 85 hsc embassy natural gas inc 6598 lmmbtu 85 hsc stone energy 9696 2745 mmbtu 100 hsc less 0 20 houston exploration 9696 3407 mmbtu 100 hsc less 0 20 amerada hess hess energy svcs 0435 1104 mmbtu 100 hsc less 0 14 crosstex energy services ltd 0435 656 mmbtu 100 hsc less 0 12 tri union development 0435 149 mmbtu 100 hsc less 0 055 ranger oil company 9871 200 mmbtu 85 hsc 300 producer svcs deals tracked im wellhead portfolio attached gathering contract additionally possible please confirm apache crosstex deals expect receive term firm contracts near future thanks vlt x 3 6353,0
adjusted deal ticket daren neal effective 1 18 01 deal ticket 137205 adjusted daily volume 2 773 25 meter 9748 trade zone 10 bob,0
bob want thank response time getting cody draft amendment look morning cody current obligation gas february 11 th firm date next couple days cody requested strike gas daily price gas brought day lst day month language mentioned article 2 contract price 2 1 price called darren farmer texas desk explained situation passed problem since know date volume package start flowing hplc please e mail copy changes approval sent overnight cody thanks,0
adjusted wellhead volumes january 2001 please see attached file bob,0
kcs buy sell lauri hpl gas control could provide information called bob withers kcs agreement reduce nom 894 345 day changes effective 1 11 01 follows meter deal 9797 439825 3543 439837 bob lauri allen 01 09 2001 03 53 pm robert cotten hou ect ect cc michael olsen na enron enron edward terry hou ect ect jill zivley hou ect ect mary poorman na enron enron subject kcs buy sell light december allocation actual volumes kcs 9797 looks though need reduce nom meter tejas riverside 3543 sell portion buy sell occurs remainder january december actual receipts 9797 15 889 mm average 513 mm day january nomination 864 mm day think needs reduced approx 345 mm day effective 1 11 may large diffence buy wellhead delivered back kcs tejas riverside info could get gas control kcs actual flow current month would help nail nomination thanks,0
revised nomination deal 377169 revised today effective 4 19 01 follows c p meter trade zone cokinos 98 9842 07 0 3 000 bob,0
may wellhead spot purchases request vance discussed yesterday zero confirmed column pops barrett increase seneca bob vance l taylor enron enronxgate 04 26 2001 11 42 robert cotten hou ect ect cc george weissman hou ect ect daren j farmer hou ect enron melissa graves enron enronxgate susan smith hou ect enron subject may wellhead spot purchases request bob still concern april nom take zero could possibility allocations group adding volumes barrett april deal would incorrect vlt original message cotten robert sent thursday april 26 2001 9 27 taylor vance l cc weissman george daren j farmer hou ect enron graves melissa susan smith hou ect enron subject may wellhead spot purchases request vance based information nominations revised effective may 1 2001 counterparty meter orig nom rev nom barrett resources 0435 1 536 0 seneca resources 0435 3 073 4 609 total 4 609 4 609 bob vance l taylor enron enronxgate 04 25 2001 08 42 robert cotten hou ect ect cc george weissman hou ect ect susan smith enron enronxgate melissa graves enron enronxgate subject may wellhead spot purchases request bob hplc continues purchase gas ocean seneca term basis firm tickets submitted april origination beginning month april barrett selling gas joa seneca therefore 100 barrett production paid seneca consequently see tickets sitara counterparties let know vlt x 36353 original message cotten robert sent tuesday april 24 2001 6 20 pm taylor vance l cc weissman george subject may wellhead spot purchases request vance still purchasing gas meter 435 barrett resources ocean energy seneca resources george spreadsheet termed deals termed mariner st mary land walter oil gas meridian resource bob vance l taylor enron enronxgate 04 24 2001 04 25 pm robert cotten hou ect ect cc janie aguayo hou ect ect lisa hesse hou ect ect julie meyers hou ect ect cynthia hakemack hou ect ect donald p reinhardt enron enronxgate susan smith enron enronxgate melissa graves enron enronxgate george weissman hou ect ect subject may wellhead spot purchases request bob hplc purchasing wellhead gas producers listed production month may 2001 production purchased spot basis deal tickets created entered sitara based following information counterparty meter volume price apache corporation 0435 1409 mmbtu 100 hsc less 0 10 whiting petroleum corp 6523 113 mmbtu 85 hsc el paso merchant energy lp 5923 622 mmbtu 100 hsc less 0 26 el paso merchant energy lp 5848 203 mmbtu 85 hsc swift energy 2630 21 mmbtu 100 hsc less 1 38 duke energy trading marketing 6347 147 mmbtu 85 hsc hesco gathering oil co 6063 289 mmbtu 85 hsc embassy natural gas inc 6598 lmmbtu 85 hsc stone energy 9696 2745 mmbtu 100 hsc less 0 20 houston exploration 9696 3407 mmbtu 100 hsc less 0 20 amerada hess hess energy svcs 0435 1104 mmbtu 100 hsc less 0 14 crosstex energy services ltd 0435 656 mmbtu 100 hsc less 0 12 tri union development 0435 149 mmbtu 100 hsc less 0 055 ranger oil company 9871 200 mmbtu 85 hsc 300 producer svcs deals tracked im wellhead portfolio attached gathering contract additionally possible please confirm apache crosstex deals expect receive term firm contracts near future thanks vlt x 3 6353,0
spinnaker exploration company l l c n padre block 883 l offshore kleberg county texas contract 96047295 meter 098 9862 098 9848 platform george texas general land office transport volume pops may nominated 4 800 deal 535132 initially set wellhead purchase texas general land office transport volume 4 800 comprises approximately 22 total volume nominated meter bob enron north america corp george weissman 05 02 2001 02 38 pm robert cotten hou ect ect cc daren j farmer hou ect brian riley hou ect ect melissa graves hou ect mike morris corp enron enron gerald lofton hou ect ect subject spinnaker exploration company l l c n padre block 883 l offshore kleberg county texas contract 96047295 meter 098 9862 098 9848 platform bob currently total 16 817 mmbtu nominated purchases meter 098 9862 follows spinnaker exploration company l l c sit 379424 5 886 27 ranger oil company sit 533410 5 886 27 houston exploration company sit 535119 5 045 23 appears texas general land office transport volume properly included sitara may see deal 535132 shows 0 expectted volume texas glo historically transported 23 gas n padre block 883 l starts flowing incremental 10 000 mmbtu allocated deals mentioned based proportions shown george 713 571 9159 forwarded george weissman hou ect 05 02 2001 01 51 pm vance l taylor enron enronxgate 05 02 2001 01 51 pm george weissman hou ect ect cc subject fw npi 883 additional volume next week fyi thanks vlt original message sweeney christy sent wednesday may 02 2001 10 56 vance l taylor hou ect enron subject npi 883 additional volume next week forwarded christy sweeney hou ect 05 02 2001 10 52 billyoung 3 aol com 05 02 2001 10 16 43 christine marcus glo state tx us tjones spinexp com cc llipperdt houstonexp com patb cnrl com christy sweeney enron com subject npi 883 additional volume next week christine spinnaker expects gradually increase flow rate npi 883 10 mmcfd mmcfd commencing next week,0
double 5 1 01 business kerr mcgee gas daily request may 01 deliveries 20 5 200 gas daily 20 800 lst month index forwarded brian riley hou ect 04 26 2001 01 14 pm williams deann 04 26 2001 11 16 53 briley enron com brian riley enron com sherlyn schumack cynthia hakemack enron com cc perez edgar doss randal johnson chuck subject double 5 1 01 business attached word file print monthly exhibits jan 01 forward process monthly exhibit approval hpl previously discussed received back facsimile copy sent monthly requested email electronic version could print months jan 01 current may 01 process hpl execution executed hpl please fax back 405 270 2296 volumes may 01 dcq 26 000 mmbtud gas daily 20 5 200 mmbtud remainder base contract vol 80 20 800 mmbtu priced iferc hpl index please acknowledge receipt email replying back received take care exhibit approval process well confirm may 01 volumes sale thank de ann williams kerr mcgee oil gas corporation 405 270 2070 fax 405 270 2296 email dwilliams kmg com doublea exhibit f revised doc,0
meter 1558 april 2001 cerrito lastiendas meter flow 7 th deal ended 6 th extend deal 48 mmbtu flowed override meter add day flowed less nom third 4861 nom 5000 thanks julie,0
fw crosstex energy driscoll ranch 1 3 meters 9858 reinhardt donald p riley brian smith susan walker robert weissman george subject crosstex energy driscoll ranch 1 meter 9858 may 2001 per section 2 2 gpa crosstex elected sell gas approximately 10 000 baseload month may 2001 hsc 0 10 thanks jab,0
seacrest meter 0435 april 2001 confirmed nomination barrett resources zeroed like number added seneca bob forwarded robert cotten hou ect 05 01 2001 01 18 pm enron north america corp robert cotten 04 26 2001 11 48 vance l taylor enron enronxgate enron cc george weissman hou ect ect daren j farmer hou ect enron melissa graves enron enronxgate enron susan smith hou ect enron subject may wellhead spot purchases request vance discussed yesterday zero confirmed column pops barrett increase seneca bob vance l taylor enron enronxgate 04 26 2001 11 42 robert cotten hou ect ect cc george weissman hou ect ect daren j farmer hou ect enron melissa graves enron enronxgate susan smith hou ect enron subject may wellhead spot purchases request bob still concern april nom take zero could possibility allocations group adding volumes barrett april deal would incorrect vlt original message cotten robert sent thursday april 26 2001 9 27 taylor vance l cc weissman george daren j farmer hou ect enron graves melissa susan smith hou ect enron subject may wellhead spot purchases request vance based information nominations revised effective may 1 2001 counterparty meter orig nom rev nom barrett resources 0435 1 536 0 seneca resources 0435 3 073 4 609 total 4 609 4 609 bob vance l taylor enron enronxgate 04 25 2001 08 42 robert cotten hou ect ect cc george weissman hou ect ect susan smith enron enronxgate melissa graves enron enronxgate subject may wellhead spot purchases request bob hplc continues purchase gas ocean seneca term basis firm tickets submitted april origination beginning month april barrett selling gas joa seneca therefore 100 barrett production paid seneca consequently see tickets sitara counterparties let know vlt x 36353 original message cotten robert sent tuesday april 24 2001 6 20 pm taylor vance l cc weissman george subject may wellhead spot purchases request vance still purchasing gas meter 435 barrett resources ocean energy seneca resources george spreadsheet termed deals termed mariner st mary land walter oil gas meridian resource bob vance l taylor enron enronxgate 04 24 2001 04 25 pm robert cotten hou ect ect cc janie aguayo hou ect ect lisa hesse hou ect ect julie meyers hou ect ect cynthia hakemack hou ect ect donald p reinhardt enron enronxgate susan smith enron enronxgate melissa graves enron enronxgate george weissman hou ect ect subject may wellhead spot purchases request bob hplc purchasing wellhead gas producers listed production month may 2001 production purchased spot basis deal tickets created entered sitara based following information counterparty meter volume price apache corporation 0435 1409 mmbtu 100 hsc less 0 10 whiting petroleum corp 6523 113 mmbtu 85 hsc el paso merchant energy lp 5923 622 mmbtu 100 hsc less 0 26 el paso merchant energy lp 5848 203 mmbtu 85 hsc swift energy 2630 21 mmbtu 100 hsc less 1 38 duke energy trading marketing 6347 147 mmbtu 85 hsc hesco gathering oil co 6063 289 mmbtu 85 hsc embassy natural gas inc 6598 lmmbtu 85 hsc stone energy 9696 2745 mmbtu 100 hsc less 0 20 houston exploration 9696 3407 mmbtu 100 hsc less 0 20 amerada hess hess energy svcs 0435 1104 mmbtu 100 hsc less 0 14 crosstex energy services ltd 0435 656 mmbtu 100 hsc less 0 12 tri union development 0435 149 mmbtu 100 hsc less 0 055 ranger oil company 9871 200 mmbtu 85 hsc 300 producer svcs deals tracked im wellhead portfolio attached gathering contract additionally possible please confirm apache crosstex deals expect receive term firm contracts near future thanks vlt x 3 6353,0
spinnaker exploration company l l c n padre block 883 l offshore kleberg county texas contract 96047295 meter 098 9862 098 9848 platform bob currently total 16 817 mmbtu nominated purchases meter 098 9862 follows spinnaker exploration company l l c sit 379424 5 886 27 ranger oil company sit 533410 5 886 27 houston exploration company sit 535119 5 045 23 appears texas general land office transport volume properly included sitara may see deal 535132 shows 0 expectted volume texas glo historically transported 23 gas n padre block 883 l starts flowing incremental 10 000 mmbtu allocated deals mentioned based proportions shown george 713 571 9159 forwarded george weissman hou ect 05 02 2001 01 51 pm vance l taylor enron enronxgate 05 02 2001 01 51 pm george weissman hou ect ect cc subject fw npi 883 additional volume next week fyi thanks vlt original message sweeney christy sent wednesday may 02 2001 10 56 vance l taylor hou ect enron subject npi 883 additional volume next week forwarded christy sweeney hou ect 05 02 2001 10 52 billyoung 3 aol com 05 02 2001 10 16 43 christine marcus glo state tx us tjones spinexp com cc llipperdt houstonexp com patb cnrl com christy sweeney enron com subject npi 883 additional volume next week christine spinnaker expects gradually increase flow rate npi 883 10 mmcfd mmcfd commencing next week,0
f hpl nom eff may 1 2001 dickinson fyi bob forwarded robert cotten hou ect 04 30 2001 10 46 bob withers 04 30 2001 09 06 14 bob cotten e mail cc stretch brennan subject f hpl nom eff may 1 2001 dickinson estimated dickinson nomination month may 2001 hpl nomination volume effective 5 1 2001 600 mmbtu day kcs resources 8 8 ths _ _ _ _ _ 600 mmbtu day total assumed btu factor 1 083 14 65 dry need additional information kcs field contact stretch brennan victoria 512 576 1005 transaction kcs buy sell place hpl therefore production point nomination needs trigger mirrored nomination redelivery point currently riverside bob withers kcs energy inc 5555 san felipe suite 1200 houston tx 77056 voice 713 964 9434 fax 713 877 1394,0
f hpl nom eff may 1 2001 nomination may 1 available today nom rolled april 5 100 nomination 5 000 made retroactive may 1 bob forwarded robert cotten hou ect 05 01 2001 01 46 pm bob withers 05 01 2001 12 13 02 pm bob cotten e mail cc tom acton e mail knox westmoreland stretch brennan subject f hpl nom eff may 1 2001 estimated josey ranch nomination month may 2001 hpl nomination volume effective 5 1 2001 5 000 mmbtu day kcs resources 1 200 mmbtu day texaco 6 200 mmbtu day total assumed btu factor 1 078 14 65 dry need additional information kcs field contact stretch brennan victoria 512 576 1005 bob withers kcs energy inc 5555 san felipe suite 1200 houston tx 77056 voice 713 964 9434 fax 713 877 1394,0
may wellhead spot purchases request bob still concern april nom take zero could possibility allocations group adding volumes barrett april deal would incorrect vlt original message cotten robert sent thursday april 26 2001 9 27 taylor vance l cc weissman george daren j farmer hou ect enron graves melissa susan smith hou ect enron subject may wellhead spot purchases request vance based information nominations revised effective may 1 2001 counterparty meter orig nom rev nom barrett resources 0435 1 536 0 seneca resources 0435 3 073 4 609 total 4 609 4 609 bob vance l taylor enron enronxgate 04 25 2001 08 42 robert cotten hou ect ect cc george weissman hou ect ect susan smith enron enronxgate melissa graves enron enronxgate subject may wellhead spot purchases request bob hplc continues purchase gas ocean seneca term basis firm tickets submitted april origination beginning month april barrett selling gas joa seneca therefore 100 barrett production paid seneca consequently see tickets sitara counterparties let know vlt x 36353 original message cotten robert sent tuesday april 24 2001 6 20 pm taylor vance l cc weissman george subject may wellhead spot purchases request vance still purchasing gas meter 435 barrett resources ocean energy seneca resources george spreadsheet termed deals termed mariner st mary land walter oil gas meridian resource bob vance l taylor enron enronxgate 04 24 2001 04 25 pm robert cotten hou ect ect cc janie aguayo hou ect ect lisa hesse hou ect ect julie meyers hou ect ect cynthia hakemack hou ect ect donald p reinhardt enron enronxgate susan smith enron enronxgate melissa graves enron enronxgate george weissman hou ect ect subject may wellhead spot purchases request bob hplc purchasing wellhead gas producers listed production month may 2001 production purchased spot basis deal tickets created entered sitara based following information counterparty meter volume price apache corporation 0435 1409 mmbtu 100 hsc less 0 10 whiting petroleum corp 6523 113 mmbtu 85 hsc el paso merchant energy lp 5923 622 mmbtu 100 hsc less 0 26 el paso merchant energy lp 5848 203 mmbtu 85 hsc swift energy 2630 21 mmbtu 100 hsc less 1 38 duke energy trading marketing 6347 147 mmbtu 85 hsc hesco gathering oil co 6063 289 mmbtu 85 hsc embassy natural gas inc 6598 lmmbtu 85 hsc stone energy 9696 2745 mmbtu 100 hsc less 0 20 houston exploration 9696 3407 mmbtu 100 hsc less 0 20 amerada hess hess energy svcs 0435 1104 mmbtu 100 hsc less 0 14 crosstex energy services ltd 0435 656 mmbtu 100 hsc less 0 12 tri union development 0435 149 mmbtu 100 hsc less 0 055 ranger oil company 9871 200 mmbtu 85 hsc 300 producer svcs deals tracked im wellhead portfolio attached gathering contract additionally possible please confirm apache crosstex deals expect receive term firm contracts near future thanks vlt x 3 6353,0
conoco inc katy tailgate contract 96001985 sitara 334995 bob referenced contract dated 1 1 96 amended effective 4 1 2000 include evergreen provision thus please add may 2001 existing sitara deal 334995 current price 90 ifhsc volume 155 mmbtu please prepare circulate termination letter 96001985 george x 3 6992 forwarded george weissman hou ect 04 30 2001 02 11 pm john peyton 04 30 2001 01 08 pm george weissman hou ect ect cc subject conoco katy contract please send conoco mike luchetti two month month contracts april may volumes around 150 200 mmbtu day facility number 10077 exxon plant hpl katy gas purchased contract expired april 1 2001 contract 012 19785 113 thank john,0
spinnaker exploration company l l c n padre block 883 l offshore kleberg county texas contract 96047295 meter 098 9862 098 9848 platform thanks bob turns due operational issues additional 10 000 may come next week spinnaker problems dealing condensate associated gas may proper equipment place allow additional gas flow also handle additional condensate associated gas keep posted george 713 571 3159 enron north america corp robert cotten 05 02 2001 04 23 pm george weissman hou ect ect cc daren j farmer hou ect brian riley hou ect ect melissa graves hou ect mike morris corp enron enron gerald lofton hou ect ect subject spinnaker exploration company l l c n padre block 883 l offshore kleberg county texas contract 96047295 meter 098 9862 098 9848 platform george texas general land office transport volume pops may nominated 4 800 deal 535132 initially set wellhead purchase texas general land office transport volume 4 800 comprises approximately 22 total volume nominated meter bob enron north america corp george weissman 05 02 2001 02 38 pm robert cotten hou ect ect cc daren j farmer hou ect brian riley hou ect ect melissa graves hou ect mike morris corp enron enron gerald lofton hou ect ect subject spinnaker exploration company l l c n padre block 883 l offshore kleberg county texas contract 96047295 meter 098 9862 098 9848 platform bob currently total 16 817 mmbtu nominated purchases meter 098 9862 follows spinnaker exploration company l l c sit 379424 5 886 27 ranger oil company sit 533410 5 886 27 houston exploration company sit 535119 5 045 23 appears texas general land office transport volume properly included sitara may see deal 535132 shows 0 expectted volume texas glo historically transported 23 gas n padre block 883 l starts flowing incremental 10 000 mmbtu allocated deals mentioned based proportions shown george 713 571 9159 forwarded george weissman hou ect 05 02 2001 01 51 pm vance l taylor enron enronxgate 05 02 2001 01 51 pm george weissman hou ect ect cc subject fw npi 883 additional volume next week fyi thanks vlt original message sweeney christy sent wednesday may 02 2001 10 56 vance l taylor hou ect enron subject npi 883 additional volume next week forwarded christy sweeney hou ect 05 02 2001 10 52 billyoung 3 aol com 05 02 2001 10 16 43 christine marcus glo state tx us tjones spinexp com cc llipperdt houstonexp com patb cnrl com christy sweeney enron com subject npi 883 additional volume next week christine spinnaker expects gradually increase flow rate npi 883 10 mmcfd mmcfd commencing next week,0
gulf coast pipeline company dyersdale area harris co tx meters 4555 6677 9618 9889 daren fyi meter set yet bob forwarded robert cotten hou ect 05 03 2001 01 33 pm enron north america corp george weissman 05 03 2001 11 01 karl stewart hou ect ect cc robert cotten hou ect ect donna consemiu hou ect ect melissa graves hou ect cynthia hakemack hou ect ect subject gulf coast pipeline company dyersdale area harris co tx meters 4555 6677 9618 9889 karl please activate meter 098 9889 bob attach deal 752482 george 713 571 3159 forwarded george weissman hou ect 05 03 2001 10 54 enron north america corp george weissman 05 02 2001 04 32 pm robert cotten hou ect ect cc mike morris corp enron enron melissa graves hou ect cynthia hakemack hou ect ect subject gulf coast pipeline company dyersdale area harris co tx meters 4555 6677 9618 rate 9889 agreed parties may please make sure proper transport rate attached sitara deal follows meter 6677 sitara 166026 lynx energy company inc 0 20 march 0 65 april may meter 4555 sitara 139067 danex energy company 0 65 may meter 9618 sitara 138233 gulf coast pipeline company 0 65 may meter 9889 sitara 752482 p operating company 0 65 may 6 1 96 gas gathering agreement terminated effective 5 31 01 replaced agreement dated 6 1 01 gulf coast pipeline partners l p houston pipe line company george 713 571 3159 forwarded george weissman hou ect 05 02 2001 02 43 pm michael w morris 05 02 2001 02 14 pm george weissman hou ect ect cc subject transport rates gulf coast pipeline partners george informed incorrectley transport rates gulf coast march april may meter 6677 march rate 20 april rate 65 may rate 65 meter 4555 may rate 65 meter 9618 may rate 65 need amend current gulf coast contract reflect changes told tom cones would amendment first next week,0
marshall hpl meter 6296 volume increase effective may 19 2001 daren already change nomination bob forwarded robert cotten hou ect 05 21 2001 07 54 suzanne _ saldivar eogresources com 05 18 2001 10 14 51 michael w morris enron com rcotten enron com cc subject marshall hpl meter 6296 volume increase effective may 19 2001 increase sales nominations referenced meter 500 mmbtu effective may 21 learned el paso pg increases volume eog resources available sale please contact questions concerns thanks suzanne saldivar sr marketing administrator 713 651 6858,0
wellhead adjustments may 2001 daren please see attached file bob,0
gulf coast pipeline company dyersdale area harris co tx meters 4555 6677 9618 9889 george deal 752482 edited reflect hpl meter 9889 initially deal created location gulf coast pipeline company bob enron north america corp george weissman 05 03 2001 11 01 karl stewart hou ect ect cc robert cotten hou ect ect donna consemiu hou ect ect melissa graves hou ect cynthia hakemack hou ect ect subject gulf coast pipeline company dyersdale area harris co tx meters 4555 6677 9618 9889 karl please activate meter 098 9889 bob attach deal 752482 george 713 571 3159 forwarded george weissman hou ect 05 03 2001 10 54 enron north america corp george weissman 05 02 2001 04 32 pm robert cotten hou ect ect cc mike morris corp enron enron melissa graves hou ect cynthia hakemack hou ect ect subject gulf coast pipeline company dyersdale area harris co tx meters 4555 6677 9618 rate 9889 agreed parties may please make sure proper transport rate attached sitara deal follows meter 6677 sitara 166026 lynx energy company inc 0 20 march 0 65 april may meter 4555 sitara 139067 danex energy company 0 65 may meter 9618 sitara 138233 gulf coast pipeline company 0 65 may meter 9889 sitara 752482 p operating company 0 65 may 6 1 96 gas gathering agreement terminated effective 5 31 01 replaced agreement dated 6 1 01 gulf coast pipeline partners l p houston pipe line company george 713 571 3159 forwarded george weissman hou ect 05 02 2001 02 43 pm michael w morris 05 02 2001 02 14 pm george weissman hou ect ect cc subject transport rates gulf coast pipeline partners george informed incorrectley transport rates gulf coast march april may meter 6677 march rate 20 april rate 65 may rate 65 meter 4555 may rate 65 meter 9618 may rate 65 need amend current gulf coast contract reflect changes told tom cones would amendment first next week,0
suemar berryman well inlet gulf plains plant undernom see berryman well meter 989766 ticket 470753 flowing 25 500 dth day currently scheduled 20 046 may need bump thank mary,0
shoreline gas inc shoreline buhler central point meter 098 9860 bob shoreline requested hpl change current nomination meter 098 9860 2 473 mmbtu 4 150 mmbtu effective 5 12 2001 sitara deal 453067 george x 3159 forwarded george weissman hou ect 05 11 2001 04 06 pm donna consemiu 09 29 2000 01 27 pm molly l carriere hou ect ect clem cernosek hou ect ect gary hanks hou ect ect james mckay hou ect ect michael w morris hou ect ect jack simunek hou ect ect chris sonneborn hou ect ect david stadnick hou ect ect steve van hooser hou ect ect esther buckley hou ect ect donna consemiu hou ect ect nathan l hlavaty hou ect ect steve hpl schneider hou ect ect nagesh kavi hou ect ect melissa graves hou ect ect mary smith hou ect ect jackie young hou ect ect vance l taylor hou ect ect fred boas hou ect ect j r fosdick gco enron enron vicente sarmiento gco enron enron reid hansen gco enron enron cheryl jones gpgfin enron enron gary anderson gpgfin enron enron jackie morgan hou ect ect amelia alland hou ect ect george weissman hou ect ect susan smith hou ect ect donald p reinhardt hou ect ect pat clynes corp enron enron cheryl dudley hou ect ect shawna flynn hou ect ect audrey neil hou ect ect michael eiben hou ect ect anita luong hou ect ect jennifer pattison hou ect ect howard b camp hou ect ect robert cotten hou ect ect sabrae zajac hou ect ect earl tisdale hou ect ect cathy l harris hou ect ect cc subject revision new hpl meter hollimon central point meter 098 9860 revision name change name changed shoreline buhler central point match work order donna consemiu 09 29 2000 08 09 cc subject new hpl meter hollimon central point meter 098 9860 fyi houston pipe line meter set global facilities meter 098 9860 facility number 515228 name hollimon central point type producer connection system 550 victoria texas city junction mainline rate zone 23 tom conner trade zone 5 edna flow direction receipt drn 286538 lateral work order please call ext 3 3446 questions donna,0
wellhead adjustments may 2001 daren please see attached spreadsheet bob,0
revised wellhead adjustments may 2001 daren please see attached spreadsheet changes requested kcs meter 9658 stand alone purchase buy sell kcs meters 9797 3543 bob,0
wellhead adjustments may 2001 adjustments made volumes avg column attached spreadsheet effective 5 17 01 bob daren j farmer enron enronxgate 05 17 2001 11 00 robert cotten hou ect ect cc george f smith enron enronxgate subject wellhead adjustments may 2001 bob looking trends meters made adjustments highlighted blue please use changes enter deal changes sitara let know questions original message cotten robert sent thursday may 17 2001 10 38 daren j farmer hou ect enron subject wellhead adjustments may 2001 importance high daren please see attached file bob,0
may 2001 nomination attachment provides details amended total wellhead nomination may 2001 693 465 mmbtu changes nomination 695 059 mmbtu submitted 4 24 2001 noted red column k note still approximately 22 meters actual flow march appear facilitation location report may similarly still approximately 20 meters actual flow march appear facilitation location report may intend review cleanup issues submitting june nomination george 713 571 3159 forwarded george weissman hou ect 05 11 2001 07 32 enron north america corp george weissman 04 24 2001 12 06 pm robert cotten hou ect ect cc daren j farmer hou ect brian riley hou ect ect melissa graves hou ect subject may 2001 nomination attachment provides details total wellhead nomination may 2001 695 059 mmbtu george forwarded george weissman hou ect 04 24 2001 11 58 enron north america corp robert cotten 04 24 2001 10 12 george weissman hou ect ect cc vance l taylor hou ect daren j farmer hou ect melissa graves hou ect edward terry hou ect ect subject may 2001 nomination george following answers questions 1 2 nomination pay meter 9862 3 past purchase listed spreadsheet maintained risk group 4 4 24 01 comstock nomination 43 681 kerr mcgee 29 037 5 purchase listed spreadsheet maintained separately file daren best knowledge good wellhead purchase bob enron north america corp george weissman 04 24 2001 08 03 robert cotten hou ect ect cc vance l taylor hou ect daren j farmer hou ect melissa graves hou ect subject may 2001 nomination bob questions based information facilitation location report 1 meter 9643 hgpl hpl stratton tejones operating corporation sitara 266970 purchase meter 9638 freeman prod maxine field trade zone 18 2 presume counting meter 9848 north padre island blk 8 meter 9862 lehman spinnaker onshore gas 3 meter 3536 seahawk mat plt 520 eog resources sitara 725391 purchase properly wellhead book 4 meter 6884 pgtt junction 16 lease comstock oil gas inc kerr mcgee oil gas onshore l p sitara 125899 132975 comstock volume exceed kerr mcgee volume together two volumes approximately 73 000 currently comstock volume 8 600 kerr mcgee volume 25 000 look 38 000 short 5 meter 639 hannah nash coral energy resources l p sitara 659998 purchase properly wellhead book looking 10 old deals think may addition adding new deals flow may done noon george,0
wellhead volumes adjusted may 2001 wellhead volumes adjusted avg column attached spreadsheet effective 5 8 01 bob,0
cobra operating meter 9748 volume revised 0 5 000 deal 137205 effective 5 30 5 31 01 bob,0
marathon oil company meter 098 6599 nacogodoches co tx deal 705819 forwarded julie meyers hou ect 05 29 2001 04 52 pm enron north america corp george weissman 05 29 2001 03 44 pm julie meyers hou ect ect cc melissa graves hou ect brian riley hou ect ect mike morris corp enron enron tom acton corp enron enron bcc julie meyers hou ect subject marathon oil company meter 098 6599 nacogodoches co tx deal 705819 julie please change 705819 term deal add may hsc less 0 18 george forwarded george weissman hou ect 05 29 2001 03 36 pm vance l taylor enron enronxgate 05 11 2001 02 58 pm kimberlee bennick hou ect ect cc brian riley hou ect ect susan smith enron enronxgate donald p reinhardt enron enronxgate melissa graves enron enronxgate george weissman hou ect ect subject fw marathon agreement kim would please generate send lst purchaser gtc based following information deal maker brian riley counterparty marathon oil company contact ed jaroch contract type first purchaser gtc contract term april may june 2001 contract price april fixed price 5 06 may facility 59636 county nacodoches co tx please well listing need additional information let know thanks vlt original message riley brian sent monday april 16 2001 1 57 pm taylor vance l subject marathon agreement vance please make sure wells listed well bore dedication marathon christian 1 christian 2 christian f 1 charles christian 1 ffot 1 tatum 1 tatum 2 tatum 3 thanks br,0
june 2001 wellhead nomination attachment provides details final total wellhead nomination june 2001 727 856 mmbtu significance reduced north central nomination meter 6633 25 000 mmbtu 14 000 mmbtu also 727 856 mmbtu includes approximate incremental 10 000 mmbtu 22 121 mmbtu 31 591 mmbtu volume spinnaker meter 9862 yet flowing expected flow first month changes nomination submitted 5 24 2001 noted column f spreadsheet george forwarded george weissman hou ect 05 29 2001 02 13 pm enron north america corp george weissman 05 24 2001 11 27 robert cotten hou ect ect cc daren j farmer hou ect brian riley hou ect ect melissa graves hou ect edward gottlob hou ect ect subject june 2001 wellhead nomination attachment provides details total wellhead nomination june 2001 734 436 mmbtu george,0
june 2001 wellhead nomination attachment provides details total wellhead nomination june 2001 734 436 mmbtu george,0
fw filling vacancies adding head count new policy please email justification hiring replacements consider alternatives automatically hiring also carefully consider level need hire see additional hires require multiple sign offs require face face meeting proceeding let know questions tks bob original message hall bob sent thursday october 04 2001 3 04 pm reeves leslie superty robert gossett jeffrey c white stacey w wynne rita mcclure mark subject filling vacancies adding head count recent budgeting experience think need tighten procedures around filling vacancies adding head count filling vacancies would like review positions think need challenge managers conservative possible would like sign replacements promise difficult adding personnel current budgeted number besides commercial team sign addition think may approved coo americas louise planning meeting next week discuss detail keep loop new hires resulting business changes asset management deals service arrangements let know think thanks bob,0
tglo status cost centers 11814 27117 rolling texas gas trading original message coffey jr jim sent tuesday october 30 2001 10 05 parker megan boyt eric farmer daren j cc bryan gary pond jim helton susan east laynie roberts linda subject tglo status megan mentioned yesterday still looks like volumes gas delivered tx glo linda robert origination fee deducted need execute pma txglo deduct volumes next delievery also entry missing file capture cost gas gas delivered txglo captured unify manually entered gas accounting darren need execute seperate deal ticket origination deduct susan laynie busines unit cost centers rolling 11814 coffey jr jim subject tglo status eric reviewed gas deals franks spreadsheet agree sitara soon october gas numbers forward attached spreadsheet tglo deals booked gl help current settlement position divided debit credit entries sales booked debit hits customer account create open sale apply cash credit hits revenue account 40004000 third party 40005000 intercompany profit center summary sale dollars egm already sent email risk update demand fees prior months book aug sept crude wait go ahead frank final gl let know questions megan status sales egm cleared invoices 3 905 963 20 open invoices 1 177 587 60 booked 3 093 424 22 8 176 975 55,0
fw state county verification cant figure make original message sheeren ryan sent tuesday october 23 2001 10 23 olsen michael smith george f subject state county verification follow e mail sent earlier th month please advised discrepancies state county information meter listed attached spreadsheet please review spreadsheet provide state county information may listed meters scheduler pipe please forward appropriate scheduler please hesitate contact thank ryan sheeren enron net works global facilities ryan sheeren enron com 713 853 5817,0
monthly budget vs actual comparison reports texas daren attached texas monthly budget vs actual comparison reports june july august 2001 please contact questions thanks elizabeth elizabeth webb elizabeth webb enron com 713 345 1694,0
fw txu gas distribution wallumrod ellen subject txu gas distribution enbridge consumers gas rich ellen problems following two counterparties txu gas distribution enbridge consumers gas txu gas distribution unconsolidated division txu gas company deals booked txu gas distribution confirmed txu gas company understand case enbridge consumers gas valid entity point correct name deals confirmed booked consumers gas co ltd relatively recent deal booked need changed described sitara 1085609 txu 1086002 enbridge consumers gas please advise something need end get issue resolved thanks max sonnonstine x 58261,0
fw meter 98 7266 may 2001 texas general land fuel volume fyi original message majorwitz buddy sent tuesday october 23 2001 9 55 olsen michael cc wynne rita schumack sherlyn subject meter 98 7266 may 2001 texas general land fuel volume mike may recall meter needs set may 2001 april 2001 screen print april 2001 looks like previously attempted set meter believe let one contracts canceled expired inquired done learned contact global counterparties temporarily set contract back short period give us time run volumes system unfamiliar process global counterparty personnel contact hopefully something may past since call meter enter actual volumes contracts set appear may 2001 case need enter volume follows contract 012 41500 05 002 hpl injection 16 149 contract 012 88494 05 001 tx genl land withdrawal 16 149 advised volume needs entered end october possible therefore prompt attention matter would appreciated questions please hesitate give call buddy x 31933,0
killing ena ena deals sitara jay let assume impact even though better zero deals vm want go zero 2000 deals questions would like discuss minimal impact know impact reason little impact 2 deals zero volume associated decided time span talking production months year let determine impact would like meet guys get detail determine impact thanks original message jaquet tammy sent thursday december 13 2001 4 29 pm krishnaswamy jayant cc pena matt superty robert mcclure mark wynne rita pinion richard farmer daren j heal kevin kinsey lisa lamadrid victor smith george f sullivan patti subject killing ena ena deals sitara importance high jay deal killed poses problem us unify paths associated deal therefore request deals zeroed call problem also would appreciate details deals killed addition copied rita mark volume management input regards tammy x 35375 original message pena matt sent thursday december 13 2001 3 39 pm krishnaswamy jayant pinion richard jaquet tammy cc severson russ truong dat aybar luis felicia subject killing ena ena deals sitara thanks jay tammy richard may want let schedulers know although may already original message krishnaswamy jayant sent thursday december 13 2001 3 38 pm pinion richard jaquet tammy cc severson russ pena matt truong dat aybar luis felicia subject killing ena ena deals sitara richars tammy killing 2000 deals sitara tonight whenever deal touched sitara bridge unify desk 2 desk deals minimal impact,0
blue dolpin august september 2001 darren received another invoice september production blue dolphin responsible transportation fees september future production months also dehydration fees mei apply aep well currently august invoices paid ena upstream responsible let know forward invoices original message olsen michael sent friday october 05 2001 1 18 pm beale antoinette subject blue dolpin august 2001 activity blue dolphin got aep old hpl business original message beale antoinette sent friday october 05 2001 11 39 olsen michael cc chance lee ann subject blue dolpin august 2001 mike received invoice blue dolphin august 2001 nothing scheduled ena upstream august production let know thoughts matter thanks,0
ferc issues nopr intra day recalls released capacity ngi daily gas price index published october 17 2001 ferc issues nopr intra day recalls released capacity given inability natural gas standards setting organization resolve issue intra day recalls released transportation capacity ferc issued notice proposed rulemaking nopr would give releasing shippers flexibility nominate recalled capacity next scheduling opportunity provided interstate pipeline existing gas industry standards board gisb standards require shipper wants nominate recalled capacity notify transportation provider later 8 central clock time cct nomination day latest bars partial day recalls capacity ferc proposes allow shippers recall capacity nominate recalled capacity three intra day nomination opportunities enabling releasing shippers recall renominate capacity quickly greater incentive release capacity providing capacity purchasers alternative purchasing pipeline interruptible service time proposal provide replacement shippers whose capacity recalled advance notice protection bumping provided interruptible shippers commission regulations nopr said rm 96 1 019 existing gisb standards applying capacity release recalls adopted 1996 one nomination per day 11 30 cct single non standardized intra day nomination noted circumstances recall standards developed markedly changed number nomination opportunities expanded four nomination opportunities given lack consensus supporting gisb existing recall standards standards setting group failure settle issue commission forced resolve policy question regarding partial day recalls nopr said permitting partial day recalls released capacity commission concluded keeping overall regulatory changes enacted order 637 natural gas supply association ngsa represents major producers houston based dynegy let ferc know big fans partial day recalls could undermine system reliability contend shutting production increasing scheduling problems overruns penalties operational flow orders commission discounted arguments use partial day recalls create additional scheduling problems since recalls scheduled according existing scheduling requirements effect releasing shippers using partial day recalls creating another form interruptible transportation compete pipeline interruptible capacity shippers purchasing recallable capacity subject scheduling rules apply interruptible transportation partial day recalls likely result shut production interruptible transactions subject bumped current standards nopr noted,0
path manager rewrite matt cora mark tag team one lisa original message pena matt sent friday october 12 2001 5 31 pm jaquet tammy farmer daren j heal kevin kinsey lisa lamadrid victor smith george f sullivan patti cc superty robert pinion richard subject path manager rewrite regards path manager rewrite make changes let know timeframe yet let know ready give plenty warning original message jaquet tammy sent friday october 12 2001 5 28 pm farmer daren j heal kevin kinsey lisa lamadrid victor smith george f sullivan patti cc superty robert pinion richard pena matt subject path manager rewrite desk managers wanted follow staff meeting week item get representative desks designated tester addition richard please respond person name matt would helpful us know need resources manage workload regards tammy original message pena matt sent monday october 08 2001 4 26 pm pinion richard jaquet tammy superty robert pena matt cc warner john ripley brian souza romeo rao ramesh subject path manager rewrite optimization project importance high currently identifying processes inefficient could possibly benefit rewritten even performed going foward would like bob appoint lead business person could ask questions suggest ideas could turn validate information desk managers schedulers approach nomlogic clarissa work issues worked quite nicely ever choose would need 15 time later coordination efforts testing may go 75 see happening though,0
path manager rewrite desk managers wanted follow staff meeting week item get representative desks designated tester addition richard please respond person name matt would helpful us know need resources manage workload regards tammy original message pena matt sent monday october 08 2001 4 26 pm pinion richard jaquet tammy superty robert pena matt cc warner john ripley brian souza romeo rao ramesh subject path manager rewrite optimization project importance high currently identifying processes inefficient could possibly benefit rewritten even performed going foward would like bob appoint lead business person could ask questions suggest ideas could turn validate information desk managers schedulers approach nomlogic clarissa work issues worked quite nicely ever choose would need 15 time later coordination efforts testing may go 75 see happening though,0
fw hpl imbalance payback transport agreement hpl physical payback think best way would imbalance transfered agreement schedule payback directly us guess need work aep people talked kim lastraps guys follow let know decided thanks bob original message baumbach david sent monday october 15 2001 1 49 pm farmer daren j olsen michael cc hall bob subject fw hpl imbalance payback original message laallen aep com mailto laallen aep com sent monday october 15 2001 1 16 pm dbaumba enron com subject hpl imbalance payback sorry guessed wrong e mail forwarded lauri allen hol aepin 10 15 2001 12 15 pm brian hull enron com dave bombeck enron com cc rita wynne enron com subject hpl imbalance payback brian relates imbalance due enron pre june 2001 aep hpl negotiating enron behalf clear historical imbalances lobo wants pay gas back wednesday guys take transport hpl market fee course outright sell hpl taking receipt king ranch realize wednesday may short notice party determining date resolution problem getting guys hold need let know want proceed 832 668 1181 thanks forwarded lauri allen hol aepin 10 15 2001 12 04 pm laallen aep com smaki aep com susan braden exxonmobil com cc garza israel subject hpl imbalance payback confirmed agreed hpl laurie allen exxon susan braden allow lobo pipeline payback hpl thompsonville imbalance hpl king ranch imbalance date 6798 dkthm would like schedule gas day wednesday october 17 please respond email agree date send nomination tomorrow morning party agreed email sean could please forward daxa bhavsar regards robert j perez jr lobo pipeline company l p e transportation exchange etn 639 4685 mailto roberto j perez jr usa conoco com,0
fw hpl imbalance payback original message laallen aep com mailto laallen aep com sent monday october 15 2001 1 16 pm dbaumba enron com subject hpl imbalance payback sorry guessed wrong e mail forwarded lauri allen hol aepin 10 15 2001 12 15 pm brian hull enron com dave bombeck enron com cc rita wynne enron com subject hpl imbalance payback brian relates imbalance due enron pre june 2001 aep hpl negotiating enron behalf clear historical imbalances lobo wants pay gas back wednesday guys take transport hpl market fee course outright sell hpl taking receipt king ranch realize wednesday may short notice party determining date resolution problem getting guys hold need let know want proceed 832 668 1181 thanks forwarded lauri allen hol aepin 10 15 2001 12 04 pm laallen aep com smaki aep com susan braden exxonmobil com cc garza israel subject hpl imbalance payback confirmed agreed hpl laurie allen exxon susan braden allow lobo pipeline payback hpl thompsonville imbalance hpl king ranch imbalance date 6798 dkthm would like schedule gas day wednesday october 17 please respond email agree date send nomination tomorrow morning party agreed email sean could please forward daxa bhavsar regards robert j perez jr lobo pipeline company l p e transportation exchange etn 639 4685 mailto roberto j perez jr usa conoco com,0
oasis sept 01 production mike missing following meters contract meter receipt delivery volume 028 27099 02 002 1265 delivery 10 000 028 27099 02 002 2187 delivery 60 028 27099 02 002 6301 receipt 18 963 questions give call need copy statement let know thanks stephen r swisher specialist energy operations enron net works llc phone 713 345 3042 fax 713 345 7701 email stephen swisher enron com,0
killing ena ena deals sitara jay deal killed poses problem us unify paths associated deal therefore request deals zeroed call problem also would appreciate details deals killed addition copied rita mark volume management input regards tammy x 35375 original message pena matt sent thursday december 13 2001 3 39 pm krishnaswamy jayant pinion richard jaquet tammy cc severson russ truong dat aybar luis felicia subject killing ena ena deals sitara thanks jay tammy richard may want let schedulers know although may already original message krishnaswamy jayant sent thursday december 13 2001 3 38 pm pinion richard jaquet tammy cc severson russ pena matt truong dat aybar luis felicia subject killing ena ena deals sitara richars tammy killing 2000 deals sitara tonight whenever deal touched sitara bridge unify desk 2 desk deals minimal impact,0
logistics powerpoint presentation hi friendly reminder need information gas logistics powerpoint presentation tomorrow friday october 12 th thanks time assistance please call questions thanks elizabeth x 51694 presentation located logistics management presentations gas logistics powerpointl ppt original message webb elizabeth sent thursday october 04 2001 2 56 pm lamadrid victor kinsey lisa sullivan patti jaquet tammy greif donna smith george f olinger kimberly farmer daren j calcagno suzanne williams jason trading cc superty robert newton lisbet garcia clarissa schrab mark l subject logistics powerpoint presentation hi per discussion today staff meeting would like review attached presentation put general information particular desk cost center respective slides one slide desk cost center called desk cost center x information another called asset management deals applicable please return attached presentation additions changes friday october 12 th please call questions concerns also please feel free utilize resource powerpoint presentations data gathering may need done thanks elizabeth presentation located logistics management gas logistics powerpointl elizabeth webb elizabeth webb enron com 713 345 1694,0
bosses day hey kids pool resources get el jefe something nice like last year mention names donna individuals within team want include rest us reindeer games bosses day suggestions round golf gift certificate nominate suzanne collect money objections thanks,0
path manager rewrite optimization project since lisa used fuchsia use lavender 1 would eliminate processing addition delete hide access old paths used gas production lets say year would help performance would also force schedulers path think way pathing transactions rely old paths may longer accurate seen old bad zero paths used accidentally 2 scheduling position window weakest link goodbye 3 contract reference know used alot supply market list nomlogic also slated use contract reference fields comments need inventory list probably much supply market list still believe necessary pools imbalance accounts 4 use functionality alot cgas tenn trco sab path one many many one chunks seem go faster one path time 5 brokered paths could really slammed need extra processing occurs service contracts thanks original message sullivan patti sent friday october 12 2001 9 50 pena matt cc warner john ripley brian souza romeo rao ramesh lamadrid victor sullivan mary staab theresa farmer daren j jaquet tammy superty robert bussell l kathryn kinsey lisa heal kevin pinion richard subject path manager rewrite optimization project also agree richard lisa original message heal kevin sent friday october 12 2001 9 28 kinsey lisa pinion richard pena matt cc warner john ripley brian souza romeo rao ramesh lamadrid victor sullivan mary sullivan patti staab theresa farmer daren j jaquet tammy superty robert bussell l kathryn subject path manager rewrite optimization project agree richard lisa especially important keep 4 lot many one one many pathing especially nova original message kinsey lisa sent wednesday october 10 2001 3 56 pm pinion richard pena matt cc warner john ripley brian souza romeo rao ramesh lamadrid victor sullivan mary sullivan patti heal kevin staab theresa farmer daren j jaquet tammy superty robert bussell l kathryn subject path manager rewrite optimization project comments fuschia lisa original message pinion richard sent wednesday october 10 2001 2 35 pm pena matt cc warner john ripley brian souza romeo rao ramesh kinsey lisa lamadrid victor sullivan mary sullivan patti heal kevin staab theresa farmer daren j jaquet tammy superty robert bussell l kathryn subject path manager rewrite optimization project following comments managers cc might additional thoughts original message pena matt sent monday october 08 2001 4 26 pm pinion richard jaquet tammy superty robert pena matt cc warner john ripley brian souza romeo rao ramesh subject path manager rewrite optimization project importance high currently identifying processes inefficient could possibly benefit rewritten even performed going foward would like bob appoint lead business person could ask questions suggest ideas could turn validate information desk managers schedulers approach nomlogic clarissa work issues worked quite nicely ever choose would need 15 time later coordination efforts testing may go 75 see happening though sooner get someone devote better expect changes looking improve performance quite bit said identified three items would speed processing retrieval path manager 1 currently path manager attempts reuse path ids think reason need perform extra step runs processing application generally find match know patti mentioned several times think valid reason performing work talked dave nommensen according used happen sometimes schedulers would get duplicate paths put code place scheduling perspective understanding main concern maintain position able change overpathed see path manager either way pinion richard restate question clarity path manager scheduler pulls supply market service adds downstream contract information duns drn override saves unify looks old path exact variables finds uses find exact match creates new path path id told away function would create unacceptably high amount paths since path nominated could deleted changed one time schedulers looked path activity number match nominations texas eastern pipeline needed old activity numbers matter long since used spoke chris ordway new link system longer needs occur transco uses activity numbers uses activity number cross reference table function therefore affected therefore create space memory problem unify think constant old path look needed kinsey lisa get rid 2 scheduling position window anyone use remove code logic populates window never seen scheduler use please verify pinion richard originally window use everyone legacy system autonoms duplicated unify request used unify sophisticated tools unify provides obviate use value would notification bridge errors contract imbalances ways determine problems voted previous meeting managers lose kinsey lisa still 3 inventory pool list anyone need see contarct references list code called every retrieval time appear used observations need information could provide prefer remove functionality pinion richard function still much use point based pipelines must use imbalance pool facilitate balancing nomination volumes multiple pipeline external pools exist pathed contract imbalance pool keep kinsey lisa yes use functionality lot pathing pools 4 pathing one many many one set paths average number paths create one time updates know anr nigas big users feature since small packages gas limited size system seem faster update one record time chunks records real question often number paths updates inserts update mean going path list changing upstream downstream contract psna turn forces new path created pinion richard one many many one pathing goes every day every pipeline average typically update path downstream meters duns dnb numbers one time however hope answers question see change process time kinsey lisa pipes function used others used try many paths possible time see need change process 5 brokered paths want utilize logic service words updating brokered arrangements incorporate logic zeroing path recreating new arrangment link hence sending renominated service renominate assume since send brokered paths pipe anyway nomlogic implmentation two way interface planning behave way service need verified pinion richard perform logic brokered paths nominated pipeline hence need zero path resent pipeline significant change made already nominated path see need change way brokered paths behaving time kinsey lisa agree richard,0
list critical notices future fundy page blue highlighted pipes critical ones east original message kinsey lisa sent thursday october 11 2001 12 56 pm lamadrid victor sullivan patti cc nguyen thinh subject fw list critical notices victor patti attached critical noncritical notices websites review fundys group highlighted priority pipes red guys done please forward back thinh lisa original message nguyen thinh sent tuesday october 09 2001 4 04 pm kinsey lisa cc dronet david subject list critical notices hi lisa attahed excel file critical notices pipeline please go prioritize list pipeline name send back thanks thinh,0
txu may 01 mike following outstanding issue txu may 01 contract 1856 path needed delivery 17054701 19087 mmbtus receipt point 175054701 thanks,0
txu may 01 deal transported contract 1856 15 000 sold el paso merchant directly point 15 000 day 30 th 31 st let know need anything mike original message beale antoinette sent wednesday october 03 2001 12 48 pm olsen michael cc parker megan farmer daren j subject txu may 01 mike following outstanding issue txu may 01 contract 1856 path needed delivery 17054701 19087 mmbtus receipt point 175054701 thanks,0
texas market analysis team asked troy denetsosie responsible compiling updating detailed supply market infrastructure analysis texas information support origination trading activities use lot format website developed regions spcifically troy offload lot analysis work jd currently market side work closely bryan hull support immediate needs traders deliverables troy 1 texas section gas fundamentals webpage modeled central region 2 daily report gas flows deals basis positons etc 3 detailed infrastructure analysis maps flows etc support development supply market hub positions please give support regards brian original message bryan gary sent friday september 21 2001 10 42 redmond brian subject fw crm database know much jd mark time date geared around finding companies customers phone numbers past business may done customers started move forward starting point short weeks addressed uncovered started road hope profitable 2001 2002 crm database great tool follow appears originators would log calls meetings business gets discussed customer would great tool group starting ground zero still appears developmental issues around program meantime using number spreadsheets keep business crm database approved delayed decided populate act 2000 database currently supported enron user friendly crm would cost act 2000 relatively free questions please let know original message buss jd sent friday september 21 2001 9 14 bryan gary knippa mark redmond brian subject crm database thursday past week went meeting regarding crm database designed siebel purpose handling customer information crm database implemented trading origination groups within enron provides following capabilities 1 account contact management 2 activity tracking planning 3 potential deal management 4 outlook synchronization 5 remote connectivity synchronization 6 e mail siebel records activity current enron groups use system enron industrial markets implemented may 2001 freight markets implemented august 2001 following list groups utilizing system industrial mkts freight mkts users 175 45 counterparties 8 200 20 000 contacts 14 000 20 000 activities 1 200 900 quotes 150 opportunities 361 11 following groups also inquired system implemented eol global mkts ees transportation east power orig insolvent debt basic costs timeline system 120 150 000 20 30 users 5 week timeline implementation basic implementation may include functionality shown e remote connectivity reason written show possible system could used gas floor origination trading groups manage contact information share data among groups cost implement origination groups appear prohibitive could implemented good time frame issues coordination among groups desire share information let know think viable possibility would best way approach origination groups colin tonks database system guy within fundamentals group also meeting thinks would work great would individual coordinating efforts natural gas system side thanks jd,0
september cellular following expense report ready approval employee name michael olsen status last changed automated administrator expense report name september cellular report total 213 12 amount due employee 213 12 approve expense report click following link concur expense http expensexms enron com,0
proposed rule extends marketing affiliate regulations affiliates ngi daily gas price index breaking news posted sep 26 4 16 pm proposed rule extends marketing affiliate regulations affiliates federal energy regulatory commissioners wednesday agreed issue notice proposed rulemaking broadening application standards conduct transmission providers including natural gas pipelines power lines require separation regulated monopolies company affiliate previously rules simply required creation firewall including separate operations separate locations staffed separate personnel gas pipelines marketing affiliates proposed rule would wall gas electric transmission operations affiliate gas electric including financial affiliates commission presented two options regarding application proposed rule electric transmission affiliates still many cases bundled operations one option would enforce complete separation second would exempted employees deal sales purchases bundled retail native load staff commissioners wood william massey nora brownell appeared favor walling affiliated personnel would privy market information transmission operations non affiliated competitors access commissioner linda breathitt however argued exempting personnel dealing solely retail native load breathitt said supported eventual separation entities concerned timing see compelling reason time complaints evidence said thought state commissions might consider move infringement jurisdiction agree concept philosophically think opportunities later little bridge building state commissions wood said understood political issue respect federal state relations think opportunity discrimination ought eliminated staff pointed problems transmission reliability small utilities problems waivers could granted staff questioned commissioners much information available affiliate personnel affiliate employee dealing solely retail native load go control room get information want one staffer responded wood proposed commissioners ratified proposed rule exceptions makes clear final rule commission may reverse field determine separation employees dealing sales native load required commenting parties provide cost benefit analysis sides question state commissions also invited comment wood suggested commission extend separation sales employees make clear hear people really want separation going,0
revised month end close schedule discussions bryce rita attached revised schedule please forward left mail list,0
vastar resources inc gary production high island larger block 1 2 commenced saturday 2 00 p 6 500 gross carlos expects 9 500 10 000 gross tomorrow vastar owns 68 gross production george x 3 6992 forwarded george weissman hou ect 12 13 99 10 16 daren j farmer 12 10 99 10 38 carlos j rodriguez hou ect ect cc george weissman hou ect ect melissa graves hou ect ect subject vastar resources inc carlos please call linda get everything set going estimate 4 500 coming tomorrow 2 000 increase following day based conversations bill fischer bmar forwarded daren j farmer hou ect 12 10 99 10 34 enron north america corp george weissman 12 10 99 10 00 daren j farmer hou ect ect cc gary bryan hou ect ect melissa graves hou ect ect subject vastar resources inc darren attached appears nomination vastar resources inc high island larger block 1 2 previously erroneously referred 1 well vastar expects well commence production sometime tomorrow told linda harris get telephone number gas control provide notification turn tomorrow linda numbers record 281 584 3359 voice 713 312 1689 fax would please see someone contacts linda advises submit future nominations via e mail fax voice thanks george x 3 6992 forwarded george weissman hou ect 12 10 99 09 44 linda harris 12 10 99 09 38 43 george weissman hou ect ect cc subject hi 1 2 effective 12 11 99 mscf min ftp time 4 500 9 925 24 hours 6 000 9 908 24 hours 8 000 9 878 24 hours 10 000 9 840 24 hours 12 000 9 793 24 hours 14 000 9 738 24 hours 16 000 9 674 24 hours 18 000 9 602 24 hours 20 000 9 521 24 hours 22 000 9 431 24 hours 24 000 9 332 24 hours 26 000 9 224 24 hours 28 000 9 108 24 hours 30 000 8 982 24 hours 32 000 8 847 24 hours 34 000 8 703 24 hours 36 000 8 549 24 hours,0
issue fyi see note already done stella forwarded stella l morris hou ect 12 14 99 10 18 sherlyn schumack 12 14 99 10 06 stella l morris hou ect ect cc howard b camp hou ect ect subject issue stella already taken care yesterday thanks howard b camp 12 14 99 09 10 stella l morris hou ect ect cc sherlyn schumack hou ect ect howard b camp hou ect ect stacey neuweiler hou ect ect daren j farmer hou ect ect subject issue stella work stacey daren resolve hc forwarded howard b camp hou ect 12 14 99 09 08 sherlyn schumack 12 13 99 01 14 pm howard b camp hou ect ect cc subject issue create accounting arrangement purchase unocal energy meter 986782 deal tracked 5 99 volume deal 114427 expired 4 99,0
black marlin taken care let know need anythign original message schumack sherlyn sent friday september 14 2001 1 20 pm olsen michael cc farmer daren j subject fw black marlin chance look yet original message schumack sherlyn sent friday september 07 2001 4 41 pm olsen michael cc farmer daren j subject black marlin mike show pathed deal 951474 8 23 01 production months january february 2001 deal expired 12 31 00 late pathing caused bridgeback error january february 2001,0
mcmullen gas 11 99 jackie since inlet 3 river plant shut 10 19 99 last day flow meter mcmullen gas diverted meter hpl buying residue gas gas teco vastar vintage tejones swift still see active deals meter 3405 path manager teco vastar vintage tejones swift also see gas scheduled pops meter 3404 3405 please advice need resolve soon possible settlement send payments thanks,0
meter 1517 jan 1999 george need following done jan 13 zero 012 27049 02 001 receipt package id 2666 allocate flow 149 012 64610 02 055 deliv package id 392 jan 26 zero 012 27049 02 001 receipt package id 3011 zero 012 64610 02 055 deliv package id 392 buybacks incorrectly nominated transport contracts ect 201 receipt let know done hc,0
calpine daily gas nomination calpine daily gas nomination 1 doc,0
meter 7268 nov allocation fyi forwarded lauri allen hou ect 12 14 99 12 17 pm kimberly vaughn 12 10 99 02 54 pm lauri allen hou ect ect cc mary smith hou ect ect subject meter 7268 nov allocation lauri put strangas gas get contract daren forwarded kimberly vaughn hou ect 12 10 99 01 52 pm lauri allen 12 09 99 01 20 pm kimberly vaughn hou ect ect anita luong hou ect ect cc howard b camp hou ect ect mary smith hou ect ect subject meter 7268 nov allocation kim anita volume 7247 mm shows allocated reliant 201 contract november nomination reliant point november therefore volume allocated contract please make sure volumes moved reliant contract prior november close thanks,0
king ranch two fields gas difficulty unify system 1 cage ranch since processing agreement accomodates gas king ranch understanding hpl selling liquids king ranch delivering stratton also understanding 05 cent fee deliver gas need method accomodate volume flow hpl meter 415 9643 gas reflected trans usage ticket 123395 95394 since nominated processing agreement either need input point nom hpl krgp meters match nom meter 9610 deal purchase sale king ranch taking title gas needs input sitara meters appropriate rate currently input point nom krgp accomodate flow divert gas current interstate sales made 2 forest oil processing agreement accomodate flow meter 6396 king ranch understanding agreement originally setup texaco processing agreement need confirmation gas meter nominated contract 96006681 agreement reassigned hplc currently still hplr gas nominated transport agreement need accomodate flow volume hpl pipe either point nom sitara deal meters 415 9643,0
2 nd rev dec 1999 josey ranch nom forwarded susan trevino hou ect 12 15 99 08 41 bob withers 12 15 99 08 28 08 susan trevino hou ect ect cc stretch brennan kevin mclarney taylor vance e mail subject 2 nd rev dec 1999 josey ranch nom revised december 1999 effective 12 15 99 setup josey using 1 081 btu mcf gas deliveries hpl 9 300 mmbtu kri net reduction 3 000 mmbtu 9 300 mmbtu hpl bob withers kcs energy 5555 san felipe suite 1200 houston tx 77056 voice mail page 713 964 9434,0
duns number changes fyi forwarded gary l payne hou ect 12 14 99 02 35 pm antoine v pierre 12 14 99 02 34 pm tommy j yanowski hou ect ect kathryn bussell hou ect ect gary l payne hou ect ect diane e niestrath hou ect ect romeo souza hou ect ect michael eiben hou ect ect clem cernosek hou ect ect scotty gilbert hou ect ect dave nommensen hou ect ect david rohan hou ect ect kevin heal cal ect ect richard pinion hou ect ect cc mary g gosnell hou ect ect jason moore hou ect ect samuel schott hou ect ect bernice rodriguez hou ect ect subject duns number changes making changes 11 00 wednesday december 15 agree problem dnb number change please notify otherwise make change scheduled dunns number change counterparty cp id number cinergy resources inc 62163 869279893 928976257 energy dynamics management inc 69545 825854664 088889774 south jersey resources group llc 52109 789118270 036474336 transalta energy marketing us inc 62413 252050406 255326837 philadelphia gas works 33282 148415904 146907159 thanks rennie 3 7578,0
unify close schedule following close schedule coming month year end please keep mind following key times unify sitara bridge back 1 45 p thursday dec 30 th errors must clear time mass draft 6 p thursday evening dec 30 th accrual process begins friday morning dec 31 st 6 30 group impacts accrual please ensure necessary people available support needed enron holiday please feel free contact questions thank melissa x 35615,0
meter 1431 nov 1999 aimee sitara deal 92943 meter 1431 expired oct 31 1999 settlements unable draft invoice deal deal either needs extended new deal needs set please let know resolved need resolved friday dec 17 hc,0
lst rev dec 1999 josey ranch nom fyi forwarded susan trevino hou ect 12 15 99 08 40 bob withers 12 14 99 05 11 06 pm susan trevino hou ect ect cc stretch brennan kevin mclarney taylor vance e mail subject lst rev dec 1999 josey ranch nom susan discussed change missed discussed last week apologize omission checking field personnel anticipate reduction due well production decreases effective 12 15 send separate email intra day change wednesday revised december 1999 effective 12 9 99 setup josey using 1 081 btu mcf gas deliveries hpl 12 300 mmbtu kri net reduction 1 000 mmbtu 12 300 mmbtu hpl bob withers kcs energy 5555 san felipe suite 1200 houston tx 77056 voice mail page 713 964 9434,0
fw black marlin chance look yet original message schumack sherlyn sent friday september 07 2001 4 41 pm olsen michael cc farmer daren j subject black marlin mike show pathed deal 951474 8 23 01 production months january february 2001 deal expired 12 31 00 late pathing caused bridgeback error january february 2001,0
ua 4 meter 8608 6 98 deal 96731 daren deal 96731 cpr 6 98 oss please enter deal sale contract 078 15631 102 17 462 mmbtu thanks stella,0
purge old contract _ event _ status fyi think forwarded brenda f herod hou ect 12 20 99 08 19 dave nommensen 12 17 99 05 29 pm scotty gilbert hou ect ect cc george smith hou ect ect edward terry hou ect ect katherine l kelly hou ect ect bryce baxter hou ect ect randall l gay hou ect ect brenda f herod hou ect ect richard pinion hou ect ect subject purge old contract _ event _ status clarify relative age production date age event n george smith edward terry hou ect ect katherine l kelly hou ect ect bryce baxter hou ect ect randall l gay hou ect ect brenda f herod hou ect ect cc richard pinion hou ect ect dave nommensen hou ect ect subject purge old contract _ event _ status see problem limiting current month current month 1 need know soon scotty dave nommensen 12 17 99 03 25 pm scotty gilbert hou ect ect richard pinion hou ect ect cc trisha luong hou ect ect benedicta tung hou ect ect diane e niestrath hou ect ect dave mcmullan hou ect ect subject purge old contract _ event _ status scotty richard dbas would like see reduce qty rows contract _ event _ status 1 gig data table would like suggest nightly weekly monthly process delete row last _ mod _ date month two old someone balances february 1999 month keep around month two one else desire keep data shorter longer period time audit table log every nom track balance edi send fax send sched qty quick response since beginning time n,0
ua 4 meter 1441 11 97 falfurrias daren need help resolving issue deal oss reference meter could find anything cpr contract shows 089 41500 102 representing sale amount 9448 thanks stella,0
meter 1431 nov 1999 daren could please resolve issue howard office next two days done please let george know thanks aimee forwarded aimee lannou hou ect 12 15 99 01 27 pm howard b camp 12 15 99 01 01 pm aimee lannou hou ect ect cc daren j farmer hou ect ect stacey neuweiler hou ect ect mary smith hou ect ect subject meter 1431 nov 1999 aimee sitara deal 92943 meter 1431 expired oct 31 1999 settlements unable draft invoice deal deal either needs extended new deal needs set please let know resolved need resolved friday dec 17 hc,0
